$MeshFormat
2.2 0 8
$EndMeshFormat
$Nodes
3828
1 0 0 0
2 0.02 0 0
3 0.02 0.01 0
4 0 0.01 0
5 0.0002499999999995277 0 0
6 0.0004999999999990619 0 0
7 0.0007499999999985453 0 0
8 0.0009999999999980118 0 0
9 0.001249999999997525 0 0
10 0.001499999999997144 0 0
11 0.001749999999996797 0 0
12 0.00199999999999639 0 0
13 0.002249999999996043 0 0
14 0.002499999999995619 0 0
15 0.002749999999994823 0 0
16 0.00299999999999406 0 0
17 0.003249999999993383 0 0
18 0.003499999999992672 0 0
19 0.003749999999991977 0 0
20 0.003999999999991045 0 0
21 0.004249999999990164 0 0
22 0.004499999999989554 0 0
23 0.004749999999988944 0 0
24 0.004999999999988165 0 0
25 0.005249999999987386 0 0
26 0.005499999999986776 0 0
27 0.005749999999986165 0 0
28 0.005999999999985251 0 0
29 0.006249999999984268 0 0
30 0.006499999999983659 0 0
31 0.006749999999983048 0 0
32 0.006999999999982302 0 0
33 0.007249999999981489 0 0
34 0.00749999999998088 0 0
35 0.007749999999980269 0 0
36 0.007999999999979423 0 0
37 0.008249999999978271 0 0
38 0.008499999999977116 0 0
39 0.008749999999976303 0 0
40 0.008999999999976235 0 0
41 0.009249999999976168 0 0
42 0.00949999999997583 0 0
43 0.009749999999974744 0 0
44 0.009999999999973931 0 0
45 0.01024999999997461 0 0
46 0.01049999999997562 0 0
47 0.01074999999997637 0 0
48 0.01099999999997637 0 0
49 0.0112499999999763 0 0
50 0.01149999999997698 0 0
51 0.011749999999978 0 0
52 0.01199999999997901 0 0
53 0.01224999999998003 0 0
54 0.01249999999998104 0 0
55 0.01274999999998186 0 0
56 0.01299999999998192 0 0
57 0.01324999999998185 0 0
58 0.0134999999999824 0 0
59 0.01374999999998341 0 0
60 0.01399999999998443 0 0
61 0.01424999999998544 0 0
62 0.01449999999998646 0 0
63 0.01474999999998687 0 0
64 0.0149999999999868 0 0
65 0.01524999999998673 0 0
66 0.01549999999998714 0 0
67 0.01574999999998816 0 0
68 0.01599999999998917 0 0
69 0.01624999999999019 0 0
70 0.0164999999999912 0 0
71 0.01674999999999222 0 0
72 0.01699999999999323 0 0
73 0.01724999999999425 0 0
74 0.01749999999999527 0 0
75 0.01774999999999587 0 0
76 0.01799999999999499 0 0
77 0.01824999999999384 0 0
78 0.01849999999999391 0 0
79 0.01874999999999492 0 0
80 0.01899999999999594 0 0
81 0.01924999999999695 0 0
82 0.01949999999999797 0 0
83 0.01974999999999899 0 0
84 0.02 0.0002499999999995309 0
85 0.02 0.0004999999999990059 0
86 0.02 0.0007499999999985718 0
87 0.02 0.000999999999998195 0
88 0.02 0.00124999999999781 0
89 0.02 0.00149999999999703 0
90 0.02 0.001749999999996336 0
91 0.02 0.001999999999995523 0
92 0.02 0.002249999999994777 0
93 0.02 0.002499999999994082 0
94 0.02 0.002749999999993388 0
95 0.02 0.002999999999992625 0
96 0.02 0.003249999999991829 0
97 0.02 0.003499999999991151 0
98 0.02 0.00374999999999044 0
99 0.02 0.003999999999989711 0
100 0.02 0.004249999999988558 0
101 0.02 0.004499999999988118 0
102 0.02 0.004749999999987915 0
103 0.02 0.004999999999986965 0
104 0.02 0.005249999999987812 0
105 0.02 0.005499999999988185 0
106 0.02 0.00574999999998849 0
107 0.02 0.005999999999989505 0
108 0.02 0.006249999999990521 0
109 0.02 0.006499999999990961 0
110 0.02 0.006749999999991199 0
111 0.02 0.006999999999992215 0
112 0.02 0.007249999999993229 0
113 0.02 0.007499999999993399 0
114 0.02 0.007749999999993568 0
115 0.02 0.007999999999994584 0
116 0.02 0.008249999999995601 0
117 0.02 0.008499999999996616 0
118 0.02 0.008749999999997633 0
119 0.02 0.008999999999997496 0
120 0.02 0.009249999999996953 0
121 0.02 0.009499999999997968 0
122 0.02 0.009749999999998983 0
123 0.01974999999999898 0.01 0
124 0.01949999999999808 0.01 0
125 0.01924999999999868 0.01 0
126 0.01899999999999983 0.01 0
127 0.01875000000000097 0.01 0
128 0.01850000000000212 0.01 0
129 0.01825000000000326 0.01 0
130 0.0180000000000044 0.01 0
131 0.01775000000000555 0.01 0
132 0.01750000000000669 0.01 0
133 0.01725000000000783 0.01 0
134 0.01700000000000897 0.01 0
135 0.01675000000001012 0.01 0
136 0.01650000000001031 0.01 0
137 0.01625000000001037 0.01 0
138 0.01600000000001043 0.01 0
139 0.01575000000001049 0.01 0
140 0.01550000000001028 0.01 0
141 0.01525000000001027 0.01 0
142 0.01500000000001066 0.01 0
143 0.01475000000001181 0.01 0
144 0.01450000000001295 0.01 0
145 0.0142500000000141 0.01 0
146 0.01400000000001524 0.01 0
147 0.01375000000001638 0.01 0
148 0.01350000000001752 0.01 0
149 0.01325000000001867 0.01 0
150 0.01300000000001981 0.01 0
151 0.01275000000002034 0.01 0
152 0.0125000000000204 0.01 0
153 0.01225000000002046 0.01 0
154 0.01200000000002099 0.01 0
155 0.01175000000002214 0.01 0
156 0.01150000000002328 0.01 0
157 0.01125000000002409 0.01 0
158 0.01100000000002414 0.01 0
159 0.01075000000002421 0.01 0
160 0.01050000000002453 0.01 0
161 0.01025000000002561 0.01 0
162 0.01000000000002642 0.01 0
163 0.009750000000025729 0.01 0
164 0.009500000000024704 0.01 0
165 0.009250000000023953 0.01 0
166 0.009000000000023942 0.01 0
167 0.008750000000024001 0.01 0
168 0.008500000000023314 0.01 0
169 0.008250000000022292 0.01 0
170 0.008000000000021266 0.01 0
171 0.007750000000020242 0.01 0
172 0.007500000000019219 0.01 0
173 0.007250000000018395 0.01 0
174 0.007000000000018318 0.01 0
175 0.006750000000018378 0.01 0
176 0.006500000000017827 0.01 0
177 0.006250000000016803 0.01 0
178 0.006000000000015779 0.01 0
179 0.005750000000014754 0.01 0
180 0.00550000000001373 0.01 0
181 0.005250000000013315 0.01 0
182 0.005000000000013372 0.01 0
183 0.004750000000013433 0.01 0
184 0.004500000000013016 0.01 0
185 0.004250000000011991 0.01 0
186 0.004000000000010967 0.01 0
187 0.003750000000009943 0.01 0
188 0.00350000000000892 0.01 0
189 0.003250000000007899 0.01 0
190 0.003000000000006872 0.01 0
191 0.002750000000005845 0.01 0
192 0.002500000000004825 0.01 0
193 0.002250000000004207 0.01 0
194 0.002000000000005078 0.01 0
195 0.001750000000006219 0.01 0
196 0.001500000000006146 0.01 0
197 0.001250000000005122 0.01 0
198 0.001000000000004098 0.01 0
199 0.0007500000000030711 0.01 0
200 0.0005000000000020474 0.01 0
201 0.0002500000000010237 0.01 0
202 0 0.009749999999999042 0
203 0 0.009499999999999915 0
204 0 0.009250000000001058 0
205 0 0.009000000000002201 0
206 0 0.008750000000003344 0
207 0 0.008500000000004487 0
208 0 0.008250000000005156 0
209 0 0.008000000000005215 0
210 0 0.007750000000005138 0
211 0 0.007500000000005332 0
212 0 0.007250000000006475 0
213 0 0.007000000000007618 0
214 0 0.006750000000008761 0
215 0 0.006500000000009904 0
216 0 0.006250000000010201 0
217 0 0.006000000000010497 0
218 0 0.005750000000011641 0
219 0 0.005500000000012072 0
220 0 0.005250000000012267 0
221 0 0.005000000000013208 0
222 0 0.004750000000012352 0
223 0 0.004500000000011971 0
224 0 0.004250000000011657 0
225 0 0.004000000000010633 0
226 0 0.003750000000009609 0
227 0 0.003500000000009159 0
228 0 0.003250000000008913 0
229 0 0.00300000000000789 0
230 0 0.002750000000006865 0
231 0 0.002500000000006686 0
232 0 0.002250000000006508 0
233 0 0.002000000000005484 0
234 0 0.00175000000000446 0
235 0 0.001500000000003436 0
236 0 0.001250000000002412 0
237 0 0.001000000000002539 0
238 0 0.0007500000000030729 0
239 0 0.0005000000000020492 0
240 0 0.0002500000000010237 0
241 0.01486978779183469 0.009773126102613746 0
242 0.01312500000001924 0.009783493649054877 0
243 0.007124999999981885 0.0002165063509454085 0
244 0.005124999999985271 0.0002165063509385948 0
245 0.009624999999975287 0.0002165063509451694 0
246 0.01167509786750232 0.009807536437042469 0
247 0.008375000000004608 0.009770193272049681 0
248 0.006126022382009728 0.009777115065955298 0
249 0.01412499999997641 0.0002165063509467517 0
250 0.01237499999997984 0.0002165063509473905 0
251 0.0101303297356814 0.00977001161091756 0
252 0.0002165063509455625 0.005125000000012629 0
253 0.01978349364905471 0.004874999999987439 0
254 0.004625000000013224 0.009783493649053733 0
255 0.01562499999998739 0.0002165063509466772 0
256 0.0108749999999756 0.0002165063509468926 0
257 0.0197661109296181 0.006101830961664694 0
258 0.0002165063509471737 0.003875000000009547 0
259 0.008374999999977671 0.0002165063509453396 0
260 0.003874999999991511 0.0002165063509453027 0
261 0.01612499999998759 0.009770193272063016 0
262 0.0002165063509454864 0.00637500000001005 0
263 0.01977692408664074 0.003619257607107683 0
264 0.003374876502724142 0.009770135263184199 0
265 0.01687499999997908 0.0002165063509607482 0
266 0.0197620666311425 0.007364464778100291 0
267 0.0002274589291291806 0.002615245812469455 0
268 0.002624999999996295 0.0002165063509377002 0
269 0.01737531597553716 0.0097736456000175 0
270 0.007375000000018807 0.009783493649053497 0
271 0.00612499999998479 0.0002165063509437348 0
272 0.01976124746838271 0.002610323981965906 0
273 0.0002206893353382091 0.007370113614300619 0
274 0.002375439089875279 0.009777975406332585 0
275 0.01787499999999543 0.0002165063509452295 0
276 0.01977691435110152 0.008371206889328173 0
277 0.0002165063509469962 0.001625000000003948 0
278 0.0002165063509453249 0.008375000000004816 0
279 0.01978349364905458 0.001624999999996683 0
280 0.01836388085131318 0.009780601262803779 0
281 0.00162499999999697 0.0002165063509457684 0
282 0.009380604064129688 0.00976636339958482 0
283 0.01337499999997388 0.0002165063509477217 0
284 0.01162499999997686 0.0002165063509463846 0
285 0.01237500000002043 0.009783493649054145 0
286 0.01087754292201346 0.009773648061927074 0
287 0.01412499999999224 0.009769921359659378 0
288 0.005378921858370811 0.009765717478578701 0
289 0.0148749999999849 0.0002165063509474481 0
290 0.001625065980594024 0.009779714007208264 0
291 0.01862499999997864 0.0002165063509656128 0
292 0.0197995079391561 0.009133666588706462 0
293 0.0002165063509459205 0.0008750000000028184 0
294 0.0008638808513007869 0.00978127196061738 0
295 0.01977783690176401 0.0008722526746449949 0
296 0.01912499999997101 0.009769921359657917 0
297 0.0008726995002455013 0.0002221357551809605 0
298 0.0002314657176414334 0.009118206152371605 0
299 0.01976945013184285 0.005356184239789264 0
300 0.0002165063509468321 0.00462500000001283 0
301 0.0002450045840776489 0.003085134604939217 0
302 0.01976786301132877 0.006894531844026558 0
303 0.0002485546891950249 0.005626101985527824 0
304 0.01977962660941907 0.004374303736960538 0
305 0.01912499999999343 0.0002165063509513189 0
306 0.004125439089881406 0.0097779754063327 0
307 0.01037499999997447 0.0002165063509465503 0
308 0.0002420237089637543 0.007836199396299974 0
309 0.01612499999998968 0.0002165063509469872 0
310 0.01536388085131542 0.009780601262802851 0
311 0.009124999999976171 0.0002165063509455954 0
312 0.01662586061615335 0.009765294171333925 0
313 0.006624684589607651 0.009776851176869269 0
314 0.007624999999980528 0.0002165063509454333 0
315 0.01737499999998975 0.0002165063509527773 0
316 0.007874560910127452 0.009777975406349211 0
317 0.008875000000011807 0.009770195279936373 0
318 0.003374999999992338 0.0002165063509411306 0
319 0.002867657007146014 0.009776023978769151 0
320 0.0002383822904033064 0.002145093568105172 0
321 0.01976161770956856 0.002145093568135003 0
322 0.006624999999983376 0.0002165063509436692 0
323 0.01978870091838865 0.007874999999994184 0
324 0.00437499999998644 0.0002165063509398169 0
325 0.002124999999996216 0.00021650635094575 0
326 0.01362305985844633 0.00975724982919921 0
327 0.005624999999986472 0.0002165063509454492 0
328 0.01978349364905458 0.003124999999992226 0
329 0.01787317224404095 0.009765296332563726 0
330 0.0002320353998532555 0.006901508208201024 0
331 0.01287499999998039 0.000216506350946818 0
332 0.000216506350945237 0.009624999999999485 0
333 0.01961576364773587 0.009775296486983186 0
334 0.0002109240761047742 0.0003846687836504301 0
335 0.01961533121633742 0.0002109240761221564 0
336 0.01012499999997433 0.000216506350946049 0
337 0.01024999999997309 0.0004330127018926557 0
338 0.01049999999997341 0.0004330127018932301 0
339 0.01037499999997185 0.0006495190528388866 0
340 0.01062499999997217 0.0006495190528395469 0
341 0.01049999999997135 0.0008660254037846899 0
342 0.01074999999997113 0.0008660254037857086 0
343 0.01062499999997025 0.001082531754730927 0
344 0.01087499999996991 0.001082531754732084 0
345 0.01074999999996905 0.001299038105677281 0
346 0.01099999999996872 0.001299038105678477 0
347 0.01087499999996784 0.00151554445662367 0
348 0.01062499999996819 0.001515544456622467 0
349 0.01074999999996697 0.00173205080756886 0
350 0.01099999999996662 0.001732050807570075 0
351 0.01087499999996574 0.00194855715851527 0
352 0.01112499999996536 0.001948557158516506 0
353 0.0109999999999645 0.002165063509461694 0
354 0.01124999999996413 0.002165063509462932 0
355 0.01112499999996332 0.002381569860408087 0
356 0.01137499999996292 0.002381569860409341 0
357 0.01087499999996348 0.002381569860406798 0
358 0.0112499999999621 0.002598076211354492 0
359 0.01149999999996169 0.002598076211355756 0
360 0.01137499999996087 0.00281458256230089 0
361 0.01162499999996042 0.002814582562302149 0
362 0.01149999999995961 0.003031088913247269 0
363 0.01174999999995915 0.003031088913248522 0
364 0.01162499999995835 0.003247595264193619 0
365 0.01187499999995726 0.003247595264195218 0
366 0.01174999999995696 0.003464101615140026 0
367 0.01199999999995552 0.00346410161514182 0
368 0.01149999999995739 0.003464101615138671 0
369 0.0118749999999556 0.003680607966086393 0
370 0.01212499999995474 0.003680607966087851 0
371 0.01199999999995435 0.003897114317032679 0
372 0.01224999999995329 0.00389711431703425 0
373 0.01212499999995301 0.004113620667979 0
374 0.01237499999995159 0.004113620667980771 0
375 0.01224999999995163 0.004330127018925338 0
376 0.01249999999995077 0.004330127018926778 0
377 0.01237499999995039 0.004546633369871593 0
378 0.01212499999995097 0.004546633369870313 0
379 0.01262499999994991 0.004546633369872828 0
380 0.01274999999994967 0.004330127018927945 0
381 0.01287499999994936 0.004546633369874106 0
382 0.01299999999994948 0.004330127018928944 0
383 0.01312499999994899 0.004546633369875341 0
384 0.0132499999999495 0.00433012701893033 0
385 0.01337499999994869 0.004546633369876574 0
386 0.0134999999999485 0.004330127018931572 0
387 0.01362499999994827 0.004546633369877799 0
388 0.01374999999994843 0.004330127018932564 0
389 0.01387499999994799 0.004546633369878999 0
390 0.01399999999994891 0.004330127018934166 0
391 0.01412499999994792 0.004546633369880218 0
392 0.01424999999994844 0.004330127018935663 0
393 0.01437499999994768 0.004546633369881458 0
394 0.01449999999994819 0.004330127018936489 0
395 0.01462499999994741 0.004546633369882746 0
396 0.01474999999994836 0.004330127018937866 0
397 0.01487499999994726 0.004546633369884015 0
398 0.01499999999994825 0.004330127018938854 0
399 0.01274999999994871 0.004763139720819248 0
400 0.01449999999994651 0.004763139720828006 0
401 0.01512499999994707 0.004546633369885219 0
402 0.01524999999994804 0.004330127018940332 0
403 0.01537499999994686 0.004546633369886486 0
404 0.01549999999994782 0.00433012701894138 0
405 0.01562499999994662 0.004546633369887695 0
406 0.01549999999994593 0.004763139720832805 0
407 0.01574999999994548 0.004763139720834145 0
408 0.01562499999994481 0.004979646071779269 0
409 0.01574999999994744 0.00433012701894288 0
410 0.01587499999994431 0.00497964607178064 0
411 0.01574999999994337 0.005196152422725905 0
412 0.01599999999994309 0.005196152422727155 0
413 0.0158749999999416 0.005412658773672744 0
414 0.01612499999994182 0.005412658773673708 0
415 0.01599999999994032 0.005629165124619326 0
416 0.01537499999994802 0.004113620667995765 0
417 0.01387499999994786 0.004113620667988174 0
418 0.01624999999994076 0.005629165124620169 0
419 0.01612499999993963 0.005845671475565481 0
420 0.01624999999994264 0.005196152422728227 0
421 0.01199999999995732 0.00303108891325061 0
422 0.01587499999994004 0.005845671475564268 0
423 0.01599999999993885 0.006062177826510795 0
424 0.01574999999993831 0.006062177826509411 0
425 0.01624999999993846 0.006062177826511947 0
426 0.0158749999999378 0.006278684177456049 0
427 0.01562499999993807 0.006278684177454811 0
428 0.015749999999937 0.006495190528401302 0
429 0.0154999999999373 0.006495190528400048 0
430 0.01562499999993611 0.006711696879346499 0
431 0.01537499999993648 0.006711696879345248 0
432 0.01549999999993523 0.006928203230291639 0
433 0.01524999999993565 0.006928203230290401 0
434 0.01574999999993482 0.006928203230292882 0
435 0.01562499999993395 0.007144709581237994 0
436 0.01587499999993351 0.007144709581239262 0
437 0.01512499999993691 0.006711696879344062 0
438 0.01499999999993612 0.006928203230289185 0
439 0.01487499999993741 0.006711696879342911 0
440 0.01474999999993662 0.006928203230287974 0
441 0.01462499999993793 0.006711696879341731 0
442 0.01449999999993716 0.00692820323028679 0
443 0.01437499999993848 0.006711696879340549 0
444 0.01424999999993773 0.00692820323028558 0
445 0.01462499999993629 0.007144709581233265 0
446 0.01412499999993903 0.006711696879339373 0
447 0.0139999999999383 0.006928203230284358 0
448 0.01149999999996374 0.002165063509464253 0
449 0.01387499999993962 0.00671169687933819 0
450 0.0137499999999389 0.006928203230283169 0
451 0.01362499999994024 0.006711696879336991 0
452 0.01349999999993953 0.006928203230281967 0
453 0.01362499999993817 0.007144709581228103 0
454 0.01337499999993883 0.007144709581226903 0
455 0.01324999999994018 0.006928203230280789 0
456 0.01312499999993953 0.007144709581225716 0
457 0.01299999999994087 0.006928203230279618 0
458 0.01287499999994021 0.007144709581224536 0
459 0.01274999999994157 0.006928203230278427 0
460 0.01262499999994089 0.00714470958122334 0
461 0.01249999999994227 0.006928203230277232 0
462 0.01237499999994161 0.007144709581222152 0
463 0.01224999999994295 0.006928203230276046 0
464 0.01212499999994228 0.007144709581220972 0
465 0.01199999999994362 0.006928203230274845 0
466 0.01187499999994292 0.007144709581219794 0
467 0.01174999999994426 0.006928203230273629 0
468 0.01162499999994354 0.007144709581218614 0
469 0.01149999999994481 0.006928203230272256 0
470 0.01137499999994413 0.007144709581217416 0
471 0.01124999999994541 0.006928203230271082 0
472 0.01112499999994471 0.00714470958121639 0
473 0.01099999999994598 0.006928203230270036 0
474 0.01087499999994529 0.00714470958121539 0
475 0.0107499999999465 0.006928203230268899 0
476 0.01062499999994572 0.007144709581213942 0
477 0.01049999999994697 0.006928203230267666 0
478 0.01037499999994619 0.007144709581212879 0
479 0.0102499999999474 0.006928203230266486 0
480 0.01012499999994666 0.007144709581211792 0
481 0.009999999999947808 0.006928203230265297 0
482 0.01012499999994864 0.006711696879320011 0
483 0.009874999999948994 0.006711696879318833 0
484 0.009749999999948175 0.006928203230264131 0
485 0.009624999999949316 0.006711696879317696 0
486 0.009749999999950187 0.006495190528372418 0
487 0.009499999999950482 0.006495190528371247 0
488 0.009374999999949601 0.006711696879316536 0
489 0.009249999999950758 0.00649519052837006 0
490 0.009374999999951655 0.006278684177424784 0
491 0.009124999999951922 0.006278684177423573 0
492 0.009249999999952832 0.006062177826478297 0
493 0.008999999999953091 0.006062177826477084 0
494 0.008874999999952176 0.006278684177422374 0
495 0.008749999999953333 0.006062177826475864 0
496 0.008624999999952393 0.006278684177421182 0
497 0.00849999999995355 0.006062177826474642 0
498 0.008624999999954495 0.005845671475529341 0
499 0.008374999999954703 0.005845671475528082 0
500 0.008249999999953739 0.006062177826473432 0
501 0.008124999999954889 0.00584567147552686 0
502 0.008249999999955862 0.00562916512458152 0
503 0.007999999999956047 0.005629165124580286 0
504 0.008124999999957017 0.005412658773634963 0
505 0.007874999999957208 0.005412658773633713 0
506 0.007749999999956241 0.005629165124579039 0
507 0.007624999999957405 0.005412658773632467 0
508 0.007499999999956436 0.005629165124577796 0
509 0.007374999999957611 0.005412658773631233 0
510 0.007249999999956632 0.005629165124576537 0
511 0.007124999999957821 0.005412658773629992 0
512 0.006999999999956843 0.00562916512457527 0
513 0.006874999999958041 0.005412658773628749 0
514 0.006749999999957065 0.005629165124574031 0
515 0.006624999999958257 0.005412658773627514 0
516 0.006499999999957286 0.005629165124572779 0
517 0.006374999999958468 0.005412658773626258 0
518 0.006249999999957484 0.005629165124571505 0
519 0.00612499999995865 0.005412658773624997 0
520 0.005999999999957668 0.005629165124570344 0
521 0.005874999999958809 0.005412658773623753 0
522 0.005749999999957808 0.005629165124569045 0
523 0.005624999999958939 0.005412658773622493 0
524 0.005499999999957828 0.00562916512456783 0
525 0.005374999999959045 0.005412658773621234 0
526 0.005249999999957913 0.005629165124566589 0
527 0.005124999999959146 0.005412658773619985 0
528 0.004999999999958109 0.005629165124565286 0
529 0.007999999999958188 0.005196152422688404 0
530 0.00487499999995926 0.005412658773618747 0
531 0.006749999999959235 0.005196152422682222 0
532 0.005499999999960111 0.005196152422675855 0
533 0.004749999999958238 0.005629165124564108 0
534 0.00462499999995938 0.005412658773617519 0
535 0.004499999999958365 0.005629165124562795 0
536 0.004374999999959516 0.005412658773616277 0
537 0.004499999999960402 0.005196152422670983 0
538 0.004249999999960643 0.005196152422669706 0
539 0.004374999999961508 0.004979646071724415 0
540 0.004249999999958513 0.005629165124561638 0
541 0.004124999999961782 0.004979646071723126 0
542 0.004249999999962756 0.004763139720777781 0
543 0.003999999999962952 0.004763139720776543 0
544 0.004124999999963921 0.00454663336983121 0
545 0.005124999999956211 0.005845671475511933 0
546 0.006374999999955948 0.00584567147551806 0
547 0.003874999999964112 0.004546633369829983 0
548 0.003999999999965075 0.004330127018884656 0
549 0.003749999999965307 0.004330127018883511 0
550 0.003874999999966284 0.004113620667938162 0
551 0.003749999999963143 0.004763139720775318 0
552 0.004124999999966009 0.004113620667939358 0
553 0.003999999999967196 0.003897114316992849 0
554 0.004249999999966922 0.003897114316994068 0
555 0.003749999999967551 0.003897114316991728 0
556 0.004124999999968129 0.003680607966047604 0
557 0.004374999999967811 0.003680607966048834 0
558 0.004249999999969029 0.003464101615102384 0
559 0.004499999999969155 0.003464101615103682 0
560 0.004374999999970011 0.003247595264157213 0
561 0.00462499999997011 0.003247595264158406 0
562 0.004499999999970922 0.00303108891321204 0
563 0.004749999999970514 0.003031088913213162 0
564 0.004249999999971203 0.003031088913210807 0
565 0.004624999999971719 0.002814582562266887 0
566 0.004874999999971273 0.002814582562268112 0
567 0.004999999999969989 0.00303108891321442 0
568 0.005124999999970823 0.002814582562269338 0
569 0.00524999999996955 0.003031088913215583 0
570 0.005374999999970383 0.002814582562270546 0
571 0.005499999999969108 0.003031088913216778 0
572 0.005624999999969933 0.002814582562271759 0
573 0.005749999999968653 0.003031088913218042 0
574 0.005874999999969474 0.002814582562272983 0
575 0.005999999999968189 0.003031088913219203 0
576 0.006124999999969003 0.002814582562274182 0
577 0.006249999999967717 0.003031088913220396 0
578 0.006374999999968531 0.002814582562275394 0
579 0.006499999999967243 0.003031088913221667 0
580 0.00662499999996805 0.002814582562276605 0
581 0.006749999999966757 0.003031088913222826 0
582 0.00687499999996756 0.002814582562277832 0
583 0.006999999999966261 0.003031088913224032 0
584 0.007124999999967058 0.002814582562279028 0
585 0.007249999999965756 0.003031088913225236 0
586 0.007374999999966549 0.002814582562280249 0
587 0.007499999999965245 0.003031088913226436 0
588 0.007624999999966041 0.002814582562281455 0
589 0.007749999999964736 0.003031088913227708 0
590 0.007874999999965542 0.002814582562282667 0
591 0.007999999999964248 0.00303108891322887 0
592 0.008124999999965059 0.002814582562283873 0
593 0.008249999999963772 0.003031088913230069 0
594 0.00837499999996459 0.002814582562285076 0
595 0.008499999999963306 0.003031088913231276 0
596 0.01112499999994535 0.006711696879323416 0
597 0.008249999999957961 0.005196152422689654 0
598 0.004374999999957152 0.005845671475508025 0
599 0.004124999999957472 0.005845671475506968 0
600 0.004249999999956104 0.006062177826453455 0
601 0.003999999999956452 0.006062177826452331 0
602 0.004124999999955292 0.00627868417739894 0
603 0.003874999999955475 0.006278684177397712 0
604 0.003999999999954335 0.006495190528344325 0
605 0.003749999999954481 0.006495190528343082 0
606 0.003874999999953326 0.006711696879289707 0
607 0.003624999999953474 0.006711696879288448 0
608 0.003499999999954649 0.006495190528341852 0
609 0.003374999999953652 0.006711696879287187 0
610 0.00324999999995485 0.006495190528340632 0
611 0.003124999999953877 0.00671169687928591 0
612 0.0029999999999551 0.006495190528339314 0
613 0.00374999999995232 0.006928203230235071 0
614 0.003999999999952217 0.006928203230236338 0
615 0.002874999999954146 0.006711696879284621 0
616 0.00274999999995539 0.006495190528338065 0
617 0.003874999999951171 0.007144709581181757 0
618 0.004124999999951126 0.007144709581183017 0
619 0.002624999999954455 0.006711696879283357 0
620 0.002749999999953145 0.006928203230229806 0
621 0.01462499999994781 0.004113620667992167 0
622 0.007124999999955492 0.005845671475521847 0
623 0.01049999999994506 0.007361215932159379 0
624 0.01124999999994346 0.007361215932162918 0
625 0.01199999999994157 0.007361215932165917 0
626 0.0127499999999396 0.007361215932169465 0
627 0.01574999999993265 0.007361215932184337 0
628 0.01599999999993219 0.007361215932185599 0
629 0.002499999999955713 0.006495190528336904 0
630 0.002499999999953504 0.006928203230228577 0
631 0.002624999999952204 0.007144709581175025 0
632 0.007999999999966385 0.002598076211337566 0
633 0.004749999999972525 0.002598076211321787 0
634 0.003999999999950054 0.007361215932128477 0
635 0.004249999999950047 0.007361215932129736 0
636 0.01349999999993746 0.007361215932173017 0
637 0.00862499999996413 0.002814582562286284 0
638 0.008749999999962855 0.003031088913232598 0
639 0.006999999999968457 0.002598076211332667 0
640 0.005999999999970353 0.002598076211327859 0
641 0.002374999999952545 0.007144709581173805 0
642 0.002499999999951316 0.007361215932120259 0
643 0.002624999999956587 0.006278684177391604 0
644 0.002374999999956963 0.006278684177390463 0
645 0.002499999999957846 0.006062177826445298 0
646 0.01587499999993136 0.007577722283130661 0
647 0.01612499999993088 0.007577722283131888 0
648 0.004124999999948959 0.007577722283075235 0
649 0.004374999999949001 0.007577722283076491 0
650 0.01187499999994453 0.006711696879328334 0
651 0.01049999999996736 0.001732050807567632 0
652 0.002249999999958223 0.006062177826444062 0
653 0.002374999999959108 0.005845671475498902 0
654 0.002249999999951632 0.007361215932119019 0
655 0.002374999999950323 0.007577722283065494 0
656 0.006124999999967318 0.003247595264165671 0
657 0.007374999999964808 0.0032475952641717 0
658 0.0162499999999317 0.007361215932186839 0
659 0.01637499999993038 0.007577722283133114 0
660 0.01649999999993119 0.007361215932188043 0
661 0.01662499999992988 0.007577722283134345 0
662 0.01674999999993072 0.007361215932189256 0
663 0.01687499999992944 0.007577722283135573 0
664 0.01699999999993029 0.007361215932190437 0
665 0.01712499999992903 0.007577722283136923 0
666 0.01724999999992991 0.007361215932191661 0
667 0.01737499999992864 0.00757772228313825 0
668 0.0174999999999296 0.007361215932192877 0
669 0.0176249999999284 0.007577722283139299 0
670 0.01774999999992935 0.007361215932194027 0
671 0.01762499999993057 0.007144709581247489 0
672 0.002124999999959484 0.00584567147549765 0
673 0.002249999999960367 0.005629165124552507 0
674 0.0169999999999282 0.007794228634081939 0
675 0.01787499999993021 0.007144709581248646 0
676 0.01774999999993149 0.006928203230302084 0
677 0.01787499999992821 0.007577722283140555 0
678 0.002124999999950649 0.007577722283064282 0
679 0.008624999999963075 0.003247595264177684 0
680 0.008874999999961953 0.003247595264178794 0
681 0.008999999999962472 0.003031088913233804 0
682 0.009124999999961213 0.003247595264180137 0
683 0.008999999999960519 0.003464101615125168 0
684 0.009249999999959926 0.003464101615126487 0
685 0.002249999999949355 0.007794228634010841 0
686 0.004249999999947891 0.007794228634021609 0
687 0.004499999999947985 0.007794228634023217 0
688 0.004624999999949107 0.007577722283077694 0
689 0.004749999999948106 0.00779422863402453 0
690 0.004874999999949259 0.00757772228307891 0
691 0.004999999999948278 0.007794228634025784 0
692 0.005124999999949464 0.007577722283080125 0
693 0.005249999999948495 0.007794228634026599 0
694 0.0053749999999497 0.007577722283081271 0
695 0.005499999999948735 0.00779422863402801 0
696 0.00562499999994995 0.00757772228308252 0
697 0.005749999999949007 0.007794228634028941 0
698 0.00587499999995023 0.007577722283083703 0
699 0.005999999999949291 0.00779422863403052 0
700 0.006124999999950525 0.007577722283084987 0
701 0.006249999999949591 0.007794228634031166 0
702 0.006374999999950838 0.007577722283086125 0
703 0.006499999999949902 0.007794228634032451 0
704 0.006624999999951149 0.007577722283087354 0
705 0.006749999999950212 0.007794228634034357 0
706 0.006874999999951437 0.00757772228308876 0
707 0.006999999999950518 0.007794228634035735 0
708 0.007124999999951746 0.007577722283090001 0
709 0.00724999999995082 0.007794228634036927 0
710 0.01599999999993005 0.007794228634076945 0
711 0.01574999999993054 0.007794228634075753 0
712 0.01774999999992722 0.007794228634085929 0
713 0.01799999999993116 0.006928203230303276 0
714 0.01787499999993237 0.006711696879356764 0
715 0.01287499999994225 0.006711696879333515 0
716 0.01374999999994096 0.006495190528392006 0
717 0.002124999999952857 0.007144709581172515 0
718 0.004624999999968892 0.003680607966050283 0
719 0.01237499999995241 0.00368060796608993 0
720 0.003999999999948159 0.007794228634019639 0
721 0.009124999999959483 0.003680607966071395 0
722 0.009374999999958708 0.003680607966072823 0
723 0.009249999999957861 0.003897114317017852 0
724 0.009499999999957412 0.003897114317019208 0
725 0.009374999999957154 0.004113620667964028 0
726 0.009624999999956207 0.004113620667965594 0
727 0.01024999999996874 0.0008660254037845047 0
728 0.01799999999992709 0.007794228634087113 0
729 0.0019999999999496 0.007794228634009622 0
730 0.001999999999958615 0.00606217782644275 0
731 0.001999999999960758 0.005629165124551246 0
732 0.002124999999961632 0.005412658773606135 0
733 0.009749999999957008 0.003897114317020442 0
734 0.009874999999955775 0.004113620667966832 0
735 0.009749999999955478 0.004330127018911682 0
736 0.009999999999954625 0.004330127018913163 0
737 0.008124999999959154 0.004979646071743131 0
738 0.00737499999995205 0.007577722283091241 0
739 0.00749999999995178 0.007794228634037759 0
740 0.002124999999948392 0.0080107349849562 0
741 0.002374999999948444 0.008010734984957107 0
742 0.005124999999947968 0.008010734984971209 0
743 0.005874999999948408 0.008010734984974602 0
744 0.007124999999949613 0.008010734984982356 0
745 0.004374999999947859 0.008010734984968059 0
746 0.01587499999992925 0.008010734985022031 0
747 0.01562499999992979 0.008010734985020867 0
748 0.01812499999993211 0.006711696879357913 0
749 0.01799999999993331 0.006495190528411395 0
750 0.01787499999992613 0.008010734985032504 0
751 0.001874999999962056 0.005412658773604881 0
752 0.001999999999962917 0.005196152422659779 0
753 0.01349999999994753 0.004763139720822983 0
754 0.01474999999993799 0.006495190528396123 0
755 0.009249999999961969 0.003031088913235043 0
756 0.01812499999992597 0.00801073498503368 0
757 0.00187499999994864 0.008010734984954922 0
758 0.009874999999954229 0.004546633369858066 0
759 0.0101249999999534 0.004546633369859534 0
760 0.007624999999952428 0.00757772228309243 0
761 0.00774999999995217 0.007794228634038967 0
762 0.005749999999950898 0.007361215932136994 0
763 0.007874999999952691 0.007577722283093654 0
764 0.00799999999995174 0.007794228634040563 0
765 0.007874999999953189 0.008010734984985491 0
766 0.008124999999951065 0.008010734984987368 0
767 0.009999999999952981 0.004763139720804455 0
768 0.01024999999995217 0.004763139720805916 0
769 0.001749999999963359 0.005196152422658539 0
770 0.001874999999964206 0.004979646071713408 0
771 0.002124999999963734 0.004979646071714381 0
772 0.001999999999965052 0.004763139720768209 0
773 0.001749999999965531 0.004763139720767101 0
774 0.001874999999966387 0.004546633369821818 0
775 0.002124999999966007 0.004546633369822695 0
776 0.001999999999967317 0.004330127018876294 0
777 0.001999999999947389 0.008227241335901541 0
778 0.001749999999947601 0.008227241335900306 0
779 0.01574999999992846 0.008227241335967118 0
780 0.015499999999929 0.00822724133596589 0
781 0.001749999999967693 0.004330127018875429 0
782 0.001874999999968569 0.004113620667930015 0
783 0.002124999999968274 0.004113620667930908 0
784 0.001999999999969411 0.003897114316984591 0
785 0.001749999999969751 0.003897114316983542 0
786 0.001874999999970708 0.003680607966038115 0
787 0.002124999999970427 0.003680607966039266 0
788 0.001999999999971666 0.003464101615092713 0
789 0.002249999999971419 0.003464101615093908 0
790 0.002124999999972749 0.003247595264147406 0
791 0.00237499999997242 0.003247595264148579 0
792 0.002249999999973757 0.003031088913202099 0
793 0.002499999999973384 0.003031088913203264 0
794 0.002374999999974588 0.00281458256225672 0
795 0.002124999999975261 0.002814582562255525 0
796 0.002249999999976017 0.002598076211310078 0
797 0.002499999999975568 0.002598076211311418 0
798 0.00237499999997701 0.002381569860364592 0
799 0.002624999999976528 0.002381569860366129 0
800 0.002124999999978006 0.00238156986036262 0
801 0.002499999999978157 0.002165063509419244 0
802 0.002749999999977519 0.002165063509420834 0
803 0.002624999999978891 0.001948557158474391 0
804 0.002874999999978398 0.001948557158475676 0
805 0.01824999999993061 0.006928203230304562 0
806 0.001749999999949921 0.007794228634008099 0
807 0.0182499999999329 0.006495190528412462 0
808 0.01812499999993413 0.006278684177465985 0
809 0.01787499999993453 0.00627868417746481 0
810 0.01799999999993541 0.006062177826519505 0
811 0.01824999999993499 0.006062177826520657 0
812 0.01812499999993624 0.005845671475574262 0
813 0.01787499999993664 0.005845671475573071 0
814 0.01799999999993746 0.005629165124627859 0
815 0.01824999999993709 0.005629165124629023 0
816 0.01812499999993827 0.005412658773682644 0
817 0.01787499999993865 0.005412658773681475 0
818 0.01799999999993948 0.005196152422736276 0
819 0.01774999999993984 0.005196152422735092 0
820 0.01787499999994067 0.004979646071789908 0
821 0.01812499999994028 0.004979646071791101 0
822 0.01799999999994182 0.004763139720844552 0
823 0.01774999999994194 0.004763139720843511 0
824 0.01787499999994339 0.004546633369897989 0
825 0.01762499999994326 0.004546633369897105 0
826 0.01774999999994439 0.004330127018951762 0
827 0.01749999999994444 0.00433012701895077 0
828 0.01762499999994527 0.004113620668005598 0
829 0.01787499999994561 0.004113620668006315 0
830 0.01774999999994628 0.0038971143170603 0
831 0.01749999999994647 0.003897114317059247 0
832 0.01762499999994746 0.003680607966113979 0
833 0.01737499999994767 0.003680607966112878 0
834 0.01749999999994868 0.003464101615167602 0
835 0.01724999999994886 0.003464101615166499 0
836 0.01737499999994974 0.003247595264221267 0
837 0.01712499999995 0.003247595264220127 0
838 0.0172499999999509 0.00303108891327482 0
839 0.01699999999995114 0.003031088913273639 0
840 0.01712499999995203 0.002814582562328322 0
841 0.01687499999995223 0.002814582562327138 0
842 0.01737499999995182 0.002814582562329508 0
843 0.01724999999995294 0.002598076211383 0
844 0.01749999999995275 0.002598076211384148 0
845 0.01737499999995387 0.002381569860437646 0
846 0.01762499999995367 0.002381569860438802 0
847 0.01787499999994741 0.003680607966114924 0
848 0.01749999999995489 0.002165063509492375 0
849 0.01724999999995541 0.00216506350949105 0
850 0.01774999999995457 0.002165063509493468 0
851 0.01787499999995343 0.002381569860439943 0
852 0.01799999999995443 0.002165063509494624 0
853 0.01812499999995314 0.002381569860441074 0
854 0.01762499999995642 0.001948557158546497 0
855 0.01674999999995131 0.003031088913272523 0
856 0.01662499999995243 0.002814582562325966 0
857 0.01824999999995407 0.0021650635094959 0
858 0.0182499999999411 0.004763139720845916 0
859 0.001749999999972271 0.003464101615091696 0
860 0.002624999999958755 0.005845671475499999 0
861 0.009999999999956615 0.003897114317021661 0
862 0.007499999999953325 0.00736121593214555 0
863 0.0101249999999515 0.004979646071751003 0
864 0.01037499999995092 0.004979646071752293 0
865 0.01049999999995167 0.004763139720807185 0
866 0.01062499999995045 0.004979646071753532 0
867 0.01049999999995016 0.005196152422698377 0
868 0.01074999999994927 0.005196152422699842 0
869 0.01649999999995148 0.003031088913271339 0
870 0.01637499999995258 0.002814582562324773 0
871 0.006749999999952423 0.007361215932141742 0
872 0.008249999999951272 0.007794228634041753 0
873 0.008374999999950781 0.008010734984988969 0
874 0.00974999999995518 0.004763139720803339 0
875 0.008249999999952327 0.008227241335933661 0
876 0.008499999999950247 0.00822724133593537 0
877 0.008624999999950896 0.008010734984990074 0
878 0.008749999999951096 0.008227241335936612 0
879 0.01799999999992503 0.008227241335979085 0
880 0.01824999999992484 0.008227241335980261 0
881 0.004499999999962857 0.004763139720779391 0
882 0.01549999999994335 0.005196152422723658 0
883 0.002874999999976244 0.002381569860367228 0
884 0.01599999999992794 0.008227241335968343 0
885 0.01712499999994799 0.003680607966111808 0
886 0.004999999999950022 0.007361215932133264 0
887 0.002749999999979701 0.001732050807529376 0
888 0.002999999999979229 0.001732050807530665 0
889 0.002499999999980391 0.001732050807527924 0
890 0.01837499999992563 0.008010734985035101 0
891 0.001624999999962504 0.005412658773603617 0
892 0.01837499999995278 0.002381569860442247 0
893 0.01074999999995127 0.004763139720808405 0
894 0.008999999999959492 0.003897114317016129 0
895 0.01062499999994893 0.005412658773644708 0
896 0.01087499999994802 0.005412658773646183 0
897 0.01624999999995168 0.003031088913270114 0
898 0.01612499999995274 0.002814582562323512 0
899 0.0162499999999537 0.002598076211378111 0
900 0.01599999999995372 0.002598076211376892 0
901 0.01612499999995478 0.002381569860431371 0
902 0.01587499999995475 0.002381569860430161 0
903 0.01574999999995368 0.002598076211375706 0
904 0.01562499999995473 0.00238156986042896 0
905 0.01599999999995581 0.002165063509484588 0
906 0.0154999999999536 0.002598076211374249 0
907 0.01537499999995462 0.002381569860427693 0
908 0.01524999999995348 0.002598076211372999 0
909 0.01512499999995447 0.00238156986042647 0
910 0.01499999999995333 0.002598076211372045 0
911 0.01487499999995429 0.002381569860425273 0
912 0.0152499999999556 0.002165063509480817 0
913 0.01474999999995311 0.002598076211370863 0
914 0.01462499999995409 0.002381569860424091 0
915 0.01449999999995292 0.002598076211369679 0
916 0.01437499999995388 0.002381569860422871 0
917 0.01424999999995277 0.002598076211368519 0
918 0.0141249999999537 0.002381569860421685 0
919 0.01449999999995531 0.002165063509477278 0
920 0.01399999999995255 0.002598076211367314 0
921 0.01387499999995351 0.002381569860420455 0
922 0.01374999999995236 0.00259807621136608 0
923 0.01362499999995335 0.002381569860419255 0
924 0.01374999999995445 0.002165063509473584 0
925 0.01349999999995426 0.002165063509472407 0
926 0.01362499999995539 0.001948557158526682 0
927 0.01337499999995509 0.001948557158525517 0
928 0.01349999999995227 0.002598076211364879 0
929 0.01349999999995629 0.001732050807579747 0
930 0.01324999999995599 0.001732050807578576 0
931 0.01312499999995479 0.001948557158524346 0
932 0.01299999999995571 0.001732050807577429 0
933 0.008874999999951066 0.008010734984991405 0
934 0.008999999999951765 0.008227241335937439 0
935 0.01287499999995456 0.001948557158523156 0
936 0.01274999999995547 0.001732050807576291 0
937 0.01849999999995361 0.00216506350949706 0
938 0.01837499999995499 0.001948557158550787 0
939 0.003874999999957661 0.005845671475505764 0
940 0.01687499999993163 0.007144709581244041 0
941 0.0018749999999464 0.00844374768684693 0
942 0.001624999999946547 0.008443747686845721 0
943 0.01587499999992712 0.008443747686913366 0
944 0.01612499999992664 0.008443747686914667 0
945 0.008624999999953819 0.008443747686881439 0
946 0.0181249999999239 0.008443747686925601 0
947 0.01787499999992389 0.008443747686924302 0
948 0.01837499999992367 0.008443747686926824 0
949 0.01362499999995125 0.002814582562311677 0
950 0.002749999999951449 0.00736121593212111 0
951 0.002499999999971205 0.00346410161509513 0
952 0.01512499999995166 0.002814582562318835 0
953 0.01437499999995176 0.002814582562315384 0
954 0.01312499999995678 0.001515544456631655 0
955 0.008374999999958884 0.00497964607174437 0
956 0.008249999999960081 0.004763139720797885 0
957 0.007999999999960372 0.004763139720796637 0
958 0.008124999999961285 0.004546633369851412 0
959 0.007874999999961604 0.004546633369850163 0
960 0.00912499999995064 0.008010734984991906 0
961 0.009249999999950145 0.008227241335938603 0
962 0.01337499999995121 0.002814582562310449 0
963 0.002874999999980581 0.001515544456584343 0
964 0.003124999999980082 0.001515544456585632 0
965 0.003249999999978732 0.001732050807531861 0
966 0.003374999999979576 0.001515544456586905 0
967 0.003499999999978214 0.00173205080753313 0
968 0.003624999999979033 0.001515544456588177 0
969 0.003749999999977674 0.001732050807534392 0
970 0.003874999999978475 0.001515544456589458 0
971 0.007999999999962506 0.004330127018904954 0
972 0.007749999999962849 0.004330127018903705 0
973 0.01737499999994355 0.004546633369895961 0
974 0.01549999999993942 0.006062177826508391 0
975 0.01637499999995054 0.003247595264216726 0
976 0.005374999999968632 0.003247595264162039 0
977 0.003624999999977062 0.001948557158479304 0
978 0.00437499999995454 0.00627868417739989 0
979 0.01312499999994782 0.00411362066798401 0
980 0.01374999999995662 0.001732050807580924 0
981 0.01862499999995444 0.001948557158551883 0
982 0.01849999999995581 0.001732050807605631 0
983 0.01862499999995236 0.002381569860443425 0
984 0.01849999999995154 0.002598076211388567 0
985 0.01074999999994727 0.005629165124591277 0
986 0.01099999999994669 0.005629165124592547 0
987 0.01112499999994748 0.005412658773647458 0
988 0.01124999999994617 0.005629165124593776 0
989 0.01537499999993037 0.0080107349850197 0
990 0.01524999999992963 0.008227241335964674 0
991 0.003999999999977118 0.001732050807535654 0
992 0.004124999999977912 0.00151554445659073 0
993 0.01137499999994699 0.005412658773648699 0
994 0.01149999999994568 0.005629165124595 0
995 0.01049999999994916 0.005629165124589926 0
996 0.009374999999948707 0.008010734984992156 0
997 0.009499999999948723 0.008227241335939195 0
998 0.009374999999949112 0.008443747686884903 0
999 0.00962499999994835 0.008443747686886329 0
1000 0.009749999999948302 0.00822724133594064 0
1001 0.009874999999947776 0.008443747686887453 0
1002 0.009749999999947204 0.008660254037832566 0
1003 0.009999999999946708 0.008660254037833612 0
1004 0.01012499999994736 0.008443747686888636 0
1005 0.01024999999994618 0.008660254037834724 0
1006 0.0103749999999468 0.008443747686889722 0
1007 0.01049999999994558 0.008660254037835713 0
1008 0.01062499999994617 0.008443747686890794 0
1009 0.01074787648502809 0.008659028025927868 0
1010 0.01087464608079266 0.0084435433515737 0
1011 0.01099874155445909 0.008658051795450634 0
1012 0.01112499999994474 0.008443747686892808 0
1013 0.01125106823413924 0.00865914915816716 0
1014 0.01137517803897659 0.008443563540282008 0
1015 0.01149713952288984 0.0086564216567634 0
1016 0.01162455292693976 0.00844307826561359 0
1017 0.01174988824533063 0.008653861026593955 0
1018 0.01187490686200646 0.008442570614807908 0
1019 0.01200347354417217 0.00865696718979464 0
1020 0.01212556340099062 0.008443003700207778 0
1021 0.01224769131048166 0.008652972055161684 0
1022 0.01237470911853865 0.008442410025336624 0
1023 0.01250203712639104 0.008649059596529372 0
1024 0.01262529104078022 0.008441659003086223 0
1025 0.01275583992975409 0.008654892526608154 0
1026 0.01287602182838075 0.008442505987724768 0
1027 0.0130011436263137 0.008659153502777404 0
1028 0.01312509394754729 0.008443646069769419 0
1029 0.01325020626226746 0.008660053679147073 0
1030 0.01337505003492702 0.008443697357597035 0
1031 0.0135000427161558 0.008660212256513981 0
1032 0.01362499999993605 0.008443747686903398 0
1033 0.01375000711930478 0.008660247074293543 0
1034 0.01387500118649685 0.008443746526311784 0
1035 0.01400000138425561 0.008660252683825601 0
1036 0.01412500021854684 0.008443747473077409 0
1037 0.0142500002670879 0.008660253776542757 0
1038 0.01612499999995048 0.003247595264215201 0
1039 0.008999999999950017 0.007794228634045276 0
1040 0.01349999999995012 0.003031088913257174 0
1041 0.01262499999995453 0.00194855715852216 0
1042 0.01249999999995623 0.001732050807575694 0
1043 0.002999999999981443 0.001299038105639326 0
1044 0.001749999999945387 0.008660254037792296 0
1045 0.001999999999945322 0.008660254037793526 0
1046 0.001499999999945535 0.008660254037791025 0
1047 0.001374999999946729 0.008443747686844501 0
1048 0.001249906224390137 0.008660199896447486 0
1049 0.01599999999992579 0.008660254037859593 0
1050 0.01624999999992537 0.008660254037860948 0
1051 0.01824999999992243 0.008660254037872012 0
1052 0.01849999999992247 0.008660254037873289 0
1053 0.01874999999995113 0.002598076211389697 0
1054 0.0186249999999503 0.002814582562334887 0
1055 0.01874999999995524 0.001732050807606706 0
1056 0.01862499999995646 0.00151554445666037 0
1057 0.01837499999995708 0.001515544456659206 0
1058 0.01849999999995771 0.001299038105713982 0
1059 0.01824999999995816 0.001299038105712706 0
1060 0.01874999999995728 0.00129903810571522 0
1061 0.01112499999996962 0.001082531754733229 0
1062 0.01400000023413132 0.00822724110688941 0
1063 0.0151249999999311 0.008010734985018577 0
1064 0.01274999999995392 0.002165063509469241 0
1065 0.007874999999963753 0.004113620667958517 0
1066 0.007624999999964103 0.004113620667957278 0
1067 0.007499999999963199 0.004330127018902454 0
1068 0.007374999999964456 0.004113620667956027 0
1069 0.01762499999993277 0.006711696879355568 0
1070 0.00724999999996355 0.004330127018901191 0
1071 0.007124999999964809 0.004113620667954765 0
1072 0.006249999999951491 0.007361215932139445 0
1073 0.01412499999993697 0.007144709581230564 0
1074 0.003999999999969396 0.003464101615101162 0
1075 0.01112499999996105 0.002814582562299474 0
1076 0.01187499999995341 0.004113620667977539 0
1077 0.006499999999969443 0.002598076211330255 0
1078 0.005499999999971359 0.002598076211325383 0
1079 0.01062499999995252 0.004546633369862048 0
1080 0.01087499999995213 0.004546633369863272 0
1081 0.01074999999995337 0.004330127018916911 0
1082 0.01762499999995162 0.002814582562330648 0
1083 0.005999999999959821 0.005196152422678417 0
1084 0.01537499999992823 0.00844374768691083 0
1085 0.005624999999956131 0.005845671475514382 0
1086 0.008499999999965417 0.002598076211340001 0
1087 0.006999999999963901 0.004330127018899934 0
1088 0.006874999999965168 0.004113620667953514 0
1089 0.00674999999996425 0.004330127018898668 0
1090 0.006624999999965507 0.004113620667952249 0
1091 0.006499999999964588 0.004330127018897412 0
1092 0.006374999999965846 0.004113620667950989 0
1093 0.01837499999993791 0.005412658773683794 0
1094 0.01849999999993673 0.005629165124630144 0
1095 0.01862499999993755 0.005412658773684939 0
1096 0.01874999999993636 0.005629165124631312 0
1097 0.009124999999963246 0.002814582562288715 0
1098 0.009374999999962804 0.002814582562289919 0
1099 0.009249999999964068 0.002598076211343596 0
1100 0.009499999999963621 0.0025980762113448 0
1101 0.009374999999964884 0.002381569860398487 0
1102 0.009624999999962369 0.002814582562291134 0
1103 0.009749999999963189 0.002598076211346006 0
1104 0.009874999999961942 0.00281458256229235 0
1105 0.01399999999994692 0.004763139720825478 0
1106 0.002749999999981961 0.001299038105638027 0
1107 0.009124999999949859 0.006711696879315372 0
1108 0.01862499999992344 0.008443747686928032 0
1109 0.01874999999992222 0.008660254037874557 0
1110 0.00799999999995391 0.006062177826472225 0
1111 0.004249999999976553 0.00173205080753697 0
1112 0.004374999999977359 0.001515544456591998 0
1113 0.007499999999967442 0.002598076211335084 0
1114 0.01362499999995746 0.001515544456633906 0
1115 0.01387499999995789 0.001515544456635101 0
1116 0.01374999999995867 0.001299038105688001 0
1117 0.01399999999995917 0.00129903810568919 0
1118 0.01424999999993879 0.00649519052839408 0
1119 0.01224999999994967 0.004763139720816602 0
1120 0.01762499999993902 0.005412658773680312 0
1121 0.004124999999975804 0.001948557158481819 0
1122 0.01062499999994782 0.006711696879322399 0
1123 0.009124999999954008 0.005845671475531809 0
1124 0.00937499999995374 0.00584567147553302 0
1125 0.01237499999994365 0.006711696879331121 0
1126 0.01262499999995653 0.00151554445662953 0
1127 0.01237499999995822 0.001515544456629981 0
1128 0.006249999999964914 0.004330127018896133 0
1129 0.006124999999966168 0.004113620667949723 0
1130 0.005999999999965235 0.004330127018894929 0
1131 0.005874999999966474 0.004113620667948463 0
1132 0.01599999999994512 0.004763139720835407 0
1133 0.008124999999952797 0.006278684177418815 0
1134 0.007874999999952914 0.006278684177417622 0
1135 0.006624999999949276 0.008010734984978275 0
1136 0.01124999999996848 0.001299038105679681 0
1137 0.01137499999996944 0.001082531754734374 0
1138 0.002374999999961241 0.005412658773607359 0
1139 0.001499999999963824 0.005196152422657306 0
1140 0.001374999999962988 0.005412658773602353 0
1141 0.001249999999964326 0.00519615242265608 0
1142 0.003749999999950336 0.007361215932126634 0
1143 0.005749999999965536 0.004330127018893623 0
1144 0.005624999999966775 0.004113620667947197 0
1145 0.005499999999965833 0.004330127018892343 0
1146 0.01599999999993439 0.006928203230294127 0
1147 0.004499999999975984 0.001732050807538239 0
1148 0.004624999999976785 0.001515544456593265 0
1149 0.004749999999975408 0.0017320508075395 0
1150 0.004874999999976194 0.001515544456594525 0
1151 0.004749999999977588 0.001299038105648311 0
1152 0.004999999999976981 0.001299038105649569 0
1153 0.005124999999975587 0.001515544456595771 0
1154 0.005249999999976361 0.001299038105650821 0
1155 0.00537499999997497 0.001515544456596805 0
1156 0.00549999999997574 0.001299038105652031 0
1157 0.005624999999974342 0.001515544456598005 0
1158 0.005749999999975112 0.001299038105653265 0
1159 0.005874999999973709 0.00151554445659924 0
1160 0.005999999999974474 0.001299038105654512 0
1161 0.006124999999973067 0.001515544456600482 0
1162 0.006249999999973829 0.001299038105655761 0
1163 0.006374999999972418 0.001515544456601721 0
1164 0.00649999999997317 0.001299038105657005 0
1165 0.006624999999971765 0.001515544456602966 0
1166 0.006749999999972511 0.001299038105658257 0
1167 0.006874999999971106 0.001515544456604209 0
1168 0.006999999999971864 0.001299038105659517 0
1169 0.007124999999970441 0.00151554445660546 0
1170 0.0072499999999712 0.001299038105660777 0
1171 0.007374999999969767 0.001515544456606708 0
1172 0.007499999999970521 0.001299038105662038 0
1173 0.007624999999969088 0.001515544456607962 0
1174 0.007749999999969837 0.001299038105663347 0
1175 0.007874999999968404 0.001515544456609214 0
1176 0.007999999999969132 0.0012990381056646 0
1177 0.008124999999967703 0.001515544456610465 0
1178 0.008249999999968465 0.001299038105665709 0
1179 0.008374999999966997 0.001515544456611686 0
1180 0.00849999999996778 0.001299038105666877 0
1181 0.008624999999966295 0.001515544456612924 0
1182 0.00874999999996705 0.001299038105668237 0
1183 0.008874999999965579 0.001515544456614172 0
1184 0.008999999999966321 0.001299038105669574 0
1185 0.01624999999995588 0.002165063509485827 0
1186 0.0161249999999569 0.001948557158539008 0
1187 0.01637499999995701 0.001948557158540232 0
1188 0.016249999999958 0.001732050807593378 0
1189 0.01649999999995819 0.001732050807594553 0
1190 0.01637499999995913 0.001515544456647761 0
1191 0.01612499999995906 0.001515544456646586 0
1192 0.01662499999995936 0.001515544456648861 0
1193 0.01649999999996025 0.001299038105702105 0
1194 0.01674999999996043 0.001299038105703305 0
1195 0.01249999999995808 0.001299038105684351 0
1196 0.01624999999994959 0.003464101615162132 0
1197 0.009124999999964876 0.001515544456615455 0
1198 0.009249999999965633 0.001299038105670839 0
1199 0.009374999999965187 0.001515544456617719 0
1200 0.008499999999959797 0.004763139720799113 0
1201 0.008624999999958605 0.004979646071745582 0
1202 0.009249999999954918 0.005629165124586535 0
1203 0.007999999999951823 0.00649519052836425 0
1204 0.007749999999951877 0.006495190528363063 0
1205 0.01324999999995017 0.003031088913255946 0
1206 0.01174999999996129 0.002598076211356991 0
1207 0.004249999999978538 0.001299038105645706 0
1208 0.003749999999979832 0.001299038105643189 0
1209 0.01887499999993751 0.005412658773685709 0
1210 0.01887499999994986 0.002814582562335859 0
1211 0.01874999999994909 0.003031088913281147 0
1212 0.01887499999992306 0.008443747686929473 0
1213 0.001124999999946972 0.008443747686843226 0
1214 0.01887499999995191 0.002381569860444404 0
1215 0.001374984370685261 0.008876751365179259 0
1216 0.009874999999946064 0.008876760388778753 0
1217 0.009624999999946532 0.008876760388777709 0
1218 0.01062074045800366 0.008874449593703792 0
1219 0.01137382108395158 0.008862882346510311 0
1220 0.01212883684107503 0.008849814644161669 0
1221 0.01287882011509335 0.008854378927393295 0
1222 0.00187499999994425 0.008876760388739014 0
1223 0.002124999999944312 0.008876760388740234 0
1224 0.01337428423763904 0.00887099612767909 0
1225 0.01387940229388046 0.008893394299067164 0
1226 0.01862499999992131 0.008876760388819733 0
1227 0.01887499999992091 0.008876760388821049 0
1228 0.001124887990253315 0.008876695719909533 0
1229 0.00112499999996351 0.005412658773601087 0
1230 0.001249999999962145 0.00562916512454738 0
1231 0.01899999999993611 0.005629165124632435 0
1232 0.01887499999993516 0.005845671475577776 0
1233 0.01837499999995894 0.001082531754767553 0
1234 0.01812499999995932 0.001082531754766289 0
1235 0.01662499999996138 0.00108253175475639 0
1236 0.01687499999996156 0.001082531754757624 0
1237 0.01637499999996113 0.001082531754755174 0
1238 0.01387499999995998 0.001082531754742025 0
1239 0.01412499999996049 0.001082531754743236 0
1240 0.01424999999995968 0.001299038105690384 0
1241 0.01437499999996099 0.001082531754744449 0
1242 0.01449999999996018 0.001299038105691578 0
1243 0.01462499999996147 0.001082531754745667 0
1244 0.0136249999999594 0.001082531754740837 0
1245 0.01474999999996066 0.001299038105692764 0
1246 0.01487499999996193 0.001082531754746874 0
1247 0.01499999999996112 0.00129903810569394 0
1248 0.01512499999996235 0.001082531754748077 0
1249 0.01149995516094766 0.008227099074632553 0
1250 0.01074994101341936 0.008227207280058721 0
1251 0.0122500454198812 0.00822689439457615 0
1252 0.01300018596261232 0.008227017449902752 0
1253 0.01849999999994955 0.003031088913280057 0
1254 0.01862499999994838 0.003247595264226342 0
1255 0.01887499999994788 0.003247595264227399 0
1256 0.01874999999994722 0.003464101615172565 0
1257 0.01099999999995296 0.004330127018918137 0
1258 0.01087499999995422 0.004113620667971778 0
1259 0.01112499999995171 0.004546633369864509 0
1260 0.00999999999996278 0.002598076211347337 0
1261 0.01012499999996152 0.002814582562293581 0
1262 0.009874999999964034 0.002381569860400857 0
1263 0.01137499999994487 0.005845671475540067 0
1264 0.01162499999994436 0.005845671475541278 0
1265 0.01174999999994516 0.00562916512459634 0
1266 0.01187499999994383 0.005845671475542523 0
1267 0.01199999999994463 0.005629165124597598 0
1268 0.0121249999999433 0.005845671475543754 0
1269 0.01224999999994409 0.005629165124598833 0
1270 0.01237499999994276 0.005845671475544976 0
1271 0.01249999999994353 0.005629165124600054 0
1272 0.01262499999994221 0.005845671475546193 0
1273 0.01274999999994298 0.005629165124601157 0
1274 0.01287499999994166 0.005845671475547524 0
1275 0.01299999999994244 0.005629165124602365 0
1276 0.01312499999994113 0.005845671475548768 0
1277 0.01324999999994193 0.005629165124603763 0
1278 0.005249999999974672 0.001732050807541596 0
1279 0.01087499999994639 0.005845671475537914 0
1280 0.01199999999995019 0.004763139720815351 0
1281 0.01699999999996057 0.001299038105704408 0
1282 0.01712499999996173 0.001082531754758817 0
1283 0.01637499999992616 0.008443747686915909 0
1284 0.01649999999992487 0.008660254037862207 0
1285 0.01637499999992411 0.008876760388807265 0
1286 0.01662499999992358 0.008876760388808446 0
1287 0.01674999999992431 0.008660254037863397 0
1288 0.01687499999992303 0.008876760388809591 0
1289 0.01699999999992369 0.008660254037864567 0
1290 0.01712499999992246 0.00887676038881074 0
1291 0.01024999999994805 0.008227241335943443 0
1292 0.008874999999967867 0.001082531754723387 0
1293 0.008124999999963337 0.003247595264175368 0
1294 0.005749999999973737 0.001732050807543793 0
1295 0.006249999999972511 0.001732050807546276 0
1296 0.006749999999971265 0.001732050807548765 0
1297 0.007249999999969991 0.001732050807551264 0
1298 0.009499999999954637 0.005629165124587658 0
1299 0.007749999999968699 0.001732050807553759 0
1300 0.0087499999999595 0.004763139720800331 0
1301 0.008249999999967377 0.001732050807556242 0
1302 0.009249999999948738 0.006928203230261877 0
1303 0.008999999999948946 0.006928203230260736 0
1304 0.0142499999999348 0.008227241335960546 0
1305 0.01599999999994943 0.003464101615160562 0
1306 0.008749999999966035 0.001732050807558674 0
1307 0.0151249999999289 0.008443747686909605 0
1308 0.0152499999999275 0.008660254037855732 0
1309 0.01524999999996154 0.00129903810569513 0
1310 0.01537499999996278 0.001082531754749314 0
1311 0.008124999999969714 0.001082531754719627 0
1312 0.01337499999994904 0.003247595264202613 0
1313 0.01362499999994899 0.003247595264203889 0
1314 0.008124999999963401 0.004113620667959754 0
1315 0.01237499999995511 0.001948557158521438 0
1316 0.01149999999996834 0.001299038105680949 0
1317 0.01162499999996936 0.001082531754735538 0
1318 0.007374999999974721 0.001082531754717022 0
1319 0.006874999999973933 0.001082531754714502 0
1320 0.006374999999974575 0.001082531754710879 0
1321 0.004874999999978386 0.001082531754703383 0
1322 0.005874999999979071 0.001082531754710563 0
1323 0.0053749999999772 0.001082531754706407 0
1324 0.002874999999982845 0.001082531754693033 0
1325 0.00262499999998337 0.001082531754691704 0
1326 0.009499999999965134 0.001299038105672262 0
1327 0.009624999999966919 0.001515544456618959 0
1328 0.009374999999966421 0.001082531754726021 0
1329 0.0135000083391011 0.008227232947739076 0
1330 0.005374999999967067 0.004113620667945932 0
1331 0.01412500003896872 0.008010734946836236 0
1332 0.005249999999966119 0.004330127018891085 0
1333 0.00687499999996579 0.00324759526416929 0
1334 0.01512499999993505 0.007144709581235825 0
1335 0.007374999999962217 0.004546633369847628 0
1336 0.009999999999960681 0.003031088913238709 0
1337 0.01024999999996026 0.003031088913239927 0
1338 0.01312499999994913 0.003247595264201356 0
1339 0.01299999999995026 0.00303108891325475 0
1340 0.0009999999999626664 0.005629165124546102 0
1341 0.001124999999961312 0.005845671475492427 0
1342 0.0008752861391017444 0.005845506272981695 0
1343 0.001000421388196782 0.006061934537825837 0
1344 0.001249978726785125 0.00909325445761788 0
1345 0.001999999999943157 0.00909326673968585 0
1346 0.002249999999943284 0.009093266739687101 0
1347 0.002374999999944471 0.008876760388741427 0
1348 0.002499999999943513 0.009093266739688364 0
1349 0.0026249999999447 0.008876760388742652 0
1350 0.002746985861142912 0.009098991790346745 0
1351 0.002874497643478211 0.008877714563853393 0
1352 0.002990716683313723 0.009103386131234903 0
1353 0.003123369054429195 0.008878605983187305 0
1354 0.002999644449615767 0.008660720666056713 0
1355 0.003249668917305485 0.008660639408249423 0
1356 0.003374672995252861 0.0088771322162283 0
1357 0.003124999999947517 0.008443747686852306 0
1358 0.003499890318724589 0.008660380237455842 0
1359 0.003624927218960194 0.008876843393270349 0
1360 0.003749969589579197 0.008660288905164725 0
1361 0.003874982801387365 0.00887678003406296 0
1362 0.003749985003354372 0.009093283848000623 0
1363 0.003999999999945504 0.009093266739695611 0
1364 0.004124997133520102 0.008876763662968893 0
1365 0.004249999522207958 0.009093267285399905 0
1366 0.004374999442586097 0.008876761025404722 0
1367 0.004499999827440902 0.009100051579510158 0
1368 0.004624999878302715 0.008877891301496511 0
1369 0.004749999950944033 0.009108155317297225 0
1370 0.004874999971506165 0.008879430303810425 0
1371 0.00499999998705055 0.009102977797895413 0
1372 0.005124999993058021 0.008878823884296529 0
1373 0.005250193750080193 0.009095564756111148 0
1374 0.005375011767637572 0.008877025300803242 0
1375 0.005499999999947 0.009093266739702666 0
1376 0.005625001961229904 0.008876804540764673 0
1377 0.00575000032682778 0.009092814581959751 0
1378 0.005875000381309134 0.00887669238780184 0
1379 0.006000000117988168 0.009093180046588385 0
1380 0.006125000083182793 0.008876734606413587 0
1381 0.006250000033494263 0.009093247993795911 0
1382 0.00637500001941316 0.008876752967384244 0
1383 0.00649960835390092 0.009093036256440831 0
1384 0.006624934728853112 0.00887672073798762 0
1385 0.006748327329577062 0.009098657819666735 0
1386 0.006874710343039652 0.00887765229362655 0
1387 0.006998468082771146 0.009099976128197256 0
1388 0.007124696404270226 0.008878027270988896 0
1389 0.007249694081141061 0.009100843877144264 0
1390 0.007374898414204025 0.008878234392041336 0
1391 0.007499932082525432 0.009101023022144961 0
1392 0.007624971749424125 0.008878298769717706 0
1393 0.007749983971959935 0.009094815850277447 0
1394 0.009749999999945415 0.009093266739723911 0
1395 0.00949999999994584 0.009093266739722919 0
1396 0.01699999999992175 0.009093266739755761 0
1397 0.01724999999992111 0.009093266739756944 0
1398 0.01874427661610674 0.009096571136951351 0
1399 0.01849030328476273 0.009102478937538927 0
1400 0.01899904610261727 0.009093817472631669 0
1401 0.0009940944769228504 0.009096299596016367 0
1402 0.01912295201548537 0.008876558779495629 0
1403 0.0008664349632941902 0.00887907971718949 0
1404 0.0009999999999648721 0.00519615242265483 0
1405 0.001124999999965644 0.004979646071709861 0
1406 0.01899999999994671 0.003464101615173608 0
1407 0.01887499999994606 0.00368060796611875 0
1408 0.01337499999994134 0.005845671475550478 0
1409 0.01349999999994152 0.005629165124605143 0
1410 0.01824999999996096 0.0008660254038215486 0
1411 0.01799999999996307 0.0008660254038181839 0
1412 0.01849999999996002 0.0008660254038224837 0
1413 0.01362499999994099 0.005845671475552176 0
1414 0.01374999999994112 0.005629165124606446 0
1415 0.01387499999994017 0.005845671475553381 0
1416 0.01399999999994061 0.005629165124607509 0
1417 0.01412499999993928 0.005845671475553835 0
1418 0.01424999999994008 0.005629165124608571 0
1419 0.01437499999993877 0.005845671475554936 0
1420 0.01449999999993965 0.005629165124610032 0
1421 0.01462499999993835 0.005845671475556216 0
1422 0.01474999999993924 0.005629165124611309 0
1423 0.01862499999994657 0.003680607966117723 0
1424 0.01874999999994548 0.003897114317063911 0
1425 0.01899999999994492 0.003897114317064895 0
1426 0.01887499999994435 0.004113620668010028 0
1427 0.01862499999994489 0.004113620668009064 0
1428 0.01874999999994377 0.004330127018955187 0
1429 0.01899999999994322 0.00433012701895614 0
1430 0.01887499999994267 0.004546633369901295 0
1431 0.01724999999996066 0.001299038105705569 0
1432 0.001249999999948061 0.00822724133589796 0
1433 0.001000142850668102 0.008227158860995197 0
1434 0.001125023808402626 0.008010721239134599 0
1435 0.008874999999958309 0.004979646071746785 0
1436 0.009999999999944881 0.00909326673972494 0
1437 0.01037499999996858 0.001515544456621278 0
1438 0.0176249999999263 0.008010734985031272 0
1439 0.003374999999955865 0.006278684177395219 0
1440 0.009124999999965338 0.002381569860397306 0
1441 0.003124999999982267 0.001082531754694338 0
1442 0.004374999999966542 0.0041136206679407 0
1443 0.009624999999953452 0.005845671475534196 0
1444 0.004999999999960406 0.005196152422673424 0
1445 0.002249999999956047 0.006495190528335669 0
1446 0.01499999999994532 0.004763139720830355 0
1447 0.003999999999960813 0.005196152422668469 0
1448 0.004374999999951118 0.007144709581184235 0
1449 0.01749999999994018 0.005196152422733946 0
1450 0.01737499999993937 0.005412658773679181 0
1451 0.01724999999994049 0.005196152422732823 0
1452 0.0171249999999397 0.005412658773678099 0
1453 0.01724999999993855 0.00562916512462452 0
1454 0.004499999999972627 0.002598076211320619 0
1455 0.01349999999994157 0.006495190528390792 0
1456 0.01562499999995165 0.002814582562320761 0
1457 0.01724999999994475 0.004330127018949621 0
1458 0.01712499999994389 0.004546633369894785 0
1459 0.01699999999994509 0.004330127018948418 0
1460 0.01687499999994424 0.00454663336989364 0
1461 0.01674999999994545 0.004330127018947273 0
1462 0.01674999999995347 0.002598076211380591 0
1463 0.001250070231332718 0.006062137278336813 0
1464 0.001125455634940313 0.006278421116404828 0
1465 0.003249999999952653 0.00692820323023246 0
1466 0.01812499999992802 0.007577722283141773 0
1467 0.001375087644351004 0.006278633575871599 0
1468 0.00125009054652007 0.006495138251248103 0
1469 0.001007998319682192 0.006499271737967432 0
1470 0.001126348144338003 0.006712368368034694 0
1471 0.001375239781780358 0.006711800081222788 0
1472 0.00125026465432314 0.006928332345339266 0
1473 0.001000268799747532 0.006928336664199899 0
1474 0.001125088908981253 0.007144753339349602 0
1475 0.0158749999999568 0.00194855715853777 0
1476 0.006374999999963401 0.004546633369842582 0
1477 0.01124999999997138 0.0008660254037868967 0
1478 0.001375058927186685 0.007144738393384774 0
1479 0.01024999999996777 0.001732050807566401 0
1480 0.0103749999999665 0.001948557158512789 0
1481 0.01799999999995861 0.00129903810571142 0
1482 0.0111249999999538 0.004113620667973009 0
1483 0.01099999999995507 0.00389711431702664 0
1484 0.01074999999995548 0.003897114317025422 0
1485 0.01087499999995633 0.003680607966080271 0
1486 0.0106249999999567 0.00368060796607905 0
1487 0.0107499999999575 0.003464101615133885 0
1488 0.01699999999993887 0.005629165124623393 0
1489 0.01712499999993775 0.005845671475569845 0
1490 0.01699999999994082 0.005196152422731741 0
1491 0.01487499999995988 0.001515544456639823 0
1492 0.01149999999994357 0.006062177826486326 0
1493 0.01312499999994353 0.00541265877365784 0
1494 0.00574999999996772 0.003897114317001996 0
1495 0.01612499999994852 0.003680607966107442 0
1496 0.0163749999999484 0.003680607966108683 0
1497 0.006499999999966784 0.003897114317005818 0
1498 0.01437500000644079 0.008010734978652597 0
1499 0.007749999999965015 0.003897114317012106 0
1500 0.01499999999992821 0.008660254037854503 0
1501 0.01512499999992679 0.008876760388800626 0
1502 0.0153749999999261 0.008876760388801825 0
1503 0.01487499999992753 0.008876760388799384 0
1504 0.009374999999955759 0.005412658773641087 0
1505 0.01624999999994741 0.003897114317053996 0
1506 0.00862499999996069 0.004546633369853871 0
1507 0.01649999999996229 0.0008660254038093959 0
1508 0.0162499999999622 0.0008660254038083246 0
1509 0.007874999999950841 0.006711696879309393 0
1510 0.008124999999950765 0.006711696879310833 0
1511 0.007624999999950869 0.006711696879308358 0
1512 0.007499999999951896 0.006495190528361822 0
1513 0.00737499999995086 0.006711696879306975 0
1514 0.007249999999951894 0.006495190528360568 0
1515 0.007124999999950842 0.006711696879305749 0
1516 0.006999999999951875 0.006495190528359341 0
1517 0.006874999999950818 0.006711696879304749 0
1518 0.006749999999951864 0.006495190528358153 0
1519 0.006624999999950786 0.006711696879303377 0
1520 0.006499999999951845 0.006495190528356908 0
1521 0.006374999999950744 0.006711696879302161 0
1522 0.006249999999951785 0.006495190528355695 0
1523 0.006124999999950691 0.006711696879300952 0
1524 0.005999999999951723 0.006495190528354479 0
1525 0.005874999999950626 0.00671169687929976 0
1526 0.005749999999951679 0.006495190528353258 0
1527 0.005624999999950569 0.006711696879298548 0
1528 0.00549999999995161 0.006495190528352061 0
1529 0.005374999999950518 0.006711696879297367 0
1530 0.005249999999951554 0.006495190528350874 0
1531 0.005124999999950482 0.006711696879296162 0
1532 0.01524999999996362 0.0008660254038022321 0
1533 0.01549999999996403 0.0008660254038034711 0
1534 0.003624999999948141 0.008443747686854739 0
1535 0.004749999974933891 0.008660887509106697 0
1536 0.008999999999959195 0.004763139720801547 0
1537 0.0134999999999479 0.003464101615149286 0
1538 0.01374999999994785 0.003464101615150589 0
1539 0.009749999999954333 0.005629165124588852 0
1540 0.009874999999953142 0.005845671475535377 0
1541 0.007874999999953895 0.00887676038876738 0
1542 0.007999997328621018 0.009093524924808598 0
1543 0.005500002288110911 0.008660305548485608 0
1544 0.006250000017066764 0.008660248503859443 0
1545 0.01449999999996231 0.0008660254037945876 0
1546 0.007499978360574503 0.008660756101856917 0
1547 0.01374999999996076 0.000866025403794812 0
1548 0.01349999999996015 0.0008660254037936237 0
1549 0.002999999999983709 0.0008660254037480881 0
1550 0.003249999999983075 0.0008660254037493926 0
1551 0.0008796330993855394 0.004976971150511702 0
1552 0.001000772183203566 0.004762693900564087 0
1553 0.01911930738771187 0.004549920001105728 0
1554 0.01912499999993496 0.005845671475578954 0
1555 0.01899999999993398 0.006062177826524352 0
1556 0.01524999999992533 0.009100413594086663 0
1557 0.01549999999992473 0.009094457882138056 0
1558 0.01649999999992279 0.009093266739753535 0
1559 0.01624999999992328 0.009093266739752318 0
1560 0.000875059618091547 0.007144739113192512 0
1561 0.01912499999993788 0.005412658773685887 0
1562 0.0008797738875062972 0.008013459116643466 0
1563 0.01912499999994736 0.003247595264228474 0
1564 0.01699999999996272 0.0008660254038120092 0
1565 0.01724999999996288 0.000866025403813181 0
1566 0.009624999999965737 0.001082531754727285 0
1567 0.01224999999994198 0.00606217782648997 0
1568 0.01274999999994129 0.006062177826492745 0
1569 0.01487499999993796 0.005845671475557478 0
1570 0.0142500000075263 0.007794228626646049 0
1571 0.01449999999993591 0.007794228634070738 0
1572 0.01400000000770663 0.007794228626467461 0
1573 0.006999999999966065 0.003897114317008343 0
1574 0.01874999999993906 0.005196152422738951 0
1575 0.005124999999967354 0.004113620667944668 0
1576 0.001250024639329703 0.00736122802718004 0
1577 0.009499999999967155 0.0008660254037815154 0
1578 0.004999999999966402 0.004330127018889913 0
1579 0.01837499999994884 0.003247595264225279 0
1580 0.01499999999993886 0.005629165124612285 0
1581 0.01024999999996236 0.002598076211348538 0
1582 0.01524999999993173 0.007794228634073569 0
1583 0.01712499999995957 0.001515544456651131 0
1584 0.01724999999992327 0.008660254037865939 0
1585 0.01324999999995215 0.002598076211363742 0
1586 0.01387499999994893 0.003247595264205179 0
1587 0.0139999999999478 0.003464101615151887 0
1588 0.006874999999962803 0.004546633369845138 0
1589 0.005124999999964982 0.004546633369836251 0
1590 0.01824999999995 0.003031088913278985 0
1591 0.005624999999964259 0.004546633369838724 0
1592 0.0112499999999483 0.005196152422702386 0
1593 0.01149999999994782 0.005196152422703632 0
1594 0.008749999999957422 0.005196152422692104 0
1595 0.0072499999999588 0.005196152422684694 0
1596 0.01649999999992905 0.007794228634079429 0
1597 0.01687499999992502 0.008443747686918338 0
1598 0.009499999999959468 0.003464101615127712 0
1599 0.01012499999995942 0.003247595264185069 0
1600 0.01262499999994442 0.005412658773655193 0
1601 0.005249999999968303 0.003897114316999462 0
1602 0.002874940741558691 0.008443825458227612 0
1603 0.002999990123550279 0.008227254297801533 0
1604 0.01437499999995887 0.001515544456637493 0
1605 0.013874999999942 0.005412658773661517 0
1606 0.004624999999974611 0.001948557158484484 0
1607 0.01487499999994033 0.005412658773666258 0
1608 0.01437499999994138 0.005412658773664152 0
1609 0.01212499999994573 0.005412658773652827 0
1610 0.01687499999993804 0.005845671475568749 0
1611 0.01699999999993694 0.006062177826515198 0
1612 0.01724999999993664 0.006062177826516296 0
1613 0.01712499999993582 0.006278684177461601 0
1614 0.0168749999999361 0.00627868417746051 0
1615 0.01699999999993497 0.006495190528406919 0
1616 0.01674999999993524 0.006495190528405797 0
1617 0.01662499999994465 0.00454663336989255 0
1618 0.009124999999947866 0.007144709581207257 0
1619 0.008874999999948016 0.007144709581206127 0
1620 0.008749999999949113 0.006928203230259576 0
1621 0.008624999999948136 0.007144709581204983 0
1622 0.01662499999995723 0.001948557158541326 0
1623 0.01562499999996292 0.001082531754750673 0
1624 0.01587499999994867 0.003680607966106211 0
1625 0.01574999999994973 0.003464101615159521 0
1626 0.007999999999950526 0.006928203230255639 0
1627 0.009249999999965213 0.001732050807562293 0
1628 0.01450000000101787 0.008227241334901181 0
1629 0.004999999999951517 0.006495190528349682 0
1630 0.004874999999950462 0.006711696879295203 0
1631 0.006749940845283815 0.008660396080163611 0
1632 0.004249999592354 0.008660254503384203 0
1633 0.01287499999994929 0.00324759526420014 0
1634 0.01274999999995039 0.003031088913253549 0
1635 0.01299999999994811 0.003464101615146709 0
1636 0.008124999554732419 0.008876803419617637 0
1637 0.008249999480527964 0.009093316942372996 0
1638 0.01174999999996734 0.001299038105682787 0
1639 0.01187499999996757 0.001082531754736931 0
1640 0.01174999999997007 0.0008660254037899636 0
1641 0.01199999999996949 0.0008660254037906899 0
1642 0.01162499999996706 0.001515544456627725 0
1643 0.0007374128596502822 0.006036640944393067 0
1644 0.0007680849940536541 0.005182382098616416 0
1645 0.01922933368883005 0.004340342552225867 0
1646 0.01924999999994613 0.003464101615174662 0
1647 0.002124999999942083 0.009309773090632726 0
1648 0.001874999999942101 0.009316020849617065 0
1649 0.003874997500512529 0.009309775942025778 0
1650 0.003624997083940139 0.009309776417255331 0
1651 0.005125730053842146 0.009318461257548587 0
1652 0.005877648391409291 0.009310543938137945 0
1653 0.009874999999944288 0.009309773090670041 0
1654 0.01012620486258056 0.009315435315004313 0
1655 0.007123920593801921 0.009329673345289955 0
1656 0.01712499999992041 0.009310223444777702 0
1657 0.01737499999991972 0.00930984814971576 0
1658 0.01749999999992045 0.009093279249593671 0
1659 0.017624999999919 0.009309787685512442 0
1660 0.01774999999991979 0.009093267915686451 0
1661 0.01787317224399844 0.009308720463789237 0
1662 0.01886816373591944 0.009313720009572554 0
1663 0.01912370163970112 0.009310522699334496 0
1664 0.00111821290609657 0.00931413790588227 0
1665 0.0008593039028960759 0.00932696418962216 0
1666 0.0026206962723965 0.009330852562326511 0
1667 0.004376794859530225 0.009330476195526632 0
1668 0.00637442141935865 0.009316767834509803 0
1669 0.007623191041119229 0.009330359313032241 0
1670 0.008124999468159356 0.009309824488620326 0
1671 0.008374999824749737 0.009310322972400753 0
1672 0.008499999884182674 0.009093366753782924 0
1673 0.008624999951457523 0.009310414354933239 0
1674 0.008749999972575903 0.009093390286107087 0
1675 0.008874999987306401 0.009309900559107616 0
1676 0.01637499999992194 0.00931030603900297 0
1677 0.01612499999992237 0.009310394863719087 0
1678 0.0007453317692414876 0.008233839058701972 0
1679 0.0007485397669981997 0.004760162467643283 0
1680 0.0008790556618608002 0.004548470602699231 0
1681 0.001125804640822797 0.004546865271932214 0
1682 0.001000810050427136 0.004330471874704594 0
1683 0.000768744176442157 0.00434158402855737 0
1684 0.0008803491951989222 0.004116794398453402 0
1685 0.001126026540918007 0.004114207098986752 0
1686 0.00100106262266746 0.003897741010578031 0
1687 0.0007680309122865036 0.003893190190863465 0
1688 0.0008817824335395012 0.003677979830364558 0
1689 0.001126307509349647 0.003680274392356129 0
1690 0.001001348323797614 0.003463607996863345 0
1691 0.0007734189118822352 0.003447534717587611 0
1692 0.0008749999999746887 0.003247595264141165 0
1693 0.001125224720612016 0.00324751299443834 0
1694 0.001000314259748279 0.003031235015789183 0
1695 0.001250089830044088 0.003031099552011855 0
1696 0.001125344154616615 0.002814768500029102 0
1697 0.001375072330761568 0.002814615325017109 0
1698 0.001250069414215396 0.002598112661395426 0
1699 0.0009999999999778962 0.002598076211303407 0
1700 0.001125011569018572 0.002381575935372943 0
1701 0.001375013497191995 0.002381576947876732 0
1702 0.001250001522468836 0.002165064308885751 0
1703 0.001000002181901351 0.002165064655159032 0
1704 0.00112500022498186 0.001948557276615259 0
1705 0.001375000291229618 0.001948557311403889 0
1706 0.0012500000438812 0.00173205083057139 0
1707 0.00150000005584034 0.001732050836852599 0
1708 0.001375000008466344 0.001515544461028686 0
1709 0.001625000010706962 0.00151554446220661 0
1710 0.001500000001617906 0.001299038106486568 0
1711 0.001250000001670846 0.001299038106512973 0
1712 0.001750000002044107 0.001299038106712344 0
1713 0.001374999999985935 0.001082531754682328 0
1714 0.001126642465368977 0.001081583477159882 0
1715 0.001006002718409153 0.001300291128813644 0
1716 0.001750000011079344 0.001732050813349374 0
1717 0.001244325572108307 0.0008605018425500963 0
1718 0.001499054262007217 0.0008651048102065255 0
1719 0.001002771510470496 0.0008764798467136475 0
1720 0.0008750004011347 0.001948557369113631 0
1721 0.0007582075721394148 0.003026133362498286 0
1722 0.0007500004304922105 0.002165063735475954 0
1723 0.0007500547362778903 0.006928230391220242 0
1724 0.01924768924304954 0.006060843710416334 0
1725 0.01912230411690119 0.006277127708676911 0
1726 0.01887455068609435 0.006278424766004071 0
1727 0.01899947580045349 0.006494887881706462 0
1728 0.01923894150480544 0.006499942380965244 0
1729 0.01912403124266724 0.006712159093805744 0
1730 0.01887475117380718 0.006711723473983997 0
1731 0.01899979706936528 0.00692828469848606 0
1732 0.01937461487378742 0.005845449122895217 0
1733 0.01924801358982209 0.006929327952776416 0
1734 0.01912463510981678 0.007144910613029384 0
1735 0.01887490536314936 0.007144756664579396 0
1736 0.01899992341211257 0.007361257284717485 0
1737 0.01874999999992778 0.007361215932199757 0
1738 0.01887498723529093 0.00757772917523259 0
1739 0.01912498510785169 0.007577730323914789 0
1740 0.018999995390474 0.007794231122901938 0
1741 0.0192611612993683 0.007786858950006761 0
1742 0.01837499999996206 0.0006495190528764184 0
1743 0.01862499999996108 0.0006495190528773104 0
1744 0.01537499999996833 0.0006495190528534244 0
1745 0.01562499999996532 0.0006495190528576152 0
1746 0.01512499999996501 0.0006495190528546623 0
1747 0.00974999999996644 0.0008660254037828057 0
1748 0.009874999999965028 0.001082531754728208 0
1749 0.01324999999994214 0.006062177826496862 0
1750 0.008749999999947085 0.007361215932151595 0
1751 0.01899905123123655 0.004763687492714619 0
1752 0.01924320049088822 0.004767065419230256 0
1753 0.007249999999951261 0.006928203230251884 0
1754 0.01362499999994679 0.003680607966095943 0
1755 0.001000799615952249 0.007794680364984165 0
1756 0.0007556750282390675 0.007794405589097656 0
1757 0.01849999999994429 0.004330127018954207 0
1758 0.009999999999971991 0.0004330127018920303 0
1759 0.01874984187182395 0.00476323101615823 0
1760 0.01837499999994541 0.004113620668008051 0
1761 0.005499999999950401 0.00692820323024352 0
1762 0.01012499999996792 0.001515544456619848 0
1763 0.009999999999968052 0.00173205080756513 0
1764 0.01099999999995717 0.003464101615135107 0
1765 0.004874999999967635 0.004113620667943424 0
1766 0.01712499999996387 0.000649519052866389 0
1767 0.01737499999996899 0.0006495190528626919 0
1768 0.01812499999994928 0.003247595264224212 0
1769 0.006124999999952844 0.006278684177408986 0
1770 0.001500013927721112 0.007361222749995004 0
1771 0.01737499999995953 0.001515544456652304 0
1772 0.004749999999966678 0.004330127018888677 0
1773 0.009124999999958 0.004979646071747992 0
1774 0.002499999999945616 0.008660254037795729 0
1775 0.001250137237359631 0.007794301631532954 0
1776 0.006874999999952921 0.006278684177412685 0
1777 0.01412499999994887 0.003247595264206488 0
1778 0.01424999999994774 0.003464101615153176 0
1779 0.003249998353882227 0.008227243496222614 0
1780 0.003124999999949534 0.008010734984959772 0
1781 0.003374999725605243 0.008010735345013625 0
1782 0.003249999954226578 0.007794228694022967 0
1783 0.002874998353883026 0.008010737145274604 0
1784 0.01887499999995397 0.001948557158553023 0
1785 0.01899999999995474 0.001732050807607923 0
1786 0.01912499999995343 0.001948557158554188 0
1787 0.01924999999995419 0.001732050807609153 0
1788 0.009249999999967881 0.0008660254037799667 0
1789 0.01399999999995705 0.001732050807582154 0
1790 0.01137499999994914 0.00497964607175732 0
1791 0.01549999999993309 0.007361215932183082 0
1792 0.003874994931553716 0.00844375349808312 0
1793 0.01374999999993683 0.007361215932174234 0
1794 0.01362499999993609 0.00757772228311912 0
1795 0.0133749999999368 0.007577722283117914 0
1796 0.004624999999978927 0.001082531754702071 0
1797 0.004749999999979653 0.0008660254037571075 0
1798 0.004499999999980061 0.0008660254037557922 0
1799 0.0166249999999215 0.009309861915417193 0
1800 0.01912499999995546 0.001515544456662842 0
1801 0.01049999999995589 0.003897114317024211 0
1802 0.01762499999994965 0.003247595264222317 0
1803 0.004999999999977896 0.0008660254037591691 0
1804 0.0007503338289598137 0.005628972388283765 0
1805 0.01824999999994814 0.003464101615170452 0
1806 0.01599999999993659 0.006495190528402562 0
1807 0.01287499999995137 0.002814582562308158 0
1808 0.01262499999995149 0.002814582562306948 0
1809 0.00487499999997404 0.00194855715848575 0
1810 0.01124999999994407 0.006062177826485133 0
1811 0.00774999999995403 0.006062177826470995 0
1812 0.0179999999999523 0.002598076211386335 0
1813 0.0118749999999515 0.004546633369869059 0
1814 0.00774999999996065 0.00476313972079536 0
1815 0.01049999999995378 0.004330127018915684 0
1816 0.001500009589109514 0.00606217229014169 0
1817 0.01037499999995714 0.003680607966077859 0
1818 0.01762499999992129 0.008876762669773898 0
1819 0.008999999999955146 0.005629165124585307 0
1820 0.009374999999947689 0.007144709581208384 0
1821 0.009874999999957838 0.003680607966075327 0
1822 0.00249999999998246 0.001299038105636721 0
1823 0.002374999999983838 0.001082531754690377 0
1824 0.002499999999984763 0.0008660254037453505 0
1825 0.002249999999985225 0.0008660254037440109 0
1826 0.01337499999995884 0.001082531754739626 0
1827 0.01324999999995954 0.0008660254037924099 0
1828 0.01312499999995839 0.001082531754738489 0
1829 0.0129999999999601 0.0008660254037918387 0
1830 0.01687499999994638 0.004113620668002139 0
1831 0.01674999999994338 0.004763139720838918 0
1832 0.01437499999994882 0.003247595264207755 0
1833 0.01449999999994769 0.003464101615154445 0
1834 0.01462499999994879 0.00324759526420902 0
1835 0.01474999999994768 0.003464101615155707 0
1836 0.01437499999994661 0.003680607966099864 0
1837 0.01487499999994876 0.003247595264210293 0
1838 0.01499999999994763 0.003464101615156978 0
1839 0.01512499999994853 0.003247595264211669 0
1840 0.01524999999994798 0.003464101615158078 0
1841 0.01512499999994656 0.003680607966103635 0
1842 0.01537499999994859 0.003247595264212061 0
1843 0.01187499999997161 0.0006495190528432478 0
1844 0.01212499999997174 0.000649519052845301 0
1845 0.01087499999995834 0.003247595264188784 0
1846 0.001625012142453911 0.007144715519518923 0
1847 0.0163749999999325 0.007144709581241739 0
1848 0.01637499999996532 0.0006495190528636109 0
1849 0.01162499999997285 0.0006495190528407599 0
1850 0.01599999999992365 0.009093370368587837 0
1851 0.01587499999992281 0.009309893991005755 0
1852 0.007374999999952964 0.006278684177415158 0
1853 0.01399999999993909 0.006062177826499856 0
1854 0.01437500000120121 0.007577722281886793 0
1855 0.01462500000014674 0.007577722282919161 0
1856 0.01449999999993745 0.00606217782650129 0
1857 0.01662499999996385 0.0006495190528638034 0
1858 0.01087499999997335 0.0006495190528395753 0
1859 0.0093749999999483 0.008876760388775566 0
1860 0.001625016205548564 0.006278674821084511 0
1861 0.01799969537393247 0.009093091497929471 0
1862 0.01811447755879521 0.009324258546932642 0
1863 0.002249999999983027 0.001299038105635373 0
1864 0.01737499999993545 0.006278684177462684 0
1865 0.01649999999994583 0.004330127018946276 0
1866 0.01874999999995967 0.0008660254038237468 0
1867 0.01887499999996071 0.000649519052878512 0
1868 0.01899999999995937 0.0008660254038250492 0
1869 0.01912499999996058 0.0006495190528797145 0
1870 0.01924999999995907 0.0008660254038263793 0
1871 0.01937499999996048 0.0006495190528810014 0
1872 0.01124999999995465 0.00389711431702793 0
1873 0.01137499999995337 0.004113620667974262 0
1874 0.001500019304839147 0.003031094080053033 0
1875 0.01649999999994394 0.004763139720837781 0
1876 0.01137499999994278 0.006278684177431378 0
1877 0.01112499999994329 0.006278684177430171 0
1878 0.01162499999994227 0.006278684177432567 0
1879 0.01674999999993933 0.005629165124622234 0
1880 0.00137386527210843 0.009310498512826993 0
1881 0.01662499999994249 0.004979646071784184 0
1882 0.01749999999996048 0.001299038105707256 0
1883 0.005374999999952741 0.006278684177405427 0
1884 0.01562499999994891 0.003680607966105013 0
1885 0.008499999999947154 0.007361215932150445 0
1886 0.01862499787248757 0.007577723431826041 0
1887 0.01874999999992411 0.008227241335983008 0
1888 0.001625015272584745 0.002814588883856258 0
1889 0.01912685944825663 0.008009507119159832 0
1890 0.01474999999992907 0.008660254037853381 0
1891 0.01749999999996299 0.0008660254038143876 0
1892 0.01762499999997014 0.0006495190528626576 0
1893 0.01849999964535472 0.007361216123645121 0
1894 0.01462499999992858 0.008876760388798413 0
1895 0.01474999999992689 0.009093266739744194 0
1896 0.01449999999992781 0.009093266739743082 0
1897 0.01462267979843726 0.009308433521734613 0
1898 0.01437461329967902 0.009309549829195235 0
1899 0.01486731620827368 0.009319324179645649 0
1900 0.01612499999996164 0.001082531754754195 0
1901 0.01262499999994991 0.003247595264198872 0
1902 0.005999999999950658 0.006928203230245907 0
1903 0.01337499999994688 0.00368060796609422 0
1904 0.01612499999997013 0.0006495190528593727 0
1905 0.003499999946605298 0.007794228704026001 0
1906 0.009249999999947012 0.007361215932153648 0
1907 0.00949999999994664 0.007361215932154867 0
1908 0.006499999999950931 0.0069282032302483 0
1909 0.01762499999995931 0.001515544456654078 0
1910 0.003749999155216233 0.008227242304447047 0
1911 0.003374999991527094 0.007577722294124904 0
1912 0.009374999999970733 0.0006495190528354698 0
1913 0.009124999999970981 0.0006495190528338138 0
1914 0.009249999999958429 0.004763139720802496 0
1915 0.009124999999959619 0.004546633369855863 0
1916 0.009374999999957119 0.00497964607174899 0
1917 0.009999999999953527 0.005629165124590095 0
1918 0.009874999999954625 0.00541265877364292 0
1919 0.01012499999995178 0.005845671475535883 0
1920 0.009999999999951773 0.006062177826481688 0
1921 0.01024999999995093 0.006062177826482227 0
1922 0.01224999999996849 0.0008660254037917837 0
1923 0.0123749999999713 0.0006495190528463542 0
1924 0.01362499999996152 0.000649519052847907 0
1925 0.0138749999999622 0.0006495190528487766 0
1926 0.007999999925751521 0.008660261209630388 0
1927 0.01312499999996046 0.0006495190528458485 0
1928 0.01187499999996662 0.001515544456629309 0
1929 0.01174999999996602 0.001732050807574441 0
1930 0.01249999999996817 0.0008660254037938715 0
1931 0.01287499999996241 0.0006495190528466134 0
1932 0.004874999999978821 0.0006495190528131091 0
1933 0.00312499999998453 0.0006495190528055324 0
1934 0.001374999999988202 0.0006495190527904969 0
1935 0.002374999999986891 0.0006495190528004105 0
1936 0.005124999999979247 0.0006495190528211431 0
1937 0.002874999999988041 0.0006495190528038886 0
1938 0.003374999999984211 0.000649519052805794 0
1939 0.003499999999982446 0.0008660254037508902 0
1940 0.003624999999985916 0.0006495190528103893 0
1941 0.003749999999982153 0.000866025403752748 0
1942 0.003874999999985622 0.0006495190528121171 0
1943 0.003999999999981567 0.0008660254037542034 0
1944 0.004124999999984938 0.0006495190528133169 0
1945 0.002124999999987681 0.0006495190527998279 0
1946 0.001999999999985664 0.0008660254037426968 0
1947 0.001874999999988673 0.0006495190527992121 0
1948 0.0006309077160135146 0.001951967972663362 0
1949 0.0007509846861798283 0.001732619311658689 0
1950 0.01937499999992518 0.008010734985041212 0
1951 0.01925030990797931 0.008227036691673149 0
1952 0.001242880401845384 0.009530989200692772 0
1953 0.002000065980540104 0.009529835249593211 0
1954 0.003749999999943125 0.00952627944158731 0
1955 0.0144972286481471 0.009524679400938112 0
1956 0.01536388085127307 0.009332559286025917 0
1957 0.01937460811655887 0.007144930540296687 0
1958 0.0006204754915106387 0.007145910280627885 0
1959 0.0193705127018482 0.001512953713894206 0
1960 0.01937893631780162 0.007570580733207937 0
1961 0.0193690924225397 0.001951967899965127 0
1962 0.01924901540371657 0.002165631966402026 0
1963 0.01649999999996556 0.0004330127019171565 0
1964 0.01524999999997655 0.0004330127019002529 0
1965 0.01374999999996453 0.0004330127018999175 0
1966 0.01199999999997316 0.000433012701897514 0
1967 0.01512499999993817 0.005845671475559034 0
1968 0.01499999999993799 0.006062177826504642 0
1969 0.01524999999993863 0.005629165124613539 0
1970 0.01149999999994152 0.006495190528377623 0
1971 0.01362499999994197 0.006278684177446005 0
1972 0.01349999999993541 0.007794228634063986 0
1973 0.01324999999993616 0.007794228634062866 0
1974 0.01912370862031418 0.004980391650168285 0
1975 0.01936895465029763 0.004983136356037626 0
1976 0.0007492558515694834 0.007361420970692176 0
1977 0.0182499999999448 0.004330127018953228 0
1978 0.009374999999946832 0.007577722283099845 0
1979 0.009624999999945641 0.007577722283101306 0
1980 0.01724999999995836 0.001732050807598109 0
1981 0.01174999999995068 0.004763139720814118 0
1982 0.01162499999995158 0.004546633369867531 0
1983 0.01187499999994926 0.004979646071760356 0
1984 0.008624999999948119 0.007577722283097413 0
1985 0.003124999990926887 0.007577722294911737 0
1986 0.01274999999995242 0.002598076211361602 0
1987 0.0124999999999526 0.002598076211360351 0
1988 0.01699999999995854 0.001732050807596691 0
1989 0.01024978656220357 0.009093971277483209 0
1990 0.01037824090711925 0.009315268459316005 0
1991 0.01149999999995433 0.003897114317029248 0
1992 0.01024999999996739 0.00129903810567487 0
1993 0.01112499999995814 0.003247595264190067 0
1994 0.0101249999999506 0.006278684177428059 0
1995 0.01037499999995024 0.006278684177429231 0
1996 0.01474999999995012 0.00303108891326349 0
1997 0.01312499999993755 0.007577722283116727 0
1998 0.01299999999993693 0.007794228634061676 0
1999 0.01037499999995901 0.003247595264186283 0
2000 0.01049999999995985 0.003031088913241134 0
2001 0.01687499999993412 0.006711696879352198 0
2002 0.01662499999993442 0.006711696879351086 0
2003 0.01649999999993555 0.00649519052840473 0
2004 0.01712499999993379 0.006711696879353312 0
2005 0.01837499999993985 0.00497964607179229 0
2006 0.008749999999964946 0.002598076211341218 0
2007 0.008624999999966227 0.002381569860394938 0
2008 0.008374999999966741 0.002381569860393712 0
2009 0.008499999999967308 0.00216506350944881 0
2010 0.008749999999966777 0.002165063509450024 0
2011 0.008249999999967835 0.002165063509447585 0
2012 0.01112499999994962 0.004979646071756049 0
2013 0.01799999999995039 0.003031088913277938 0
2014 0.01399999999995013 0.003031088913259742 0
2015 0.01712499999994165 0.004979646071786436 0
2016 0.001750001583423677 0.007361216706911135 0
2017 0.01649999999994733 0.003897114317055115 0
2018 0.0166249999999483 0.003680607966109801 0
2019 0.01637499999993484 0.006711696879350062 0
2020 0.009874999999959838 0.003247595264183823 0
2021 0.008749999999951238 0.006495190528367698 0
2022 0.009749999999946352 0.007361215932155967 0
2023 0.009874999999945261 0.007577722283102432 0
2024 0.009749999999945393 0.007794228634047321 0
2025 0.009999999999944227 0.007794228634048742 0
2026 0.01012499999994488 0.007577722283103588 0
2027 0.01024999999994381 0.007794228634049828 0
2028 0.0112499999999663 0.001732050807571404 0
2029 0.008499999999951458 0.006495190528366506 0
2030 0.01924925211693842 0.001298606315256224 0
2031 0.01950049326615194 0.001301528166476106 0
2032 0.01562499999992544 0.008876958912534746 0
2033 0.01749999999993626 0.00606217782651729 0
2034 0.004749999999973263 0.002165063509430641 0
2035 0.004999999999972869 0.002165063509431922 0
2036 0.004499999999973951 0.002165063509429369 0
2037 0.01274999999995746 0.001299038105684795 0
2038 0.008499999999949276 0.006928203230258413 0
2039 0.01662499999993847 0.005845671475567618 0
2040 0.009249999999965182 0.00216506350945237 0
2041 0.009499999999964846 0.00216506350945395 0
2042 0.01574999999994822 0.003897114317051489 0
2043 0.004999999999950044 0.006928203230241326 0
2044 0.001750002940236563 0.0030310898901093 0
2045 0.01349999999994668 0.003897114317040387 0
2046 0.004749999999951942 0.006495190528348203 0
2047 0.004874999999952844 0.006278684177402843 0
2048 0.004624999999950845 0.006711696879293727 0
2049 0.0142588545034603 0.009088080169247221 0
2050 0.0141459695210469 0.009305477242455578 0
2051 0.01474999999996991 0.007794228634037417 0
2052 0.01487499999997612 0.007577722283086833 0
2053 0.003249999999952705 0.007361215932121966 0
2054 0.008624999976097079 0.008876797648847827 0
2055 0.008874999991414704 0.008876787189849331 0
2056 0.01049999999994923 0.006062177826482805 0
2057 0.01062499999994864 0.006278684177429435 0
2058 0.01012499999995238 0.005412658773643109 0
2059 0.009374999999957535 0.004546633369855907 0
2060 0.003999999014427135 0.008227242465871818 0
2061 0.01237499999995295 0.002814582562306522 0
2062 0.01224999999995433 0.002598076211360092 0
2063 0.0123749999999539 0.00238156986041397 0
2064 0.01212499999995555 0.002381569860413602 0
2065 0.009249999999947748 0.009093266739720546 0
2066 0.009382845689733826 0.009312392428649435 0
2067 0.008249999913384038 0.008660262404934274 0
2068 0.01199999999996322 0.00173205080757667 0
2069 0.01187499999996262 0.001948557158521451 0
2070 0.01224999999996112 0.001299038105684897 0
2071 0.00299999999999006 0.0004330127018644333 0
2072 0.0193705608150713 0.003247996053523099 0
2073 0.01924926013580209 0.003031155711498867 0
2074 0.01953528829555147 0.003484058181345253 0
2075 0.01936484356671713 0.003689591143840102 0
2076 0.01952342667831881 0.004758924490407584 0
2077 0.0195362068043828 0.008239675178994653 0
2078 0.01936471415754537 0.008448643894565811 0
2079 0.01953530514097129 0.003019479447040457 0
2080 0.01937499999994863 0.00281458256233832 0
2081 0.0004646106224595383 0.00173845047826489 0
2082 0.000643456174561294 0.001522634713103393 0
2083 0.01949490931076572 0.006071573696826613 0
2084 0.0196196369273691 0.005858697338440963 0
2085 0.01959188710512588 0.006307595223194289 0
2086 0.01949207649051588 0.005635320562614439 0
2087 0.0194948800118665 0.002165809127068587 0
2088 0.01937398256923065 0.002381788872858026 0
2089 0.01962083392359136 0.002379348626902458 0
2090 0.0005049559835627696 0.002165714433983988 0
2091 0.0006249999999784523 0.002381569860355443 0
2092 0.0003770869034097769 0.002380116647703631 0
2093 0.0004977675663463128 0.002602136926714356 0
2094 0.0003802729610303979 0.002832621455224975 0
2095 0.001499999999941815 0.009526279441575233 0
2096 0.002250335547905258 0.009529434323567145 0
2097 0.00400033257692232 0.009529280179614736 0
2098 0.003499736876428576 0.009531257492072009 0
2099 0.00336927256473897 0.009313884456748404 0
2100 0.003246862504492259 0.009529910968803569 0
2101 0.01949692503368133 0.006920035257758515 0
2102 0.0004971445388402754 0.006928283331079758 0
2103 0.0006296422266997906 0.00667071362817349 0
2104 0.01000163854449047 0.009534239130745659 0
2105 0.009752767882535663 0.009526165687733117 0
2106 0.008249999882127809 0.009531480516442439 0
2107 0.007999667286358054 0.009529507932891276 0
2108 0.008749999989783994 0.009532045643697253 0
2109 0.009005350894123692 0.009536426558406232 0
2110 0.0159999999999327 0.009531504082081048 0
2111 0.01574420070545169 0.009531031751302226 0
2112 0.01650014343597473 0.009531204299013442 0
2113 0.01675137220461372 0.009532439224256561 0
2114 0.01687623917368417 0.009761698983462913 0
2115 0.01725091969943573 0.009532076190224534 0
2116 0.01774756299203185 0.00952880293758797 0
2117 0.01899864422922371 0.009531584790747621 0
2118 0.01874664514324385 0.009528546160744365 0
2119 0.01924955764477402 0.009532348079535921 0
2120 0.01936310424425809 0.00931760998244976 0
2121 0.01949736629040333 0.009536717292681839 0
2122 0.0004999999999549593 0.007361215932109163 0
2123 0.01950631196845673 0.0008670632822970534 0
2124 0.01962499999996047 0.0006495190528823171 0
2125 0.01962237969485696 0.007135029725396325 0
2126 0.01959382282529357 0.006697325972197771 0
2127 0.01962993142359454 0.00110389597969778 0
2128 0.01974999999993554 0.005629165124635688 0
2129 0.01587403345088564 0.009762585816338763 0
2130 0.009876622693783792 0.0097622003703261 0
2131 0.01026016649295532 0.009536747443405531 0
2132 0.01051264716933575 0.009526536993214383 0
2133 0.01062771586585085 0.009304173578429281 0
2134 0.01075878033970327 0.009519831537459182 0
2135 0.0108762059151585 0.009293812836575835 0
2136 0.01100641929004568 0.009515447887062779 0
2137 0.01112542775385217 0.009285330659755108 0
2138 0.01126155798763008 0.009489310844279153 0
2139 0.01137988939494555 0.009273509891893876 0
2140 0.01099382828572167 0.009075230720521492 0
2141 0.0115095527151141 0.009465288966821972 0
2142 0.0116299355161063 0.009256010411365529 0
2143 0.01176071909953627 0.009449174278876434 0
2144 0.011876324374641 0.009246813252669114 0
2145 0.01201022803835869 0.009439191935474612 0
2146 0.01213173000090742 0.009238773662155548 0
2147 0.01226036547548921 0.009432326144810996 0
2148 0.01238214248156178 0.009221708504831659 0
2149 0.01251080255016002 0.009417188179792046 0
2150 0.01262626909743656 0.009214635882947656 0
2151 0.01275981015367549 0.009407666143897694 0
2152 0.01175239406789503 0.009056468536197194 0
2153 0.01287449290207463 0.009199552290736518 0
2154 0.01300924617437936 0.009398567863510799 0
2155 0.01312414926997053 0.009187977957426636 0
2156 0.01325886004621701 0.009385084009450078 0
2157 0.01250699235681623 0.009033468518704187 0
2158 0.01263299051167908 0.009627984115692134 0
2159 0.01189471347972038 0.009668157672251742 0
2160 0.01337357039145788 0.009170086394909467 0
2161 0.01350861084326006 0.009373992790596138 0
2162 0.01362327670342058 0.009157972032958511 0
2163 0.01373509534853065 0.009354967506091945 0
2164 0.01113038176317992 0.009747436904914215 0
2165 0.01338579484450663 0.009605979940748686 0
2166 0.01386143673331587 0.009142905283215553 0
2167 0.01038326174019639 0.009759214749764704 0
2168 0.01887421489539276 0.009762139683958653 0
2169 0.00387488655647442 0.00976313938761935 0
2170 0.004254060136948281 0.009554794552385702 0
2171 0.001373824397055437 0.009763294740332683 0
2172 0.002125281124350515 0.009762016942094831 0
2173 0.00249741972342891 0.009551255746397451 0
2174 0.009130126231671124 0.009763576184298217 0
2175 0.009256482605092729 0.009534361481799361 0
2176 0.001750140543110535 0.0095518644731884 0
2177 0.003117881771129838 0.009771117982116481 0
2178 0.002977324683335262 0.009552807555572961 0
2179 0.003108244646514668 0.009324771789415987 0
2180 0.008624999998792383 0.009760991470895191 0
2181 0.01637516734200956 0.009766028145646677 0
2182 0.008124908104588335 0.00976093369403154 0
2183 0.007745938652457469 0.00955480398023428 0
2184 0.01937353423603294 0.009762464315130497 0
2185 0.01976809770343161 0.009579428658574037 0
2186 0.001115964980542602 0.009770833943412357 0
2187 0.0009863873195819169 0.00955213439564929 0
2188 0.0007299130923892975 0.009568724417763757 0
2189 0.0006078601489220663 0.009343008512341218 0
2190 0.0007291825803200931 0.009109798793080593 0
2191 0.0006127077391070824 0.008882830158984247 0
2192 0.0007494443852620194 0.008657943898769966 0
2193 0.0005027887407234722 0.008657701209820085 0
2194 0.0003706843768704101 0.008885397941570507 0
2195 0.0002407207456399665 0.008642727271323512 0
2196 0.0004573477696920293 0.009547183187093111 0
2197 0.009627971832299007 0.009756553879640618 0
2198 0.0186166575205083 0.009770122477728517 0
2199 0.0184821345804382 0.009556565674299373 0
2200 0.01823856830843611 0.009554342290371932 0
2201 0.01860294273903806 0.009326385236852341 0
2202 0.01561621987346054 0.009770611098216954 0
2203 0.01548854385937916 0.009552197610448265 0
2204 0.01523940737038988 0.009561809843290579 0
2205 0.01511512384837078 0.009326242579133906 0
2206 0.01498583890415697 0.00955020309299299 0
2207 0.00362491665593152 0.009765135264077142 0
2208 0.001875092271434412 0.00977057177868078 0
2209 0.01142415599258064 0.00973032898569709 0
2210 0.0006296556144385808 0.002815243208608736 0
2211 0.01625005179629148 0.009536605116921037 0
2212 0.008499999941152674 0.009535908038403091 0
2213 0.004376339976446045 0.00978088251509991 0
2214 0.002621427208484929 0.009780660450431643 0
2215 0.007623659821802035 0.009780884086415963 0
2216 0.01700145554982905 0.00953161497875131 0
2217 0.0009985884445688009 0.008660153292765401 0
2218 0.01949838853602987 0.0004320823227873752 0
2219 0.01899999999996444 0.0004330127019297201 0
2220 0.01849999999996491 0.0004330127019274784 0
2221 0.01824999999996242 0.0004330127019293597 0
2222 0.01724999999997942 0.000433012701908512 0
2223 0.0197697484007325 0.0004072197362470531 0
2224 0.01674999999996712 0.0004330127019161517 0
2225 0.01837499999997886 0.0002165063509598372 0
2226 0.01399999999996753 0.0004330127018981659 0
2227 0.01412499999996513 0.0006495190528424604 0
2228 0.01662499999997879 0.0002165063509617865 0
2229 0.009999999999965734 0.0008660254037835989 0
2230 0.009874999999966591 0.001515544456618949 0
2231 0.01174999999994097 0.0064951905283788 0
2232 0.01187499999994253 0.006278684177434222 0
2233 0.009749999999967349 0.001732050807565348 0
2234 0.009874999999966688 0.001948557158510728 0
2235 0.009499999999966523 0.001732050807564872 0
2236 0.01337499999994249 0.006278684177444355 0
2237 0.01324999999994211 0.006495190528389536 0
2238 0.01012499999994357 0.008010734984995245 0
2239 0.01337500138979674 0.008010733586973441 0
2240 0.009874999999969112 0.0006495190528378105 0
2241 0.008874999999947336 0.007577722283098404 0
2242 0.0138750000012314 0.007577722281854163 0
2243 0.01537499999993724 0.005845671475559936 0
2244 0.0154999999999385 0.005629165124615775 0
2245 0.0192487772117278 0.005196858399842711 0
2246 0.0195322430822506 0.005215220308748108 0
2247 0.01474999999997749 0.007361215932139007 0
2248 0.01537499999994721 0.003680607966104574 0
2249 0.01824355993550009 0.009102544209515966 0
2250 0.01012499999996684 0.001082531754728902 0
2251 0.004624999999967212 0.004113620667942078 0
2252 0.004499999999966123 0.004330127018887322 0
2253 0.01499999999996957 0.000433012701904756 0
2254 0.0148749999999648 0.0006495190528532936 0
2255 0.01474999999997215 0.0004330127018978689 0
2256 0.001125160248749992 0.007577811753654143 0
2257 0.001375056008843636 0.007577752513238274 0
2258 0.01837499999994346 0.004546633369899585 0
2259 0.01899999999993993 0.005196152422738528 0
2260 0.01062499999997476 0.0002165063509468509 0
2261 0.002999999998447637 0.007361215934095627 0
2262 0.004749999999968127 0.003897114316996826 0
2263 0.008749999994555781 0.008660264714686252 0
2264 0.008999999997630334 0.008660260284150076 0
2265 0.01937499999993837 0.005412658773685568 0
2266 0.01312499999994265 0.006278684177442802 0
2267 0.01812499999994576 0.004113620668007084 0
2268 0.01824999999994648 0.003897114317061852 0
2269 0.008374999999967188 0.001948557158502616 0
2270 0.0006258218132704997 0.007574693424838273 0
2271 0.0003759740199252585 0.007586836825940863 0
2272 0.0003704641013543212 0.007138671894387581 0
2273 0.01374999999994706 0.003897114317041757 0
2274 0.01208955014338393 0.009817504205105708 0
2275 0.01937311995871955 0.0002154209086325211 0
2276 0.01978123695376692 0.005118133458210555 0
2277 0.0002165063509460397 0.00487500000001304 0
2278 0.0004213191617862749 0.005015975245230978 0
2279 0.000409978272715434 0.005251905559394331 0
2280 0.0004769578500157047 0.004757259156838131 0
2281 0.0004271736092983675 0.004490556499553286 0
2282 0.0002155331688485331 0.004373426083269422 0
2283 0.0004166338593884045 0.004247473961405261 0
2284 0.00021361434684649 0.004124316674119104 0
2285 0.0004141566414317753 0.003998775303520176 0
2286 0.0004267164522158804 0.003752545668620739 0
2287 0.01162499999995351 0.004113620667975953 0
2288 0.01149999999995252 0.004330127018920946 0
2289 0.008874999999975763 0.0002165063509447838 0
2290 0.01887499999998154 0.0002165063509631083 0
2291 0.01124999999995679 0.003464101615136307 0
2292 0.01799999999994851 0.003464101615169468 0
2293 0.01199999999994214 0.006495190528381115 0
2294 0.01137499999997666 0.0002165063509463735 0
2295 0.004249999999981027 0.0008660254037554917 0
2296 0.004374999999982431 0.0006495190528135088 0
2297 0.00462499999998074 0.0006495190528142612 0
2298 0.004749999999979841 0.0004330127018750051 0
2299 0.01537499999998526 0.0002165063509476714 0
2300 0.01549999999998078 0.000433012701897855 0
2301 0.01574999999998144 0.0004330127018985404 0
2302 0.0158749999999875 0.0002165063509476652 0
2303 0.01599999999997826 0.0004330127019058738 0
2304 0.01978698235114016 0.008624367814885604 0
2305 0.004624999999965303 0.004546633369834009 0
2306 0.0002113248654031457 0.001375000000002933 0
2307 0.0002212560564680642 0.003368355767497212 0
2308 0.0004416799565365568 0.00326670777016561 0
2309 0.01349999999994165 0.006062177826498654 0
2310 0.01762499999999464 0.0002165063509470189 0
2311 0.01774999999998427 0.00043301270189813 0
2312 0.0174999999999812 0.000433012701905298 0
2313 0.01787499999997076 0.000649519052859385 0
2314 0.01712499999998345 0.0002165063509569671 0
2315 0.01149999999997522 0.0004330127018925966 0
2316 0.01124999999997606 0.0004330127018923397 0
2317 0.01849997364525518 0.004763154936731631 0
2318 0.009874999999974045 0.0002165063509454965 0
2319 0.01462499999998007 0.0002165063509435503 0
2320 0.01449999999996747 0.0004330127018848411 0
2321 0.01387499999994041 0.006278684177447101 0
2322 0.009374999999975922 0.0002165063509449707 0
2323 0.009499999999973316 0.0004330127018903602 0
2324 0.01362500162144022 0.00801073335396897 0
2325 0.01978674414775194 0.008876339067263782 0
2326 0.01959537859281102 0.009013041431727343 0
2327 0.01959325655256362 0.008751649680965553 0
2328 0.0002155759718060056 0.0006266114639439799 0
2329 0.0004328576387020889 0.0007502685773267347 0
2330 0.0004329868580264646 0.001000044762890331 0
2331 0.0006393963116366079 0.0008538231748222094 0
2332 0.0006469238724483259 0.0006202408517285057 0
2333 0.0006548828561274249 0.001105369871867215 0
2334 0.000216506350945806 0.006125000000010429 0
2335 0.000426725843697182 0.006260889157822806 0
2336 0.0004625823945903663 0.006019364238993646 0
2337 0.0004268682524139597 0.006504416658129764 0
2338 0.0006279129938668816 0.006404171948768848 0
2339 0.0004314688856329429 0.0005011316127759945 0
2340 0.000649519052840645 0.0003750000000042509 0
2341 0.0008651913209062421 0.0004857911580439475 0
2342 0.001101965362801785 0.0003596472263425296 0
2343 0.001092823315984139 0.0006202481652575216 0
2344 0.0004071321023534452 0.0002301830490853575 0
2345 0.0002207592439486312 0.008118533232720937 0
2346 0.0004098544641747021 0.00800151642317457 0
2347 0.0004693300197211441 0.008236799172367373 0
2348 0.004124999999979947 0.001082531754699759 0
2349 0.01977228802140072 0.00462637137121991 0
2350 0.01956796229095731 0.004489431331232919 0
2351 0.01958165644816359 0.004244426118810323 0
2352 0.01978586300790707 0.004123302204640225 0
2353 0.01959083921761439 0.003995318493441895 0
2354 0.001500032207667227 0.007794245838624315 0
2355 0.00137503220887905 0.008010747727673765 0
2356 0.01699999999993299 0.006928203230298647 0
2357 0.01724999999993242 0.006928203230299793 0
2358 0.009249999999956805 0.00519615242269443 0
2359 0.00949999999995642 0.005196152422695668 0
2360 0.004875000000013401 0.009783493649053879 0
2361 0.004750590105312599 0.009567327995560974 0
2362 0.005000519274486429 0.009562999668232338 0
2363 0.004875306561941537 0.009335067163949337 0
2364 0.005253699422261822 0.009541263301472229 0
2365 0.004625741897263093 0.009339436191411813 0
2366 0.005376468613869256 0.009312380160246957 0
2367 0.005504585726082331 0.009535555400193284 0
2368 0.005628944783996335 0.009764069547559708 0
2369 0.0057566328409268 0.009533073262638246 0
2370 0.01187499999997719 0.0002165063509471017 0
2371 0.01212499999997839 0.0002165063509475462 0
2372 0.01224999999997453 0.0004330127018973963 0
2373 0.01249999999997361 0.0004330127018984192 0
2374 0.01949467113471297 0.002596123676233681 0
2375 0.01924894228395727 0.002597787290933746 0
2376 0.019783493649053 0.008124999999995181 0
2377 0.0002201857107849136 0.001872329244446 0
2378 0.01162499999994495 0.006711696879326797 0
2379 0.007874999999979761 0.0002165063509454735 0
2380 0.00774999999998016 0.0004330127018898088 0
2381 0.007499999999981009 0.0004330127018908696 0
2382 0.007999999999979308 0.0004330127018902466 0
2383 0.007624999999980183 0.0006495190528328517 0
2384 0.007374999999981363 0.0006495190528354444 0
2385 0.01524999999994757 0.003897114317049774 0
2386 0.01499999999994718 0.003897114317048876 0
2387 0.01953488902417694 0.001737999146931712 0
2388 0.0002216756755252356 0.005887245097992407 0
2389 0.003624999804545304 0.008010735218062734 0
2390 0.0036249999999811 0.001082531754697062 0
2391 0.01774999999992516 0.008227241335977816 0
2392 0.01749999999992543 0.008227241335976533 0
2393 0.01737499999992658 0.008010734985030197 0
2394 0.01724999999992557 0.008227241335975036 0
2395 0.01712499999992694 0.008010734985028925 0
2396 0.01762499999992401 0.008443747686922758 0
2397 0.01049999999994887 0.006495190528375656 0
2398 0.01074999999994743 0.006495190528375384 0
2399 0.01712499999995756 0.001948557158543282 0
2400 0.01687499999995723 0.001948557158542566 0
2401 0.01749999999995841 0.00173205080759905 0
2402 0.01774999999995786 0.001732050807601124 0
2403 0.01787499999995617 0.001948557158548086 0
2404 0.01799999999995722 0.001732050807602951 0
2405 0.01549999999994896 0.003464101615158433 0
2406 0.01562499999994901 0.003247595264212698 0
2407 0.01587499999994987 0.003247595264213622 0
2408 0.01549999999995006 0.003031088913266377 0
2409 0.01037499999994441 0.007577722283104709 0
2410 0.01049999999994332 0.007794228634050954 0
2411 0.01062499999994399 0.007577722283105963 0
2412 0.01074999999994279 0.007794228634052137 0
2413 0.01087499999994344 0.00757772228310716 0
2414 0.01099999999994224 0.007794228634053299 0
2415 0.01062499016885632 0.008010729309016806 0
2416 0.01112499999994282 0.007577722283108272 0
2417 0.01124999999994153 0.007794228634054489 0
2418 0.01112499999994086 0.008010734984999508 0
2419 0.01137499252677612 0.008010711274781849 0
2420 0.0114999987544138 0.007794224682352029 0
2421 0.0107499999999446 0.007361215932160673 0
2422 0.01649999999993365 0.006928203230296394 0
2423 0.0141249999999514 0.002814582562314174 0
2424 0.007125000000018438 0.009783493649053473 0
2425 0.007249229993662782 0.009563323178151265 0
2426 0.006998293148514906 0.009561450668615488 0
2427 0.006869240340322205 0.00933943701069224 0
2428 0.007374098471464339 0.009336628257801167 0
2429 0.006748506980338295 0.009557231606530448 0
2430 0.008999999999968925 0.0008660254037786249 0
2431 0.00887499999997215 0.0006495190528333923 0
2432 0.01799999999992214 0.008660254037870473 0
2433 0.008624999999976093 0.0002165063509450606 0
2434 0.008499999999976653 0.0004330127018903006 0
2435 0.002749847139081617 0.008660503800254354 0
2436 0.002624964646738 0.008443802275822429 0
2437 0.002374994107745004 0.008443756785011204 0
2438 0.002749982310937816 0.008227265916331184 0
2439 0.002624996777436051 0.008010739441748389 0
2440 0.002749999999950527 0.007794228634011816 0
2441 0.008999999999966372 0.002165063509451117 0
2442 0.008374999801480114 0.008876800201230722 0
2443 0.007749991672602607 0.008660595307286629 0
2444 0.007624995005500262 0.008443888242457906 0
2445 0.007374995560981386 0.00844385479014226 0
2446 0.007499998427715285 0.008227282612403944 0
2447 0.007874997767286829 0.008443829186352997 0
2448 0.00724992812332295 0.008660812379952625 0
2449 0.007124987280684668 0.008443858594438219 0
2450 0.006999877166092424 0.0086607490510065 0
2451 0.006874967548651665 0.008443872347387303 0
2452 0.006624989094478878 0.008443779437209748 0
2453 0.01749999999992747 0.007794228634084814 0
2454 0.009124999999956014 0.00541265877363987 0
2455 0.008874999999956265 0.005412658773638773 0
2456 0.01112499999997657 0.000216506350946352 0
2457 0.01099999999997519 0.0004330127018930074 0
2458 0.01812499999994375 0.004546633369898701 0
2459 0.01978515204003717 0.00763079878522386 0
2460 0.01954774523642079 0.007767275651706001 0
2461 0.003374999999947717 0.008443747686853435 0
2462 0.01649999999995599 0.002165063509486993 0
2463 0.0167499999999559 0.002165063509488362 0
2464 0.00737499999998121 0.0002165063509454226 0
2465 0.010499999999969 0.001299038105676112 0
2466 0.0103749999999694 0.001082531754729958 0
2467 0.007249999999981476 0.0004330127018908243 0
2468 0.006999999999982284 0.0004330127018899303 0
2469 0.00712499999998188 0.0006495190528362542 0
2470 0.006874999999980279 0.0006495190528312162 0
2471 0.01124999999995064 0.004763139720811036 0
2472 0.01283761426733303 0.009804736302321754 0
2473 0.01012496442698873 0.008876877811739388 0
2474 0.01324999999994792 0.003464101615147997 0
2475 0.01312499999994699 0.003680607966092835 0
2476 0.01287499999994777 0.003680607966092312 0
2477 0.01299999999994702 0.003897114317037735 0
2478 0.01274999999994757 0.003897114317037422 0
2479 0.008124999999967223 0.002381569860392503 0
2480 0.007999999999968383 0.002165063509446343 0
2481 0.00987499999995109 0.006278684177427026 0
2482 0.01287499999993831 0.007577722283115556 0
2483 0.0127499999999377 0.007794228634060437 0
2484 0.01287503099371588 0.008010697670664906 0
2485 0.01262500516556742 0.00801072876594911 0
2486 0.01250000086087688 0.007794227597549928 0
2487 0.01237500857435706 0.008010675952181842 0
2488 0.01225000157249888 0.007794218622502879 0
2489 0.01237500040552279 0.007577720441769114 0
2490 0.0121250092610932 0.008010665654045096 0
2491 0.01200000180555909 0.007794215410304843 0
2492 0.01187500184440328 0.008010721225884561 0
2493 0.01175000040069995 0.007794223478293808 0
2494 0.01275025583183257 0.008226641702213742 0
2495 0.01200008779805304 0.008226849487578616 0
2496 0.01274999999994955 0.003464101615145803 0
2497 0.01562499999994117 0.005412658773671051 0
2498 0.004124998923030174 0.008443748921319105 0
2499 0.01037416737593072 0.008876412313524826 0
2500 0.00262499999999063 0.0006495190528053579 0
2501 0.01299999999995379 0.002165063509470237 0
2502 0.01324999999995387 0.002165063509471292 0
2503 0.01312499999995309 0.002381569860417099 0
2504 0.008749999999970394 0.0008660254037777001 0
2505 0.008624999999968795 0.001082531754722035 0
2506 0.008499999999971728 0.0008660254037765278 0
2507 0.008374999999969353 0.00108253175472032 0
2508 0.008249999999972998 0.000866025403775317 0
2509 0.007999999999973782 0.0008660254037746751 0
2510 0.0124999999999515 0.003031088913252859 0
2511 0.01237499999995171 0.003247595264198285 0
2512 0.009999999999945984 0.007361215932157143 0
2513 0.01799999999994462 0.004330127018952513 0
2514 0.01787499999996067 0.001082531754764532 0
2515 0.002999999716481351 0.007794229006041291 0
2516 0.01024999999995816 0.003464101615131439 0
2517 0.01537499999994088 0.005412658773668489 0
2518 0.01524999999994383 0.005196152422719953 0
2519 0.01737499999994138 0.004979646071787565 0
2520 0.01537499999993443 0.007144709581236802 0
2521 0.01524999999993405 0.007361215932182422 0
2522 0.01537499999993263 0.007577722283128553 0
2523 0.01425151458063733 0.009528066551892761 0
2524 0.01401909547602785 0.009536246240556817 0
2525 0.01389020627161529 0.009772506491035034 0
2526 0.01437479053812128 0.00976090885084493 0
2527 0.01462311953815311 0.009753010420711142 0
2528 0.001000164226024152 0.001732145616850589 0
2529 0.001500002551805307 0.0021650648494016 0
2530 0.00162500267481868 0.002381571264944559 0
2531 0.001750000871090999 0.0021650639668432 0
2532 0.001625000630171192 0.001948557489386582 0
2533 0.001875000252047645 0.001948557290831233 0
2534 0.002000000043842811 0.001732050830555482 0
2535 0.002125000049302037 0.001948557184369518 0
2536 0.002000000195396012 0.002165063612030682 0
2537 0.004374999999979442 0.001082531754700976 0
2538 0.01874979627669191 0.006495101284489537 0
2539 0.0186248911604202 0.006278626068236508 0
2540 0.01862492457503723 0.006711686437809848 0
2541 0.01312294903267943 0.008851724467607241 0
2542 0.0157499999999395 0.005629165124617544 0
2543 0.01599999999994775 0.003897114317052787 0
2544 0.01612499999994701 0.004113620667999217 0
2545 0.007749999999953528 0.007361215932146834 0
2546 0.007999999999951926 0.007361215932147648 0
2547 0.007624999999952182 0.007144709581199581 0
2548 0.007374999999953462 0.007144709581198615 0
2549 0.008124999999951251 0.007577722283094179 0
2550 0.007874999999967771 0.002381569860391239 0
2551 0.007749999999968952 0.00216506350944508 0
2552 0.007874999999968423 0.001948557158500126 0
2553 0.007624999999968324 0.002381569860389983 0
2554 0.007499999999969515 0.002165063509443822 0
2555 0.007374999999968936 0.00238156986038868 0
2556 0.007249999999970101 0.002165063509442548 0
2557 0.00737499999996964 0.001948557158497612 0
2558 0.007124999999969538 0.002381569860387385 0
2559 0.006999999999970679 0.002165063509441276 0
2560 0.006874999999970107 0.002381569860386114 0
2561 0.006749999999971252 0.002165063509440008 0
2562 0.006874999999970854 0.001948557158495088 0
2563 0.006624999999970681 0.002381569860384859 0
2564 0.006499999999971817 0.002165063509438749 0
2565 0.006374999999971244 0.002381569860383608 0
2566 0.006249999999972379 0.002165063509437496 0
2567 0.006374999999972042 0.001948557158492577 0
2568 0.006124999999971806 0.00238156986038237 0
2569 0.005999999999972931 0.002165063509436248 0
2570 0.005874999999972351 0.002381569860381129 0
2571 0.005749999999973483 0.002165063509435 0
2572 0.005624999999972449 0.002381569860380166 0
2573 0.005499999999973757 0.002165063509433845 0
2574 0.005874999999973212 0.001948557158490082 0
2575 0.007249999999952551 0.007361215932144436 0
2576 0.006999999999952275 0.00736121593214321 0
2577 0.006874999999952161 0.007144709581196051 0
2578 0.006624999999951445 0.007144709581194953 0
2579 0.01062499999995865 0.003247595264187507 0
2580 0.01074999999995952 0.003031088913242414 0
2581 0.01062499999996067 0.002814582562296169 0
2582 0.01087499999996079 0.002814582562297812 0
2583 0.01499707334272516 0.009098794645035069 0
2584 0.001875000263862911 0.007577722412195232 0
2585 0.01537499999993851 0.006278684177453604 0
2586 0.01524999999993926 0.006062177826506885 0
2587 0.01512499999993845 0.006278684177452133 0
2588 0.01487499999993761 0.006278684177450171 0
2589 0.01662499999993645 0.006278684177459386 0
2590 0.01524999999993761 0.006495190528398782 0
2591 0.006499999999951432 0.007361215932140705 0
2592 0.005374999999986697 0.0002165063509427967 0
2593 0.005499999999986753 0.000433012701888953 0
2594 0.005749999999986096 0.000433012701890563 0
2595 0.00562499999998655 0.0006495190528363691 0
2596 0.005874999999986193 0.0006495190528318994 0
2597 0.005374999999984227 0.0006495190528295803 0
2598 0.01462499999995938 0.00151554445663866 0
2599 0.01474999999995861 0.001732050807585702 0
2600 0.01499999999995904 0.001732050807586763 0
2601 0.01487499999995734 0.001948557158532674 0
2602 0.01462499999995681 0.001948557158531536 0
2603 0.01512499999996028 0.00151554445664097 0
2604 0.01537499999996068 0.001515544456642137 0
2605 0.01524999999995942 0.001732050807587889 0
2606 0.01549999999995936 0.001732050807589531 0
2607 0.01562499999996052 0.001515544456643858 0
2608 0.01537499999995796 0.001948557158535125 0
2609 0.01874994712421884 0.006928215535118053 0
2610 0.01862497535541833 0.00714471951118333 0
2611 0.01874999999995315 0.002165063509498172 0
2612 0.001874999999996594 0.0002165063509457576 0
2613 0.01462499999994697 0.003680607966100921 0
2614 0.01449999999994706 0.003897114317045948 0
2615 0.01424999999994706 0.003897114317044962 0
2616 0.005999999999951095 0.007361215932138268 0
2617 0.006124999999950816 0.007144709581192764 0
2618 0.005124999999952745 0.006278684177404236 0
2619 0.004999999999953552 0.006062177826457545 0
2620 0.004749999999954274 0.006062177826456071 0
2621 0.0009999315444457302 0.007361279247854141 0
2622 0.002249999017911822 0.008660255554155043 0
2623 0.01674999999992859 0.007794228634080675 0
2624 0.01662499999992774 0.008010734985025728 0
2625 0.01637499999992824 0.008010734985024489 0
2626 0.0008780698038115349 0.005410331596883458 0
2627 0.01774999999995253 0.002598076211385246 0
2628 0.01312503639098939 0.008010691218603703 0
2629 0.01124999999994347 0.006495190528376808 0
2630 0.01774999999993368 0.006495190528410237 0
2631 0.01362443615015554 0.008870962847270269 0
2632 0.006249999999969943 0.002598076211329012 0
2633 0.002374999999995815 0.0002165063509426134 0
2634 0.01299999999994266 0.006495190528388262 0
2635 0.01287499999994412 0.006278684177442059 0
2636 0.01274999999994336 0.006495190528387039 0
2637 0.01262499999994473 0.006278684177440783 0
2638 0.0124999999999441 0.006495190528385855 0
2639 0.01237499999994495 0.006278684177439179 0
2640 0.01224999999994418 0.006495190528384154 0
2641 0.009124999999967175 0.001082531754724735 0
2642 0.01976406390089975 0.001343632020887056 0
2643 0.007124999999952972 0.006278684177413923 0
2644 0.006999999999954246 0.006062177826467242 0
2645 0.006749999999954136 0.006062177826465992 0
2646 0.01424999999993838 0.006062177826500954 0
2647 0.01437499999993697 0.006278684177446825 0
2648 0.01462499999993724 0.006278684177448451 0
2649 0.01474999999993777 0.006062177826503042 0
2650 0.01437499999993645 0.007144709581231846 0
2651 0.01425000000014731 0.007361215931971029 0
2652 0.01450000000022425 0.00736121593189685 0
2653 0.01412500000295819 0.00757772228016684 0
2654 0.01687547129235479 0.009311778840452197 0
2655 0.003999990495237425 0.0086602649208305 0
2656 0.004374999752529778 0.008443747970199431 0
2657 0.0178749999999496 0.003247595264223207 0
2658 0.01574999999992411 0.009093535772294244 0
2659 0.001375055642569229 0.00324758418680469 0
2660 0.01662499999995036 0.003247595264217922 0
2661 0.0164999999999494 0.003464101615163289 0
2662 0.01674999999994923 0.00346410161516445 0
2663 0.01687499999994826 0.003680607966110739 0
2664 0.006749999999968995 0.002598076211331404 0
2665 0.01587499999995231 0.002814582562322182 0
2666 0.005499999999950594 0.007361215932135783 0
2667 0.005624999999950401 0.007144709581190317 0
2668 0.005249999999950262 0.007361215932134596 0
2669 0.005124999999950914 0.007144709581187676 0
2670 0.006000000080235089 0.008660237484936006 0
2671 0.006125000016184213 0.008443744005727801 0
2672 0.005875000016035831 0.008443744314529582 0
2673 0.006374998187930543 0.008443751442742351 0
2674 0.006249999999952664 0.008227241335919866 0
2675 0.005749999999949594 0.008660254037810644 0
2676 0.005625000383990797 0.008443755709920812 0
2677 0.005375000445316795 0.008443757609151703 0
2678 0.005500000138183552 0.00822724432680866 0
2679 0.01162499999994976 0.004979646071759111 0
2680 0.01174999999994833 0.005196152422705407 0
2681 0.01849999999993884 0.005196152422738486 0
2682 0.01449999999995794 0.001732050807584493 0
2683 0.01424999999995747 0.001732050807583321 0
2684 0.01212500063056746 0.007577718103670146 0
2685 0.01387500031701968 0.008010734667364306 0
2686 0.010999999999951 0.004763139720809668 0
2687 0.01137499999995168 0.004546633369866048 0
2688 0.006624999999953021 0.006278684177411477 0
2689 0.00637499999995295 0.006278684177410195 0
2690 0.006249999999953886 0.006062177826463513 0
2691 0.005999999999954135 0.006062177826462266 0
2692 0.005874999999952936 0.006278684177407807 0
2693 0.00562499999995285 0.006278684177406624 0
2694 0.005499999999954465 0.006062177826459966 0
2695 0.002249999999953818 0.006928203230227328 0
2696 0.001999999999954158 0.006928203230225901 0
2697 0.01412499999994733 0.00368060796609831 0
2698 0.007124999999975934 0.001082531754716335 0
2699 0.01024999999995629 0.003897114317022999 0
2700 0.003249999999980887 0.001299038105640616 0
2701 0.0156249999999319 0.007577722283129511 0
2702 0.004749999999949578 0.00736121593213224 0
2703 0.00174999999996118 0.005629165124549943 0
2704 0.001874999999959888 0.005845671475496305 0
2705 0.003749999999956661 0.006062177826451096 0
2706 0.003624999999957852 0.00584567147550452 0
2707 0.003749999999958842 0.005629165124559208 0
2708 0.003499999999959054 0.00562916512455797 0
2709 0.003374999999958088 0.005845671475503251 0
2710 0.003249999999959285 0.005629165124556711 0
2711 0.003374999999960259 0.005412658773611446 0
2712 0.0031249999999605 0.005412658773610184 0
2713 0.003249999999961471 0.00519615242266493 0
2714 0.002999999999961735 0.005196152422663673 0
2715 0.003124999999962689 0.004979646071718422 0
2716 0.00287499999996296 0.004979646071717162 0
2717 0.002999999999963916 0.004763139720771912 0
2718 0.002749999999964188 0.004763139720770648 0
2719 0.002874999999965147 0.004546633369825391 0
2720 0.003124999999964861 0.004546633369826639 0
2721 0.002999999999966116 0.004330127018880119 0
2722 0.002749999999966354 0.004330127018878861 0
2723 0.002874999999967431 0.004113620667933638 0
2724 0.003124999999967121 0.004113620667934854 0
2725 0.002999999999968419 0.003897114316988361 0
2726 0.003124999999958328 0.005845671475501984 0
2727 0.002624999999967724 0.004113620667932606 0
2728 0.003499999999961223 0.005196152422666158 0
2729 0.002874999999960754 0.005412658773608908 0
2730 0.002624999999963243 0.004979646071715906 0
2731 0.003249999999968091 0.003897114316989568 0
2732 0.003124999999969401 0.003680607966043085 0
2733 0.003374999999969082 0.003680607966044238 0
2734 0.003249999999970295 0.003464101615097766 0
2735 0.002999999999970719 0.003464101615096774 0
2736 0.003124999999971616 0.003247595264151339 0
2737 0.003374999999971253 0.00324759526415254 0
2738 0.003249999999972553 0.003031088913206078 0
2739 0.003499999999972173 0.00303108891320729 0
2740 0.0033749999999735 0.002814582562260874 0
2741 0.003624999999973092 0.002814582562262098 0
2742 0.003499999999974376 0.002598076211315677 0
2743 0.003749999999973983 0.002598076211316934 0
2744 0.002999999999972926 0.003031088913205085 0
2745 0.003749999999971825 0.003031088913208536 0
2746 0.002499999999966724 0.00433012701887786 0
2747 0.003249999999974764 0.002598076211314563 0
2748 0.003374999999975669 0.00238156986036935 0
2749 0.003374999999966833 0.004113620667936021 0
2750 0.002499999999964384 0.004763139720769573 0
2751 0.003124999999976016 0.002381569860368039 0
2752 0.003249999999976796 0.002165063509423096 0
2753 0.003249999999957098 0.006062177826448602 0
2754 0.002999999999957279 0.006062177826447378 0
2755 0.002874999999958482 0.005845671475500888 0
2756 0.00562499999998005 0.001082531754710102 0
2757 0.003624999999992245 0.0002165063509430512 0
2758 0.01487499999994732 0.00368060796610211 0
2759 0.0168749999999502 0.003247595264219006 0
2760 0.01837499999995076 0.002814582562333771 0
2761 0.007624999999974032 0.001082531754718534 0
2762 0.01924861522734177 0.005630153972182084 0
2763 0.003624999999955663 0.006278684177396449 0
2764 0.006124999999977462 0.00108253175471097 0
2765 0.006249999999976951 0.0008660254037653057 0
2766 0.006499999999974758 0.0008660254037664915 0
2767 0.006374999999980433 0.0006495190528231442 0
2768 0.006624999999977422 0.0006495190528237049 0
2769 0.006624999999973226 0.001082531754712797 0
2770 0.01724999999993456 0.006495190528408031 0
2771 0.004499999999978131 0.001299038105647044 0
2772 0.008374999999956795 0.005412658773636163 0
2773 0.01299999999994127 0.006062177826494788 0
2774 0.01562499999992762 0.008443747686912077 0
2775 0.01737499999992191 0.008876762853944774 0
2776 0.004374999999963898 0.004546633369832478 0
2777 0.004749999999963412 0.004763139720780496 0
2778 0.005499999999968022 0.003897114317000727 0
2779 0.005624999999968973 0.003680607966055544 0
2780 0.005874999999968593 0.003680607966056865 0
2781 0.005749999999969595 0.003464101615110275 0
2782 0.005499999999970287 0.003464101615109095 0
2783 0.005374999999969183 0.003680607966054317 0
2784 0.005124999999969437 0.003680607966053046 0
2785 0.004999999999968625 0.00389711431699816 0
2786 0.004874999999969786 0.003680607966051715 0
2787 0.004999999999970508 0.003464101615106459 0
2788 0.004749999999970737 0.003464101615105145 0
2789 0.002124999999955108 0.006711696879280839 0
2790 0.001874999999955465 0.006711696879279431 0
2791 0.00199999999995641 0.006495190528334386 0
2792 0.001750002700888568 0.006495188968949266 0
2793 0.01837499999993587 0.005845671475575388 0
2794 0.00799999999996465 0.003897114317013344 0
2795 0.008249999999964282 0.003897114317014572 0
2796 0.008374999999963042 0.004113620667960977 0
2797 0.007874999999965809 0.003680607966067005 0
2798 0.007624999999966292 0.003680607966065699 0
2799 0.008499999999963492 0.003897114317015552 0
2800 0.008374999999964975 0.003680607966069427 0
2801 0.008624999999961799 0.004113620667961439 0
2802 0.007749999999966756 0.003464101615120412 0
2803 0.008624999999963271 0.003680607966069496 0
2804 0.007499999999967181 0.00346410161511918 0
2805 0.007374999999966468 0.003680607966064474 0
2806 0.008499999999961722 0.004330127018907297 0
2807 0.007249999999967996 0.002598076211333849 0
2808 0.004124999999990687 0.0002165063509454625 0
2809 0.009999999999949888 0.006495190528373435 0
2810 0.007499999999958566 0.005196152422685917 0
2811 0.007374999999959803 0.004979646071739389 0
2812 0.007124999999960012 0.004979646071738187 0
2813 0.007249999999961055 0.004763139720792896 0
2814 0.007624999999959493 0.004979646071740608 0
2815 0.007749999999958386 0.005196152422687158 0
2816 0.01749999999995074 0.003031088913275908 0
2817 0.01487499999995164 0.00281458256231777 0
2818 0.008874999999965688 0.002381569860396171 0
2819 0.00887499999996596 0.001948557158505011 0
2820 0.003624999999975281 0.002381569860370632 0
2821 0.00387499999997479 0.002381569860371845 0
2822 0.003999999999973548 0.002598076211318173 0
2823 0.004124999999974122 0.002381569860373116 0
2824 0.004249999999973051 0.002598076211319427 0
2825 0.00162484237760478 0.001082378322752557 0
2826 0.01087499999995005 0.004979646071754753 0
2827 0.002749999999962005 0.005196152422662408 0
2828 0.002499999999962281 0.005196152422661266 0
2829 0.002624999999961022 0.00541265877360771 0
2830 0.002749999999959742 0.005629165124554448 0
2831 0.002999999999959515 0.005629165124555521 0
2832 0.002374999999963384 0.004979646071715218 0
2833 0.01574999999996399 0.0008660254038050524 0
2834 0.002624999999972193 0.003247595264149654 0
2835 0.0138749999999376 0.007144709581229283 0
2836 0.01499999999993041 0.008227241335963519 0
2837 0.01487499999992975 0.008443747686908447 0
2838 0.007749999999966916 0.002598076211336332 0
2839 0.01249999999994146 0.006062177826491201 0
2840 0.0137500003245449 0.007794228307806334 0
2841 0.008499999999955642 0.005629165124582757 0
2842 0.01024999999995416 0.004330127018914421 0
2843 0.005124999999976323 0.001082531754705549 0
2844 0.009499999999952562 0.006062177826479499 0
2845 0.005249999999971687 0.002598076211324231 0
2846 0.005374999999972798 0.002381569860378966 0
2847 0.005249999999974192 0.002165063509432442 0
2848 0.005374999999974758 0.001948557158487486 0
2849 0.00512499999997258 0.002381569860377842 0
2850 0.004999999999971794 0.002598076211322964 0
2851 0.00674999999996643 0.003897114317007085 0
2852 0.00662499999996763 0.003680607966060712 0
2853 0.00637499999996809 0.003680607966059368 0
2854 0.006499999999968651 0.003464101615114118 0
2855 0.006249999999969415 0.003464101615112956 0
2856 0.006124999999968279 0.003680607966058159 0
2857 0.006874999999967237 0.003680607966061994 0
2858 0.007124999999966833 0.003680607966063254 0
2859 0.00699999999996823 0.003464101615116807 0
2860 0.007249999999965668 0.003897114317009622 0
2861 0.00812499999996538 0.003680607966068252 0
2862 0.008249999999966395 0.003464101615123034 0
2863 0.01412499999995835 0.001515544456636274 0
2864 0.01412499999995609 0.001948557158529127 0
2865 0.01374999999994718 0.004763139720824212 0
2866 0.01362499999994614 0.004979646071769287 0
2867 0.01337499999994666 0.004979646071768134 0
2868 0.01349999999994461 0.005196152422714369 0
2869 0.01324999999994789 0.004763139720821772 0
2870 0.01312499999994679 0.004979646071766938 0
2871 0.01299999999994832 0.004763139720820619 0
2872 0.01287499999994689 0.004979646071765632 0
2873 0.01262499999994743 0.004979646071764195 0
2874 0.01387499999994542 0.004979646071770524 0
2875 0.01412499999994491 0.004979646071771909 0
2876 0.01424999999994658 0.004763139720826727 0
2877 0.014374999999945 0.004979646071773192 0
2878 0.01462499999994533 0.004979646071774479 0
2879 0.01337499999995316 0.002381569860418112 0
2880 0.009624999999955322 0.005412658773642122 0
2881 0.009749999999955159 0.005196152422695887 0
2882 0.006374999999984029 0.0002165063509434921 0
2883 0.005749999999959972 0.005196152422677144 0
2884 0.005874999999961064 0.004979646071731864 0
2885 0.006124999999960812 0.00497964607173311 0
2886 0.005999999999962218 0.004763139720786526 0
2887 0.00624999999996213 0.004763139720787829 0
2888 0.006374999999960718 0.004979646071734443 0
2889 0.005624999999961246 0.004979646071730581 0
2890 0.00537499999996139 0.004979646071729289 0
2891 0.005499999999962919 0.004763139720784028 0
2892 0.005249999999960225 0.005196152422674623 0
2893 0.005124999999961862 0.004979646071728115 0
2894 0.00274999999998556 0.0008660254037479036 0
2895 0.01675007854866124 0.009093615835499455 0
2896 0.003499999999970058 0.003464101615098922 0
2897 0.008249999999965896 0.002598076211338792 0
2898 0.004124999999970326 0.003247595264155961 0
2899 0.003999999999971513 0.003031088913209632 0
2900 0.01874990697437564 0.006062124906406827 0
2901 0.006999999999959022 0.005196152422683457 0
2902 0.006874999999960231 0.004979646071736963 0
2903 0.00662499999996047 0.004979646071735729 0
2904 0.006749999999961362 0.004763139720790447 0
2905 0.003624999999970986 0.003247595264153671 0
2906 0.004374999999971962 0.002814582562265702 0
2907 0.003124999999956086 0.006278684177393926 0
2908 0.005749999999970985 0.002598076211326546 0
2909 0.00125012738597732 0.003464061677782402 0
2910 0.001375239149202143 0.003680545714205184 0
2911 0.01337499999994088 0.006711696879335799 0
2912 0.005999999999967393 0.003897114317003295 0
2913 0.01199999999995222 0.004330127018923999 0
2914 0.01737499999996166 0.001082531754760354 0
2915 0.01074999999996484 0.002165063509460454 0
2916 0.01062499999996353 0.002381569860405441 0
2917 0.01049999999996497 0.002165063509459123 0
2918 0.01062499999996606 0.001948557158514021 0
2919 0.01024999999996523 0.002165063509457801 0
2920 0.009624999999947389 0.007144709581209461 0
2921 0.01512499999994057 0.005412658773666847 0
2922 0.01499999999994089 0.005196152422720562 0
2923 0.01837307895473345 0.008878961539714432 0
2924 0.01024999999994941 0.006495190528374627 0
2925 0.002749999999975267 0.002598076211312555 0
2926 0.002999999999975029 0.002598076211313593 0
2927 0.001749999999943233 0.009094308032848691 0
2928 0.0047499999999604 0.005196152422672197 0
2929 0.0117499999999423 0.007361215932164788 0
2930 0.001250432835953465 0.003897211614499073 0
2931 0.001375243229458092 0.004113734622691027 0
2932 0.002374999999970249 0.003680607966040357 0
2933 0.002624999999970104 0.003680607966041246 0
2934 0.0022499999999692 0.003897114316985542 0
2935 0.003999999999958675 0.005629165124560418 0
2936 0.003874999999959809 0.005412658773613875 0
2937 0.001340936535874259 0.0002321843442632317 0
2938 0.01849999999994768 0.003464101615171482 0
2939 0.01487499999994282 0.007144709581227965 0
2940 0.001374999999965132 0.004979646071711073 0
2941 0.0191196166983287 0.004115972787866433 0
2942 0.004124999999944605 0.009309773090642449 0
2943 0.01324999999993818 0.007361215932171803 0
2944 0.01749979977779337 0.009532824392608918 0
2945 0.01762430849823593 0.009766761543796351 0
2946 0.001624997395067826 0.008876932433672187 0
2947 0.01149999999995083 0.004763139720812698 0
2948 0.01349999999995821 0.001299038105686787 0
2949 0.002624999999974317 0.002814582562257848 0
2950 0.008874999999960326 0.004546633369855025 0
2951 0.008999999999960005 0.00433012701890891 0
2952 0.00874999999996072 0.004330127018907843 0
2953 0.004249999999964857 0.004330127018885879 0
2954 0.003874999999968508 0.003680607966046423 0
2955 0.01112499999995593 0.003680607966081547 0
2956 0.01162499999994655 0.005412658773650006 0
2957 0.01587499999994634 0.004546633369889139 0
2958 0.01612499999994588 0.004546633369890493 0
2959 0.01174999999994318 0.006062177826487614 0
2960 0.002874999999956287 0.006278684177392785 0
2961 0.01174999999995245 0.004330127018922504 0
2962 0.006249999999959651 0.005196152422679703 0
2963 0.01837499583341533 0.00714471126814751 0
2964 0.002374999999954774 0.006711696879282112 0
2965 0.002124999999957344 0.006278684177389207 0
2966 0.01524999999994555 0.004763139720831542 0
2967 0.01087499999994641 0.006711696879322281 0
2968 0.007499999999965333 0.003897114317010867 0
2969 0.01212499999994446 0.006278684177436958 0
2970 0.004124999999959661 0.005412658773615063 0
2971 0.007874999999955057 0.005845671475525623 0
2972 0.01199999999994321 0.006062177826489173 0
2973 0.01637499999995481 0.002381569860432577 0
2974 0.006499999999951216 0.008660254037814161 0
2975 0.001500028864925084 0.002598090215732889 0
2976 0.001750007802043244 0.002598079833076264 0
2977 0.01612499999993747 0.006278684177457285 0
2978 0.003749999999975973 0.002165063509425548 0
2979 0.008874999999954255 0.005845671475530586 0
2980 0.006499999999959477 0.00519615242268098 0
2981 0.003499999999980339 0.001299038105641921 0
2982 0.01977975472333385 0.001872275514530993 0
2983 0.008874999999963691 0.002814582562287516 0
2984 0.003499999999952458 0.006928203230233478 0
2985 0.003624999999951421 0.007144709581179721 0
2986 0.01762499999994104 0.004979646071788728 0
2987 0.0006124292388792917 0.00538365087217615 0
2988 0.0005053457993166857 0.005624636973741598 0
2989 0.009624999999951377 0.006278684177425932 0
2990 0.017124999999946 0.004113620668003273 0
2991 0.005250002415670166 0.00866065234456773 0
2992 0.005125000476796817 0.008443815725036658 0
2993 0.01099999999994879 0.005196152422701112 0
2994 0.009624999999964296 0.002381569860399785 0
2995 0.01923482087395127 0.003893504137432469 0
2996 0.01549999999996179 0.00129903810569644 0
2997 0.01574999999996167 0.001299038105698093 0
2998 0.01149999999994285 0.007361215932163832 0
2999 0.01162499989937406 0.007577721198887906 0
3000 0.00849999999995771 0.005196152422690861 0
3001 0.008999999999951006 0.006495190528368885 0
3002 0.008374999999960957 0.004546633369852627 0
3003 0.00387499999996198 0.0049796460717219 0
3004 0.003624999999962174 0.004979646071720642 0
3005 0.003499999999963354 0.004763139720774236 0
3006 0.003624999999964303 0.004546633369828901 0
3007 0.01112499999994545 0.005845671475538898 0
3008 0.007624999999952932 0.00627868417741639 0
3009 0.007499999999954134 0.006062177826469757 0
3010 0.003249999999965806 0.004330127018881332 0
3011 0.00974999999996541 0.00216506350945552 0
3012 0.009749999999961106 0.003031088913237479 0
3013 0.01124999999995267 0.004330127018919484 0
3014 0.01249999999994908 0.004763139720817899 0
3015 0.01237499999994836 0.004979646071762931 0
3016 0.01687499999992726 0.008010734985027117 0
3017 0.01400000000069138 0.007361215931437685 0
3018 0.01250000006753749 0.007361215625277599 0
3019 0.01587499999993569 0.006711696879347737 0
3020 0.01812499999994738 0.003680607966115679 0
3021 0.002999999999952842 0.006928203230230814 0
3022 0.001499999999961647 0.005629165124548648 0
3023 0.003499999999956871 0.006062177826449855 0
3024 0.004499999999967584 0.003897114316995464 0
3025 0.009624999999958238 0.003680607966074077 0
3026 0.006249999999967103 0.003897114317004559 0
3027 0.002624999999965419 0.004546633369824207 0
3028 0.004749999999950194 0.006928203230240269 0
3029 0.004499999838158393 0.008660464248474267 0
3030 0.004624999927577473 0.008443888347744935 0
3031 0.0008749999999574553 0.006711696879274025 0
3032 0.00899999999996449 0.002598076211342422 0
3033 0.01312499999995125 0.002814582562309304 0
3034 0.007624999999961939 0.004546633369848879 0
3035 0.009499999999961534 0.003031088913236256 0
3036 0.005124999999974223 0.001948557158486657 0
3037 0.003749999999961018 0.005196152422667306 0
3038 0.01862496925280633 0.004979663823658676 0
3039 0.01774999999994855 0.003464101615168582 0
3040 0.001624999999964666 0.004979646071712266 0
3041 0.00824999999996215 0.00433012701890617 0
3042 0.01012499999996672 0.001948557158511559 0
3043 0.01037499999995293 0.00454663336986082 0
3044 0.009374999999960727 0.003247595264181368 0
3045 0.008999999999947415 0.007361215932152585 0
3046 0.005999999999985644 0.0004330127018860642 0
3047 0.01137499977559309 0.00757772144378824 0
3048 0.001250480743593671 0.004330339876168219 0
3049 0.001375214230714017 0.004546707496387865 0
3050 0.01612499999994382 0.004979646071781811 0
3051 0.01637499999994142 0.005412658773674695 0
3052 0.01624999999992744 0.008227241335969561 0
3053 0.01649999999992693 0.008227241335970815 0
3054 0.004999999999974917 0.00173205080754069 0
3055 0.0147499999999459 0.004763139720829084 0
3056 0.01862496925280888 0.004546651121766688 0
3057 0.01687499999995953 0.001515544456649963 0
3058 0.01149999999996613 0.001732050807572972 0
3059 0.008999999999957134 0.005196152422693325 0
3060 0.01912077740674204 0.003681503465800748 0
3061 0.003874999999949343 0.007577722283073104 0
3062 0.01062499999995463 0.004113620667970558 0
3063 0.01412499999994148 0.005412658773662845 0
3064 0.01624999999992955 0.00779422863407816 0
3065 0.008374999999952596 0.006278684177419967 0
3066 0.003374999999962424 0.004979646071719618 0
3067 0.01299999999993889 0.007361215932170633 0
3068 0.00962926372050895 0.009308750319281989 0
3069 0.01824999999993911 0.005196152422737431 0
3070 0.009749999999952231 0.006062177826480619 0
3071 0.007874999999959373 0.004979646071741883 0
3072 0.01978349364905456 0.003374999999991492 0
3073 0.01212499999994873 0.004979646071761604 0
3074 0.01224999999994717 0.005196152422707892 0
3075 0.003874999999972703 0.0028145825622633 0
3076 0.001500034955368452 0.006928219451531869 0
3077 0.01699999999995321 0.002598076211381831 0
3078 0.01774999999993784 0.00562916512462669 0
3079 0.005000000471985706 0.008661226242279805 0
3080 0.01612499999993305 0.007144709581240467 0
3081 0.00362499999996002 0.005412658773612703 0
3082 0.00687499999998267 0.0002165063509440752 0
3083 0.01712499999995424 0.002381569860436528 0
3084 0.01037499999996107 0.002814582562294853 0
3085 0.01887499999995599 0.001515544456661575 0
3086 0.00424999999995173 0.006928203230237445 0
3087 0.01899987668925758 0.003031100046318054 0
3088 0.01449999999993856 0.006495190528395063 0
3089 0.004874999999965115 0.004546633369835098 0
3090 0.0173749999999456 0.004113620668004451 0
3091 0.004374999999975215 0.001948557158483131 0
3092 0.007624999999955233 0.005845671475524392 0
3093 0.01387499999994748 0.00368060796609686 0
3094 0.01162499999996184 0.002381569860411002 0
3095 0.01724999999994685 0.003897114317058093 0
3096 0.01762499999993703 0.005845671475571984 0
3097 0.001126027833072546 0.001515769100058142 0
3098 0.01899983590058007 0.002165158252316195 0
3099 0.004124999999952941 0.006711696879290789 0
3100 0.01799999999994648 0.003897114317061025 0
3101 0.01287499999994383 0.005412658773656536 0
3102 0.01449999999994388 0.005196152422719598 0
3103 0.01037499999994818 0.006711696879321141 0
3104 0.0174999999999423 0.004763139720842337 0
3105 0.01324999999994548 0.005196152422713205 0
3106 0.01549999999993111 0.007794228634074673 0
3107 0.002499999999959963 0.00562916512455375 0
3108 0.01225000018390887 0.007361214877554316 0
3109 0.003374999999981685 0.001082531754695703 0
3110 0.01899965866918256 0.008660220436321623 0
3111 0.01312499999994155 0.006711696879334657 0
3112 0.01787499999995146 0.002814582562331641 0
3113 0.01674999999995841 0.00173205080759563 0
3114 0.01699999999994299 0.004763139720840022 0
3115 0.005874999999985736 0.0002165063509443018 0
3116 0.01262499999995335 0.002381569860415052 0
3117 0.01187500045601407 0.007577718342581234 0
3118 0.002749999999973177 0.003031088913204128 0
3119 0.01399999999995469 0.002165063509474821 0
3120 0.01037499999995502 0.004113620667969327 0
3121 0.008624999999956544 0.005412658773637468 0
3122 0.01562327656797097 0.009313116005481339 0
3123 0.01375000194968754 0.008227239381529489 0
3124 0.01049999999995779 0.003464101615132635 0
3125 0.01874999674967143 0.007794230389020846 0
3126 0.01187499999995961 0.002814582562303635 0
3127 0.01612499999992874 0.008010734985023254 0
3128 0.009624999999960278 0.003247595264182599 0
3129 0.0101249999999554 0.004113620667968072 0
3130 0.01462500000120491 0.008010734983773804 0
3131 0.01324999999993831 0.008227241335956578 0
3132 0.01387499999995129 0.002814582562312909 0
3133 0.01674999999993322 0.006928203230297437 0
3134 0.01262499999994293 0.006711696879332264 0
3135 0.001875000011273524 0.001515544462506164 0
3136 0.01099999999994562 0.006062177826484006 0
3137 0.004499999999949825 0.007361215932131079 0
3138 0.01749999999993819 0.005629165124625642 0
3139 0.002374999999965708 0.004546633369823085 0
3140 0.01687499999994011 0.005412658773676951 0
3141 0.01674999999996259 0.0008660254038107191 0
3142 0.003249999999963617 0.004763139720773108 0
3143 0.01212499999994351 0.006711696879329269 0
3144 0.003874999999980633 0.001082531754698583 0
3145 0.0008750023635576682 0.002381251473073108 0
3146 0.003498975811031848 0.009094031178532483 0
3147 0.01977945165039454 0.002880645860823052 0
3148 0.01287499999995659 0.001515544456630779 0
3149 0.01374999999995012 0.003031088913258428 0
3150 0.004874999999947182 0.008010734984970571 0
3151 0.009499999999948484 0.006928203230263013 0
3152 0.004624999999947458 0.008010734984969134 0
3153 0.002624999999981117 0.001515544456583018 0
3154 0.008124999999978727 0.0002165063509453175 0
3155 0.01799999999992893 0.007361215932195224 0
3156 0.01774999999995057 0.003031088913276943 0
3157 0.01262500022229212 0.007577721752323682 0
3158 0.01224999999995554 0.002165063509467798 0
3159 0.01112499999997428 0.0006495190528390779 0
3160 0.006874999999949309 0.008010734984980849 0
3161 0.009749999999965503 0.001299038105673007 0
3162 0.01849999999992451 0.008227241335981685 0
3163 0.01437500005789166 0.008443747630216436 0
3164 0.006374996171635327 0.009775016591775524 0
3165 0.006250517519511416 0.009552726835893177 0
3166 0.01399999999993966 0.006495190528393368 0
3167 0.002249999999962531 0.005196152422660688 0
3168 0.00137501330338127 0.005845663794760313 0
3169 0.003499999506524144 0.008227241956242366 0
3170 0.009749999999959034 0.003464101615128947 0
3171 0.01674999999994126 0.005196152422730566 0
3172 0.01499999999996341 0.0008660254038008312 0
3173 0.001500005368102846 0.008227243459685955 0
3174 0.01112499999996753 0.001515544456624897 0
3175 0.01287499999995951 0.001082531754739363 0
3176 0.003999999999979196 0.001299038105644537 0
3177 0.01912446269289787 0.002381668742390818 0
3178 0.008374999999949079 0.007144709581203398 0
3179 0.01712499999993122 0.007144709581245262 0
3180 0.01662499999993207 0.007144709581242886 0
3181 0.008874999999950083 0.00671169687931422 0
3182 0.009999999999965283 0.002165063509456546 0
3183 0.0191246798514777 0.002814547397469225 0
3184 0.01724999999994263 0.004763139720841164 0
3185 0.003499999999967861 0.00389711431699063 0
3186 0.009999999999958653 0.003464101615130214 0
3187 0.01499999999993766 0.006495190528397364 0
3188 0.007499999999960859 0.004763139720794126 0
3189 0.004249999999953791 0.006495190528345334 0
3190 0.01624999999996041 0.001299038105701023 0
3191 0.01574999999995595 0.002165063509483508 0
3192 0.01599999999995801 0.001732050807592221 0
3193 0.002124999999984314 0.001082531754689033 0
3194 0.01337499999996092 0.0006495190528468838 0
3195 0.01324999999996165 0.00043301270189902 0
3196 0.01012499999995754 0.003680607966076631 0
3197 0.004875000141864307 0.008444050082666311 0
3198 0.007874999999951808 0.009309773090660556 0
3199 0.01662499999992562 0.008443747686917105 0
3200 0.01824999999995196 0.002598076211387464 0
3201 0.01862499999995863 0.001082531754768858 0
3202 0.001875003151044751 0.006278682358106906 0
3203 0.006874581514114287 0.009780882364142611 0
3204 0.01837499999994698 0.003680607966116592 0
3205 0.003874999999970703 0.003247595264154789 0
3206 0.01812499999995116 0.002814582562332718 0
3207 0.007374999999955353 0.005845671475523149 0
3208 0.01923432990991433 0.00910086066681123 0
3209 0.01612499999992448 0.008876777660278709 0
3210 0.01099999999997161 0.0008660254037860951 0
3211 0.01662499999995471 0.002381569860433911 0
3212 0.01849999999994601 0.003897114317062972 0
3213 0.0002132498028244767 0.005367258659277185 0
3214 0.01649999999995361 0.002598076211379321 0
3215 0.001625001946607462 0.005845670351597704 0
3216 0.007124999999962475 0.004546633369846423 0
3217 0.01387499999995571 0.001948557158527882 0
3218 0.01924941808243805 0.0004326767316769419 0
3219 0.01674999999993733 0.006062177826514085 0
3220 0.008749999999955391 0.005629165124584039 0
3221 0.01337499999995715 0.001515544456632781 0
3222 0.008249999999951638 0.006495190528365374 0
3223 0.006126493913337238 0.009315478134886989 0
3224 0.006499283357653346 0.009538681243190506 0
3225 0.01699999999994909 0.003464101615165437 0
3226 0.007249999999954193 0.006062177826468513 0
3227 0.006999999999961328 0.004763139720791756 0
3228 0.008624999999950317 0.006711696879313008 0
3229 0.01299999999995226 0.002598076211362739 0
3230 0.01149999999997115 0.0008660254037874648 0
3231 0.005125000000013349 0.009783493649053961 0
3232 0.01549999999992685 0.008660287125145565 0
3233 0.01399999999996172 0.0008660254037947796 0
3234 0.00412499999997233 0.002814582562264507 0
3235 0.01674999999992639 0.008227241335972059 0
3236 0.01887485246449488 0.004979731251422115 0
3237 0.01862498449567573 0.0058456626555572 0
3238 0.01924999999992781 0.00736121593220221 0
3239 0.01824999999992674 0.007794228634088434 0
3240 0.01099999999994405 0.007361215932161801 0
3241 0.002374443158437677 0.009313957670438003 0
3242 0.01624999999993407 0.006928203230295242 0
3243 0.009499999999948622 0.008660254037830864 0
3244 0.0008835257818495483 0.001519442342980222 0
3245 0.01324999999995783 0.001299038105685719 0
3246 0.002749999999970928 0.003464101615096171 0
3247 0.002374999999981822 0.001515544456581586 0
3248 0.001499999999957298 0.006495190528331402 0
3249 0.009874999999947062 0.007144709581210631 0
3250 0.01724999999992775 0.007794228634083717 0
3251 0.0173749999999374 0.005845671475570927 0
3252 0.0117499999999546 0.003897114317031135 0
3253 0.01612499999993528 0.006711696879348934 0
3254 0.01474999999996291 0.0008660254037989925 0
3255 0.01737499999993085 0.007144709581246412 0
3256 0.001250298509106183 0.004763116422178546 0
3257 0.01424999999996232 0.000866025403791167 0
3258 0.003124999999977958 0.001948557158476844 0
3259 0.001750005148704799 0.006062174853811644 0
3260 0.01687499999994208 0.004979646071785345 0
3261 0.01137499999994477 0.006711696879324915 0
3262 0.01262499999997757 0.000216506350949018 0
3263 0.002124998854240512 0.008443749455935162 0
3264 0.01024999999994553 0.007361215932158247 0
3265 0.006624999999963184 0.004546633369843833 0
3266 0.003749999999969764 0.003464101615100029 0
3267 0.01162499999995592 0.003680607966084823 0
3268 0.01137499999996733 0.001515544456626169 0
3269 0.0002178596516169278 0.009385050786846637 0
3270 0.006499999999961877 0.004763139720789143 0
3271 0.01899987535278714 0.001298966140639617 0
3272 0.01462499999996455 0.0006495190528476737 0
3273 0.006874999999955647 0.005845671475520588 0
3274 0.01787494922892294 0.008876731757991066 0
3275 0.0002138288356377845 0.00662690366809983 0
3276 0.01462499999995157 0.002814582562316602 0
3277 0.01949685802547878 0.007353591607078568 0
3278 0.01574999999992625 0.008660292639694939 0
3279 0.01424999999995014 0.003031088913260995 0
3280 0.002999999999977155 0.002165063509421952 0
3281 0.01449999999995011 0.00303108891326227 0
3282 0.01887497922542994 0.001082519760590695 0
3283 0.003624999999966546 0.004113620667937096 0
3284 0.003374999999964563 0.004546633369827789 0
3285 0.003624999999968803 0.003680607966045328 0
3286 0.007874999999972369 0.001082531754719486 0
3287 0.01774999999993582 0.006062177826518358 0
3288 0.01174991743204846 0.008226842275586307 0
3289 0.01874999999996362 0.000433012701929818 0
3290 0.01049999999996207 0.002598076211350142 0
3291 0.0149999999999499 0.00303108891326479 0
3292 0.008374999999950516 0.006711696879311886 0
3293 0.01512499999998421 0.0002165063509481746 0
3294 0.01137499999995556 0.003680607966083031 0
3295 0.002249998826962892 0.008227243147110812 0
3296 0.006624999999955852 0.005845671475519323 0
3297 0.01637499999994685 0.00411362066800016 0
3298 0.001499804294088692 0.009093586315462462 0
3299 0.01849999999993466 0.006062177826521762 0
3300 0.003499999999965559 0.004330127018882441 0
3301 0.001625003027541793 0.008010736376349706 0
3302 0.002000000307849159 0.007361216082772161 0
3303 0.002749999999957539 0.006062177826446324 0
3304 0.01699999999994716 0.003897114317057024 0
3305 0.01687499999996418 0.0006495190528648062 0
3306 0.01137499999996495 0.001948557158517832 0
3307 0.01099999999996251 0.002598076211353122 0
3308 0.003244208625880211 0.009098635292557897 0
3309 0.01662499999994655 0.004113620668001174 0
3310 0.01074999999997408 0.0004330127018931838 0
3311 0.01012499999996967 0.000649519052838821 0
3312 0.01137499999995883 0.003247595264192195 0
3313 0.001625046239650777 0.006711716523256513 0
3314 0.01124999999996004 0.003031088913245831 0
3315 0.014249999999955 0.002165063509476001 0
3316 0.01899968080469762 0.002598038677493958 0
3317 0.01587499999992495 0.008876864898541677 0
3318 0.01099999999995954 0.003031088913244022 0
3319 0.002499989444961367 0.008227257091830186 0
3320 0.006499999999954412 0.006062177826464924 0
3321 0.006124999999963699 0.0045466333698413 0
3322 0.01624999999993612 0.006495190528403731 0
3323 0.001500085456613758 0.004763148192096274 0
3324 0.01162497768654821 0.008010637001921849 0
3325 0.008249999999950016 0.006928203230256989 0
3326 0.01299999999995776 0.001299038105685133 0
3327 0.01762499999993497 0.006278684177463796 0
3328 0.003874999999976436 0.001948557158480527 0
3329 0.01699999999992569 0.008227241335973485 0
3330 0.01437499999995644 0.001948557158530293 0
3331 0.01912485111583847 0.001082445796485178 0
3332 0.004249999999974666 0.002165063509428128 0
3333 0.01062499999994827 0.005845671475536731 0
3334 0.001625017331911414 0.007577731475828677 0
3335 0.003499999999976361 0.002165063509424304 0
3336 0.001624842376994243 0.0006493656205452046 0
3337 0.01699999999997285 0.0004330127019122623 0
3338 0.003124999999973882 0.002814582562259792 0
3339 0.00337499999997752 0.001948557158478089 0
3340 0.001749999999954521 0.006928203230224335 0
3341 0.004374999999973593 0.002381569860374508 0
3342 0.005874999999964033 0.004546633369840012 0
3343 0.0168749999999545 0.002381569860435241 0
3344 0.01712499999992464 0.008443747686919781 0
3345 0.008249999999978101 0.0004330127018895551 0
3346 0.002624999999950107 0.007577722283066531 0
3347 0.0173749999999243 0.00844374768692125 0
3348 0.01437499999996528 0.0006495190528373403 0
3349 0.0183749818600149 0.006278674492595158 0
3350 0.01737499999993327 0.006711696879354456 0
3351 0.01749999999993411 0.006495190528409127 0
3352 0.011250020954422 0.008227182982922668 0
3353 0.007374999737911791 0.00801074186439482 0
3354 0.005749999999962623 0.004763139720785289 0
3355 0.002874999999974099 0.002814582562258833 0
3356 0.00187500233893138 0.007144710725137494 0
3357 0.01749999999993189 0.006928203230300966 0
3358 0.015499999999956 0.002165063509482314 0
3359 0.01749999999992282 0.008660254828882953 0
3360 0.002499999462864134 0.00779422937681003 0
3361 0.01512499999995767 0.001948557158533714 0
3362 0.01162499999996444 0.001948557158519422 0
3363 0.0002156384627110774 0.001125007460483819 0
3364 0.002874999950951326 0.007577722347374684 0
3365 0.01637499999993702 0.006278684177458392 0
3366 0.003999999999975298 0.00216506350942683 0
3367 0.01499999999995563 0.002165063509479788 0
3368 0.006124999999956121 0.005845671475516729 0
3369 0.01474999999995558 0.00216506350947844 0
3370 0.001625049947865943 0.004546647136137228 0
3371 0.01599999999995185 0.003031088913268709 0
3372 0.0169999999999558 0.002165063509489504 0
3373 0.01099993467474359 0.008227191878574252 0
3374 0.01937680664848986 0.001086594157339787 0
3375 0.01174999999996164 0.002165063509466423 0
3376 0.002874999999701482 0.007144709581504729 0
3377 0.002874999999971926 0.003247595264150525 0
3378 0.01024999999995164 0.005196152422697023 0
3379 0.01812499999995563 0.001948557158549535 0
3380 0.01649999999993795 0.006062177826513028 0
3381 0.005374999999964535 0.004546633369837556 0
3382 0.01087497764280753 0.008010720120125785 0
3383 0.01637499999994324 0.004979646071782883 0
3384 0.007249999999966988 0.003464101615118052 0
3385 0.005874999999956363 0.005845671475515463 0
3386 0.007124999999965314 0.003247595264170149 0
3387 0.01624999999994453 0.004763139720836714 0
3388 0.01637499999994525 0.004546633369891537 0
3389 0.006749999999968116 0.003464101615115828 0
3390 0.0167499999999474 0.003897114317056045 0
3391 0.01812499999995784 0.001515544456657908 0
3392 0.005999999999969041 0.00346410161511194 0
3393 0.004624999999972971 0.002381569860375566 0
3394 0.005249999999969934 0.003464101615108085 0
3395 0.005124999999968957 0.003247595264160446 0
3396 0.005874999999967647 0.003247595264164068 0
3397 0.006624999999966274 0.003247595264167697 0
3398 0.002874999999970027 0.003680607966042043 0
3399 0.004874999999972667 0.002381569860376786 0
3400 0.005624999999968142 0.003247595264162843 0
3401 0.005249999999963267 0.004763139720782746 0
3402 0.001624801684855801 0.009315426270919807 0
3403 0.001875000490016976 0.003247595426964526 0
3404 0.01849993231200478 0.006495162615150402 0
3405 0.01287499999995314 0.002381569860415995 0
3406 0.00637499999996677 0.003247595264166457 0
3407 0.004874999999969853 0.003247595264159489 0
3408 0.004624999999957085 0.005845671475509007 0
3409 0.007624999999964459 0.003247595264172576 0
3410 0.005749999999954479 0.006062177826461206 0
3411 0.01637499999993914 0.005845671475566402 0
3412 0.01049998853034329 0.008227234713965874 0
3413 0.01187499999994604 0.005412658773651729 0
3414 0.007874999999963987 0.003247595264173843 0
3415 0.01237499999994504 0.005412658773654133 0
3416 0.01837497614779468 0.00671169048689015 0
3417 0.01662499999994083 0.005412658773675596 0
3418 0.007999999999966183 0.003464101615122136 0
3419 0.005249999999954261 0.006062177826459045 0
3420 0.004874999999956666 0.00584567147551041 0
3421 0.01037499907581944 0.008010734451452771 0
3422 0.01199999999994746 0.005196152422706488 0
3423 0.01649999999994198 0.005196152422729357 0
3424 0.002249999999964711 0.00476313972076886 0
3425 0.01649999999993997 0.00562916512462109 0
3426 0.001500164691928116 0.004330196136364818 0
3427 0.008374999999962929 0.003247595264176155 0
3428 0.005374999999956134 0.005845671475513291 0
3429 0.0008761073503711703 0.007577381891853426 0
3430 0.008499999999965386 0.003464101615124594 0
3431 0.004999999999963462 0.004763139720781652 0
3432 0.01774999153808951 0.008660249778060909 0
3433 0.002249999999966958 0.004330127018877115 0
3434 0.002749999999968971 0.003897114316987372 0
3435 0.01249999999994631 0.005196152422708987 0
3436 0.01812499930551075 0.007144709862399322 0
3437 0.01849998900844797 0.006928203660797646 0
3438 0.001625013062934467 0.003247594469019034 0
3439 0.01437647579504448 0.008875895916830141 0
3440 0.01012499999996382 0.002381569860402529 0
3441 0.00962499999995565 0.00497964607174912 0
3442 0.002499999999968995 0.003897114316986496 0
3443 0.002374999999967979 0.004113620667931753 0
3444 0.004624999999961786 0.004979646071725782 0
3445 0.0002165063509458948 0.003625000000008548 0
3446 0.009499999999956954 0.004330127018910247 0
3447 0.01249999999995439 0.002165063509468276 0
3448 0.009124999999958821 0.004113620667962677 0
3449 0.005250000176689781 0.008227254827809173 0
3450 0.009999999999947867 0.008227241335942491 0
3451 0.0004224387550363881 0.00351295496253577 0
3452 0.001625067986877111 0.004113651179971316 0
3453 0.004874999999961958 0.00497964607172702 0
3454 0.01037499999996366 0.002381569860403928 0
3455 0.01624999999994644 0.004330127018945393 0
3456 0.01274999999994556 0.005196152422710433 0
3457 0.009874999999945563 0.008010734984994128 0
3458 0.01737499999995671 0.001948557158545649 0
3459 0.01824999913067748 0.007361216292112053 0
3460 0.001500163866905339 0.003897144235731234 0
3461 0.01074999999996217 0.00259807621135158 0
3462 0.01862499945821607 0.008010735277524708 0
3463 0.001625067169332138 0.003680602577190122 0
3464 0.001500059810704982 0.00346408739479898 0
3465 0.01837499944138343 0.007577722566483889 0
3466 0.01824999999995643 0.001732050807604336 0
3467 0.01599999999994694 0.004330127018944288 0
3468 0.006124999999949431 0.008010734984975171 0
3469 0.01923471004287268 0.008654220094872423 0
3470 0.01299999999994534 0.005196152422711764 0
3471 0.01912282251504951 0.00844363068172378 0
3472 0.01337499999994291 0.005412658773659412 0
3473 0.002000000571691858 0.003031089103155582 0
3474 0.01849999892026848 0.007794229213996503 0
3475 0.001875004431084769 0.002814584413960206 0
3476 0.0177499999999648 0.0008660254038136765 0
3477 0.01562499999994803 0.004113620667996512 0
3478 0.01887530850774428 0.00801053109676245 0
3479 0.01812354724882225 0.008878639513482237 0
3480 0.01362499999994245 0.005412658773660641 0
3481 0.01900003575936824 0.008227032597451688 0
3482 0.002375000008200086 0.001948557162788931 0
3483 0.01549999999994799 0.003897114317050521 0
3484 0.01587499999994762 0.004113620667997839 0
3485 0.009499999999947127 0.007794228634046171 0
3486 0.002000002038839244 0.00259807712355427 0
3487 0.01374999999994393 0.005196152422715382 0
3488 0.005624999999973971 0.001948557158489246 0
3489 0.004624999999950079 0.007144709581185679 0
3490 0.001875002263694364 0.002381570943468598 0
3491 0.009749999999971941 0.0004330127018915518 0
3492 0.005999999999973177 0.001732050807545272 0
3493 0.01399999999994332 0.005196152422716752 0
3494 0.01562499999995753 0.001948557158536804 0
3495 0.005499999999974171 0.001732050807542576 0
3496 0.006124999999972708 0.001948557158491325 0
3497 0.01499999999994596 0.007794228634060427 0
3498 0.01462500000977191 0.008443747677282532 0
3499 0.006499999999971948 0.001732050807547766 0
3500 0.01487500000015241 0.008010734984802767 0
3501 0.006624999999971529 0.001948557158493825 0
3502 0.0152499999999502 0.003031088913265381 0
3503 0.01475000000200121 0.008227241333938706 0
3504 0.01574999999995873 0.001732050807591168 0
3505 0.01413637466084916 0.008873374570629547 0
3506 0.006999999999970698 0.001732050807550271 0
3507 0.007124999999970327 0.001948557158496343 0
3508 0.01450024602160893 0.008660109904587274 0
3509 0.01512499999993844 0.00757772228312351 0
3510 0.01499999999994317 0.007361215932174067 0
3511 0.01424999999994333 0.005196152422718074 0
3512 0.01574999999995079 0.00303108891326739 0
3513 0.007499999999969423 0.001732050807552783 0
3514 0.007624999999969108 0.001948557158498864 0
3515 0.002250000042138552 0.002165063531555931 0
3516 0.004874999999950138 0.007144709581186743 0
3517 0.009124999999947543 0.007577722283098778 0
3518 0.007999999999968126 0.001732050807555291 0
3519 0.01587499999995987 0.001515544456645374 0
3520 0.008124999999967887 0.001948557158501367 0
3521 0.004499999999955241 0.006062177826454379 0
3522 0.01787499999995866 0.001515544456656196 0
3523 0.004624999999953684 0.006278684177401205 0
3524 0.004499999999952778 0.006495190528346621 0
3525 0.0084999999999668 0.001732050807557764 0
3526 0.01537499999995177 0.002814582562319767 0
3527 0.005249999999949951 0.006928203230242169 0
3528 0.01774999999995982 0.001299038105709399 0
3529 0.01462499999994087 0.005412658773665694 0
3530 0.008624999999966677 0.001948557158503816 0
3531 0.004374999999952008 0.006711696879291749 0
3532 0.002000000002209062 0.001299038106801622 0
3533 0.01387499999997493 0.0002165063509476643 0
3534 0.01599999999996113 0.001299038105700143 0
3535 0.000418409288027102 0.001240236989995439 0
3536 0.01762499999996174 0.001082531754761601 0
3537 0.004499999999950935 0.006928203230238826 0
3538 0.008749999999950861 0.007794228634045286 0
3539 0.00537499999995042 0.007144709581189009 0
3540 0.002125000009545345 0.001515544461601023 0
3541 0.002250000018475415 0.001732050817237411 0
3542 0.001874973730302563 0.001082506183073136 0
3543 0.008499999999951033 0.007794228634043881 0
3544 0.008999999999965539 0.001732050807560399 0
3545 0.01474999999994248 0.005196152422720248 0
3546 0.01487499999994359 0.004979646071774905 0
3547 0.0151249999999427 0.004979646071776583 0
3548 0.001749785457813856 0.0008658165655198886 0
3549 0.005749999999950564 0.006928203230245022 0
3550 0.01537499999994436 0.004979646071777302 0
3551 0.003124999999659791 0.007144709581560466 0
3552 0.005874999999950737 0.007144709581191545 0
3553 0.01562499999993663 0.005845671475562269 0
3554 0.01587499999996218 0.001082531754752618 0
3555 0.01599999999996402 0.0008660254038065831 0
3556 0.006249999999950848 0.00692820323024745 0
3557 0.009124999999965196 0.001948557158506408 0
3558 0.00637499999995116 0.007144709581193936 0
3559 0.003374999999903306 0.007144709581242046 0
3560 0.01587499999997052 0.0006495190528555062 0
3561 0.008124999999950703 0.007144709581202062 0
3562 0.006749999999950987 0.006928203230249521 0
3563 0.006999999999951328 0.006928203230251035 0
3564 0.009624999999969783 0.0006495190528365855 0
3565 0.003499999998539109 0.007361215933977702 0
3566 0.007749999999950286 0.00692820323025362 0
3567 0.007124999999951974 0.007144709581198074 0
3568 0.007499999999950437 0.006928203230252422 0
3569 0.003624999989419989 0.007577722296891007 0
3570 0.003749999956735954 0.007794228686839472 0
3571 0.01224999999995323 0.003464101615143338 0
3572 0.009999999999966546 0.001299038105673964 0
3573 0.01349999999996319 0.0004330127019010894 0
3574 0.01412499999993896 0.006278684177447723 0
3575 0.009374999999965574 0.001948557158508531 0
3576 0.008749999999962847 0.003464101615122831 0
3577 0.01374999999994079 0.00606217782650025 0
3578 0.01262499999994951 0.004113620667982095 0
3579 0.003874999655136589 0.00801073538236762 0
3580 0.01287499999994851 0.004113620667983024 0
3581 0.01512499999994808 0.004113620667994704 0
3582 0.01487499999994836 0.004113620667993585 0
3583 0.01324999999994735 0.003897114317039231 0
3584 0.004124999778226248 0.008010735239527162 0
3585 0.01250005252515952 0.00822650164055728 0
3586 0.01337499999994768 0.004113620667985266 0
3587 0.0136249999999477 0.00411362066798662 0
3588 0.009249999999974494 0.0004330127018893144 0
3589 0.0147499999999479 0.003897114317046545 0
3590 0.01412499999994797 0.004113620667989429 0
3591 0.009249999999958347 0.004330127018909605 0
3592 0.01399999999994789 0.003897114317042822 0
3593 0.01437499999994763 0.004113620667990855 0
3594 0.004249999578018148 0.008227241819633288 0
3595 0.004499999876327771 0.008227264907238184 0
3596 0.007874999999951525 0.007144709581200898 0
3597 0.01312499999997587 0.000216506350947599 0
3598 0.005375000052444387 0.008010737732102599 0
3599 0.01174999999997456 0.0004330127018934349 0
3600 0.004749999990935038 0.008227319107250775 0
3601 0.00887499999996169 0.003680607966069296 0
3602 0.008749999999961238 0.003897114317015505 0
3603 0.009999999999953258 0.005196152422696037 0
3604 0.008874999999960345 0.004113620667962083 0
3605 0.005000000131030182 0.008227318285450782 0
3606 0.0124999999999513 0.003464101615144843 0
3607 0.009624999999966063 0.001948557158509824 0
3608 0.008999999999974395 0.0004330127018889824 0
3609 0.009874999999954014 0.004979646071749539 0
3610 0.01137499999997349 0.0006495190528398557 0
3611 0.00962499999995587 0.004546633369856937 0
3612 0.00949999999995663 0.004763139720802798 0
3613 0.01037499999995002 0.005845671475536432 0
3614 0.009249999999948477 0.007794228634045687 0
3615 0.009624999999947301 0.008010734984993268 0
3616 0.01024999999995141 0.005629165124589612 0
3617 0.01037499999995061 0.005412658773643793 0
3618 0.01087499999994644 0.006278684177428917 0
3619 0.01074999999994743 0.0060621778264833 0
3620 0.01099999999994539 0.006495190528375422 0
3621 0.005625000008222788 0.008010735233914696 0
3622 0.005999999999947972 0.008227241335919816 0
3623 0.005749999999948036 0.008227241335919538 0
3624 0.008749999999974932 0.0004330127018892872 0
3625 0.01299999999996616 0.0004330127018989181 0
3626 0.008249999999950436 0.007361215932147412 0
3627 0.009124999999564889 0.008443748727937052 0
3628 0.008374999999949661 0.007577722283094967 0
3629 0.01249999999995066 0.003897114317036464 0
3630 0.008624999999974362 0.0006495190528331735 0
3631 0.01262499999995019 0.003680607966091616 0
3632 0.00887499999860128 0.008443750680921477 0
3633 0.006374999999948667 0.008010734984975072 0
3634 0.006499997880368016 0.008227247253624748 0
3635 0.0121249999999546 0.003247595264197435 0
3636 0.006749992420557585 0.008227268390684181 0
3637 0.008499999947570568 0.008660270057243255 0
3638 0.008374999976794537 0.008443751751301345 0
3639 0.01224999999995416 0.0030310889132525 0
3640 0.008124999597187113 0.008443764537347277 0
3641 0.01212499999995584 0.002814582562306406 0
3642 0.006999991208290313 0.008227285106399664 0
3643 0.007999999560714573 0.008227257727589794 0
3644 0.007249995369255509 0.008227292992126878 0
3645 0.01199999999995719 0.002598076211360008 0
3646 0.00774999846018739 0.008227287956462163 0
3647 0.01199999999995898 0.00216506350946832 0
3648 0.008374999999975973 0.0006495190528321693 0
3649 0.007624999437611934 0.008010750781053858 0
3650 0.01187499999995853 0.002381569860413736 0
3651 0.006749999999975105 0.0008660254037700803 0
3652 0.009128279862692459 0.009313269084566698 0
3653 0.009000546635648091 0.009093895708020421 0
3654 0.009125091104090235 0.008876870724724007 0
3655 0.009250015183521913 0.008660273641717077 0
3656 0.01812499999996644 0.0006495190528643377 0
3657 0.01212499999996504 0.001082531754738399 0
3658 0.01237499999996175 0.001082531754739276 0
3659 0.00674999999998258 0.000433012701885512 0
3660 0.01262499999996073 0.001082531754740095 0
3661 0.008124999999976647 0.0006495190528319876 0
3662 0.01212499999995947 0.001948557158523602 0
3663 0.01224999999996005 0.001732050807577016 0
3664 0.007874999999978831 0.0006495190528313172 0
3665 0.01212499999996166 0.001515544456633511 0
3666 0.01199999999996379 0.001299038105685528 0
3667 0.007749999999977357 0.0008660254037757771 0
3668 0.007499999999979601 0.0008660254037747873 0
3669 0.01274999999996397 0.0008660254037938891 0
3670 0.01262499999996802 0.0006495190528467711 0
3671 0.007249999999980772 0.0008660254037741354 0
3672 0.005249999999977683 0.0008660254037647828 0
3673 0.006999999999979209 0.0008660254037734823 0
3674 0.005249999999987391 0.0004330127018818042 0
3675 0.004999999999983186 0.0004330127018769126 0
3676 0.006499999999983096 0.0004330127018819823 0
3677 0.01274999999996867 0.0004330127019014803 0
3678 0.006249999999984169 0.0004330127018822104 0
3679 0.006124999999985675 0.0006495190528249522 0
3680 0.01362499999997359 0.0002165063509470422 0
3681 0.00599999999998555 0.0008660254037692231 0
3682 0.01437499999998056 0.0002165063509410253 0
3683 0.00574999999998623 0.0008660254037694844 0
3684 0.01424999999997161 0.0004330127018903885 0
3685 0.005499999999983409 0.0008660254037692849 0
3686 0.004874999999983669 0.0002165063509381328 0
3687 0.003249999999989588 0.0004330127018701204 0
3688 0.004624999999982579 0.0002165063509386879 0
3689 0.003124999999993721 0.0002165063509308242 0
3690 0.01637499999997875 0.0002165063509718334 0
3691 0.01624999999997461 0.0004330127019108058 0
3692 0.004499999999983718 0.0004330127018760491 0
3693 0.004249999999989301 0.000433012701875553 0
3694 0.003999999999990248 0.0004330127018755134 0
3695 0.003749999999990844 0.0004330127018751057 0
3696 0.01812499999998415 0.0002165063509525929 0
3697 0.003499999999990185 0.000433012701873906 0
3698 0.01799999999997829 0.0004330127018949278 0
3699 0.002874999999995194 0.0002165063509311246 0
3700 0.002749999999995903 0.0004330127018678823 0
3701 0.0024999999999942 0.0004330127018704528 0
3702 0.002249999999995179 0.0004330127018700381 0
3703 0.001999999999996413 0.0004330127018689231 0
3704 0.001749973729495002 0.000432987129828509 0
3705 0.001499999999997122 0.0004330127018661881 0
3706 0.0004857390719905486 0.009118608019447303 0
3707 0.000874705809114581 0.00844413838989741 0
3708 0.01978537624333505 0.003874999999990076 0
3709 0.0008770842395282396 0.002814156453932643 0
3710 0.0007505368790206208 0.002598001713314307 0
3711 0.0006222286066731846 0.005826354196965697 0
3712 0.01712565506641715 0.009766505958742708 0
3713 0.0008437429494984667 0.006284580412232137 0
3714 0.006622946614633613 0.009316351190057488 0
3715 0.005627555983177076 0.009312939013813141 0
3716 0.01049874066848436 0.009092282378811427 0
3717 0.006002993710201032 0.009539667314507401 0
3718 0.01961166774431717 0.009296790097986493 0
3719 0.005877432286194071 0.009768987531776773 0
3720 0.004501421162585577 0.009559401849839793 0
3721 0.007498519663420776 0.009558248744114735 0
3722 0.0006297274050001049 0.008441987541308713 0
3723 0.01074658168394363 0.009084892237561889 0
3724 0.01112377395300927 0.008868550192636894 0
3725 0.0008984216639762642 0.001097433926086333 0
3726 0.0003719778037558533 0.009799326587314116 0
3727 0.01936053577034624 0.006714358576864647 0
3728 0.01799532555788439 0.009547364237160683 0
3729 0.01937100885290533 0.008876759146701262 0
3730 0.01936620325882473 0.004117208328185468 0
3731 0.0006346699754659671 0.004120927734622841 0
3732 0.01086578107744402 0.008869633706410267 0
3733 0.01063495917557992 0.0097514301458199 0
3734 0.01935953528440926 0.006290740587293933 0
3735 0.01474432848150047 0.00953812945310604 0
3736 0.0005172367959695441 0.003035955634773847 0
3737 0.009504989299049974 0.009534097866114888 0
3738 0.002863669262858628 0.009331586233331296 0
3739 0.00050534232146419 0.007789856034307316 0
3740 0.01836053649483035 0.009331806201006373 0
3741 0.01812015782694704 0.009774600687150017 0
3742 0.01512010891877892 0.009784806660219365 0
3743 0.01125177003467416 0.009070389226844175 0
3744 0.002741365692941707 0.009553864421138168 0
3745 0.0006121865861905142 0.009782751025464727 0
3746 0.01187212855344269 0.008855276336051756 0
3747 0.01959267462750932 0.003751444027507201 0
3748 0.000631698822536387 0.003650884193480617 0
3749 0.01149906682699478 0.009062385923570298 0
3750 0.01980863811743178 0.006377037936158714 0
3751 0.01958984324430204 0.008503443466388773 0
3752 0.0007799980153637772 0.001313528637929284 0
3753 0.000647502915546519 0.004553133727565025 0
3754 0.01362317292199238 0.009540560806327626 0
3755 0.0195980762113141 0.00150000000004598 0
3756 0.0004181694394502745 0.001480633574536161 0
3757 0.01960394406234393 0.008002526545102853 0
3758 0.01960069590444141 0.003250219097410893 0
3759 0.01980765690853921 0.006621193112919793 0
3760 0.0006527985964827451 0.004963596544525987 0
3761 0.01959681879076483 0.004995916500498073 0
3762 0.0006402494121752547 0.008019252477062271 0
3763 0.01162407305008409 0.008857882637614483 0
3764 0.0006579026473651652 0.003236818455592053 0
3765 0.01337677094060168 0.009829344683800553 0
3766 0.0004036552759583971 0.006728388956778919 0
3767 0.01262373488669784 0.008845107238233217 0
3768 0.01200642086603128 0.009045815808170148 0
3769 0.01934642668156027 0.00455547573074148 0
3770 0.0012845903883315 0.0004529834718588993 0
3771 0.000845783886784659 0.0007149406641412021 0
3772 0.01958804677829711 0.001974629051326285 0
3773 0.0004118084646448085 0.001974711139492682 0
3774 0.01225220557738325 0.00903778007757681 0
3775 0.01946539015716039 0.00650889941256434 0
3776 0.01313431923147232 0.009549907939413179 0
3777 0.01958696284717452 0.002792621801945821 0
3778 0.0001717653070042772 0.002875000000007376 0
3779 0.0004118146524060025 0.008470843038964899 0
3780 0.0001696469100017704 0.007625000000005236 0
3781 0.01983585467738097 0.009351977069052381 0
3782 0.01958375394089665 0.005449709801894614 0
3783 0.01982858867960959 0.005869956203528192 0
3784 0.01983253175469296 0.0006250000000461602 0
3785 0.000625000000004343 0.0001674682452736042 0
3786 0.01983281537650262 0.007124999999992721 0
3787 0.01983327578255039 0.002374999999994429 0
3788 0.0001667242174077945 0.002375000000006596 0
3789 0.01291649672309308 0.009595392668981738 0
3790 0.0123769163498075 0.008844700355061155 0
3791 0.0007952015464807963 0.006521287653380285 0
3792 0.01959366466686618 0.007541253636224785 0
3793 0.01983436644525166 0.001113956135045167 0
3794 0.001113120279783416 0.0001627934651573444 0
3795 0.0001619185889230678 0.008875000000002773 0
3796 0.01261912095581466 0.009843242813413608 0
3797 0.000399782401587513 0.005450663267360724 0
3798 0.01275032103448503 0.009030498504162416 0
3799 0.0004093154860201328 0.005798530174288856 0
3800 0.01404742716805455 0.009077513440861105 0
3801 0.000407139692174326 0.009321196975117704 0
3802 0.01965700180822823 0.006499126396182483 0
3803 0.01299872591004574 0.009025674758168841 0
3804 0.01238434918356971 0.009570673669213001 0
3805 0.0001586632735880628 0.007128601399687459 0
3806 0.0001830127018922232 0.009816987298107774 0
3807 0.0001830127018928224 0.0001830127018932232 0
3808 0.01981698729810678 0.0001830127018928267 0
3809 0.01981698729810715 0.00981698729810709 0
3810 0.01324755145375287 0.00902174250177395 0
3811 0.012149471753224 0.009599191547897143 0
3812 0.01943165407134699 0.003881072520294671 0
3813 0.0006196754082606357 0.0062011293404421 0
3814 0.01349745936274422 0.009018307693640266 0
3815 0.01943350946681184 0.009131655066957263 0
3816 0.01187500000002155 0.009860997652612686 0
3817 0.01393884666509305 0.009328269144929525 0
3818 0.01943070657003781 0.008646943256698765 0
3819 0.0005700363809271343 0.004375000000015269 0
3820 0.0005738238287196287 0.005151717167651317 0
3821 0.000567631645105649 0.00387500000000637 0
3822 0.01373007044720932 0.009017727597832368 0
3823 0.0005936988972589781 0.001335999844724896 0
3824 0.01382408229519373 0.009571621516794821 0
3825 0.01164778029637642 0.009613631543411678 0
3826 0.0005818726476885513 0.003396983984385805 0
3827 0.01942748391745597 0.004364516614282464 0
3828 0.0008082512457990902 0.0009296094967261213 0
$EndNodes
$Elements
7654
1 1 2 1 1 1 5
2 1 2 1 1 5 6
3 1 2 1 1 6 7
4 1 2 1 1 7 8
5 1 2 1 1 8 9
6 1 2 1 1 9 10
7 1 2 1 1 10 11
8 1 2 1 1 11 12
9 1 2 1 1 12 13
10 1 2 1 1 13 14
11 1 2 1 1 14 15
12 1 2 1 1 15 16
13 1 2 1 1 16 17
14 1 2 1 1 17 18
15 1 2 1 1 18 19
16 1 2 1 1 19 20
17 1 2 1 1 20 21
18 1 2 1 1 21 22
19 1 2 1 1 22 23
20 1 2 1 1 23 24
21 1 2 1 1 24 25
22 1 2 1 1 25 26
23 1 2 1 1 26 27
24 1 2 1 1 27 28
25 1 2 1 1 28 29
26 1 2 1 1 29 30
27 1 2 1 1 30 31
28 1 2 1 1 31 32
29 1 2 1 1 32 33
30 1 2 1 1 33 34
31 1 2 1 1 34 35
32 1 2 1 1 35 36
33 1 2 1 1 36 37
34 1 2 1 1 37 38
35 1 2 1 1 38 39
36 1 2 1 1 39 40
37 1 2 1 1 40 41
38 1 2 1 1 41 42
39 1 2 1 1 42 43
40 1 2 1 1 43 44
41 1 2 1 1 44 45
42 1 2 1 1 45 46
43 1 2 1 1 46 47
44 1 2 1 1 47 48
45 1 2 1 1 48 49
46 1 2 1 1 49 50
47 1 2 1 1 50 51
48 1 2 1 1 51 52
49 1 2 1 1 52 53
50 1 2 1 1 53 54
51 1 2 1 1 54 55
52 1 2 1 1 55 56
53 1 2 1 1 56 57
54 1 2 1 1 57 58
55 1 2 1 1 58 59
56 1 2 1 1 59 60
57 1 2 1 1 60 61
58 1 2 1 1 61 62
59 1 2 1 1 62 63
60 1 2 1 1 63 64
61 1 2 1 1 64 65
62 1 2 1 1 65 66
63 1 2 1 1 66 67
64 1 2 1 1 67 68
65 1 2 1 1 68 69
66 1 2 1 1 69 70
67 1 2 1 1 70 71
68 1 2 1 1 71 72
69 1 2 1 1 72 73
70 1 2 1 1 73 74
71 1 2 1 1 74 75
72 1 2 1 1 75 76
73 1 2 1 1 76 77
74 1 2 1 1 77 78
75 1 2 1 1 78 79
76 1 2 1 1 79 80
77 1 2 1 1 80 81
78 1 2 1 1 81 82
79 1 2 1 1 82 83
80 1 2 1 1 83 2
81 1 2 2 2 2 84
82 1 2 2 2 84 85
83 1 2 2 2 85 86
84 1 2 2 2 86 87
85 1 2 2 2 87 88
86 1 2 2 2 88 89
87 1 2 2 2 89 90
88 1 2 2 2 90 91
89 1 2 2 2 91 92
90 1 2 2 2 92 93
91 1 2 2 2 93 94
92 1 2 2 2 94 95
93 1 2 2 2 95 96
94 1 2 2 2 96 97
95 1 2 2 2 97 98
96 1 2 2 2 98 99
97 1 2 2 2 99 100
98 1 2 2 2 100 101
99 1 2 2 2 101 102
100 1 2 2 2 102 103
101 1 2 2 2 103 104
102 1 2 2 2 104 105
103 1 2 2 2 105 106
104 1 2 2 2 106 107
105 1 2 2 2 107 108
106 1 2 2 2 108 109
107 1 2 2 2 109 110
108 1 2 2 2 110 111
109 1 2 2 2 111 112
110 1 2 2 2 112 113
111 1 2 2 2 113 114
112 1 2 2 2 114 115
113 1 2 2 2 115 116
114 1 2 2 2 116 117
115 1 2 2 2 117 118
116 1 2 2 2 118 119
117 1 2 2 2 119 120
118 1 2 2 2 120 121
119 1 2 2 2 121 122
120 1 2 2 2 122 3
121 1 2 3 3 3 123
122 1 2 3 3 123 124
123 1 2 3 3 124 125
124 1 2 3 3 125 126
125 1 2 3 3 126 127
126 1 2 3 3 127 128
127 1 2 3 3 128 129
128 1 2 3 3 129 130
129 1 2 3 3 130 131
130 1 2 3 3 131 132
131 1 2 3 3 132 133
132 1 2 3 3 133 134
133 1 2 3 3 134 135
134 1 2 3 3 135 136
135 1 2 3 3 136 137
136 1 2 3 3 137 138
137 1 2 3 3 138 139
138 1 2 3 3 139 140
139 1 2 3 3 140 141
140 1 2 3 3 141 142
141 1 2 3 3 142 143
142 1 2 3 3 143 144
143 1 2 3 3 144 145
144 1 2 3 3 145 146
145 1 2 3 3 146 147
146 1 2 3 3 147 148
147 1 2 3 3 148 149
148 1 2 3 3 149 150
149 1 2 3 3 150 151
150 1 2 3 3 151 152
151 1 2 3 3 152 153
152 1 2 3 3 153 154
153 1 2 3 3 154 155
154 1 2 3 3 155 156
155 1 2 3 3 156 157
156 1 2 3 3 157 158
157 1 2 3 3 158 159
158 1 2 3 3 159 160
159 1 2 3 3 160 161
160 1 2 3 3 161 162
161 1 2 3 3 162 163
162 1 2 3 3 163 164
163 1 2 3 3 164 165
164 1 2 3 3 165 166
165 1 2 3 3 166 167
166 1 2 3 3 167 168
167 1 2 3 3 168 169
168 1 2 3 3 169 170
169 1 2 3 3 170 171
170 1 2 3 3 171 172
171 1 2 3 3 172 173
172 1 2 3 3 173 174
173 1 2 3 3 174 175
174 1 2 3 3 175 176
175 1 2 3 3 176 177
176 1 2 3 3 177 178
177 1 2 3 3 178 179
178 1 2 3 3 179 180
179 1 2 3 3 180 181
180 1 2 3 3 181 182
181 1 2 3 3 182 183
182 1 2 3 3 183 184
183 1 2 3 3 184 185
184 1 2 3 3 185 186
185 1 2 3 3 186 187
186 1 2 3 3 187 188
187 1 2 3 3 188 189
188 1 2 3 3 189 190
189 1 2 3 3 190 191
190 1 2 3 3 191 192
191 1 2 3 3 192 193
192 1 2 3 3 193 194
193 1 2 3 3 194 195
194 1 2 3 3 195 196
195 1 2 3 3 196 197
196 1 2 3 3 197 198
197 1 2 3 3 198 199
198 1 2 3 3 199 200
199 1 2 3 3 200 201
200 1 2 3 3 201 4
201 1 2 4 4 4 202
202 1 2 4 4 202 203
203 1 2 4 4 203 204
204 1 2 4 4 204 205
205 1 2 4 4 205 206
206 1 2 4 4 206 207
207 1 2 4 4 207 208
208 1 2 4 4 208 209
209 1 2 4 4 209 210
210 1 2 4 4 210 211
211 1 2 4 4 211 212
212 1 2 4 4 212 213
213 1 2 4 4 213 214
214 1 2 4 4 214 215
215 1 2 4 4 215 216
216 1 2 4 4 216 217
217 1 2 4 4 217 218
218 1 2 4 4 218 219
219 1 2 4 4 219 220
220 1 2 4 4 220 221
221 1 2 4 4 221 222
222 1 2 4 4 222 223
223 1 2 4 4 223 224
224 1 2 4 4 224 225
225 1 2 4 4 225 226
226 1 2 4 4 226 227
227 1 2 4 4 227 228
228 1 2 4 4 228 229
229 1 2 4 4 229 230
230 1 2 4 4 230 231
231 1 2 4 4 231 232
232 1 2 4 4 232 233
233 1 2 4 4 233 234
234 1 2 4 4 234 235
235 1 2 4 4 235 236
236 1 2 4 4 236 237
237 1 2 4 4 237 238
238 1 2 4 4 238 239
239 1 2 4 4 239 240
240 1 2 4 4 240 1
241 2 2 1 1 301 2094 3736
242 2 2 1 1 1950 1741 2460
243 2 2 1 1 156 157 2209
244 2 2 1 1 308 2271 3739
245 2 2 1 1 299 2246 2276
246 2 2 1 1 2103 2337 2338
247 2 2 1 1 2031 2127 2642
248 2 2 1 1 263 2074 3072
249 2 2 1 1 328 2079 3147
250 2 2 1 1 276 2077 2376
251 2 2 1 1 2094 301 3778
252 2 2 1 1 2387 279 2982
253 2 2 1 1 277 2081 2377
254 2 2 1 1 253 2076 2349
255 2 2 1 1 2074 263 3747
256 2 2 1 1 2103 2338 3791
257 2 2 1 1 1678 2347 3762
258 2 2 1 1 2271 308 3780
259 2 2 1 1 157 2164 2209
260 2 2 1 1 257 2083 2084
261 2 2 1 1 2246 299 3782
262 2 2 1 1 159 160 3733
263 2 2 1 1 1665 2188 2189
264 2 2 1 1 330 2102 2272
265 2 2 1 1 2280 1679 3760
266 2 2 1 1 286 2134 2136
267 2 2 1 1 329 3728 3741
268 2 2 1 1 2101 302 2125
269 2 2 1 1 2349 2076 2350
270 2 2 1 1 2077 276 3751
271 2 2 1 1 286 2136 2164
272 2 2 1 1 2347 1678 3722
273 2 2 1 1 2194 2191 3706
274 2 2 1 1 1679 2280 3753
275 2 2 1 1 2642 2127 3793
276 2 2 1 1 298 2194 3706
277 2 2 1 1 1643 2336 3711
278 2 2 1 1 1741 1960 2460
279 2 2 1 1 1956 2204 2205
280 2 2 1 1 1665 2187 2188
281 2 2 1 1 1956 2203 2204
282 2 2 1 1 242 2165 3765
283 2 2 1 1 2087 321 2089
284 2 2 1 1 320 2090 2092
285 2 2 1 1 2165 242 3776
286 2 2 1 1 1950 2460 3757
287 2 2 1 1 2342 2937 3770
288 2 2 1 1 2937 2342 3794
289 2 2 1 1 3147 2079 3777
290 2 2 1 1 1934 1717 2343
291 2 2 1 1 2336 1643 3813
292 2 2 1 1 157 158 2164
293 2 2 1 1 2326 292 3718
294 2 2 1 1 2308 301 3736
295 2 2 1 1 246 156 2209
296 2 2 1 1 257 2084 3783
297 2 2 1 1 161 251 2167
298 2 2 1 1 84 85 2223
299 2 2 1 1 5 6 2344
300 2 2 1 1 121 122 2185
301 2 2 1 1 160 2167 3733
302 2 2 1 1 1556 2205 2583
303 2 2 1 1 2089 272 2374
304 2 2 1 1 267 2092 2093
305 2 2 1 1 2196 332 3269
306 2 2 1 1 2387 2982 3772
307 2 2 1 1 2377 2081 3773
308 2 2 1 1 1664 1952 2187
309 2 2 1 1 2111 2203 3122
310 2 2 1 1 197 198 2186
311 2 2 1 1 196 197 2171
312 2 2 1 1 2171 197 2186
313 2 2 1 1 193 194 2172
314 2 2 1 1 2098 264 2100
315 2 2 1 1 186 187 2169
316 2 2 1 1 1367 1369 2365
317 2 2 1 1 1369 2363 2365
318 2 2 1 1 1369 1371 2363
319 2 2 1 1 1668 3165 3223
320 2 2 1 1 1655 2425 2426
321 2 2 1 1 169 170 2182
322 2 2 1 1 317 2108 2109
323 2 2 1 1 163 164 2197
324 2 2 1 1 162 163 2130
325 2 2 1 1 2130 163 2197
326 2 2 1 1 2523 287 2524
327 2 2 1 1 144 145 2526
328 2 2 1 1 144 2526 2527
329 2 2 1 1 143 144 2527
330 2 2 1 1 139 140 2202
331 2 2 1 1 2129 139 2202
332 2 2 1 1 138 139 2129
333 2 2 1 1 312 2112 2113
334 2 2 1 1 269 2115 2944
335 2 2 1 1 131 132 2945
336 2 2 1 1 127 128 2198
337 2 2 1 1 2168 127 2198
338 2 2 1 1 126 127 2168
339 2 2 1 1 296 2117 2119
340 2 2 1 1 2169 187 2207
341 2 2 1 1 2191 2190 3706
342 2 2 1 1 133 134 3712
343 2 2 1 1 2175 2109 3652
344 2 2 1 1 1403 1401 2190
345 2 2 1 1 1398 1662 2201
346 2 2 1 1 2099 2179 3308
347 2 2 1 1 247 2106 2212
348 2 2 1 1 261 2110 2211
349 2 2 1 1 2326 3718 3815
350 2 2 1 1 288 2364 2367
351 2 2 1 1 158 286 2164
352 2 2 1 1 187 188 2207
353 2 2 1 1 3728 2200 3741
354 2 2 1 1 2200 1862 3740
355 2 2 1 1 2347 2346 3762
356 2 2 1 1 313 3164 3224
357 2 2 1 1 124 125 2184
358 2 2 1 1 165 166 2174
359 2 2 1 1 1648 2176 3402
360 2 2 1 1 189 190 2177
361 2 2 1 1 1389 1391 2428
362 2 2 1 1 167 168 2180
363 2 2 1 1 146 147 2525
364 2 2 1 1 136 137 2181
365 2 2 1 1 329 2116 3728
366 2 2 1 1 1669 2183 3721
367 2 2 1 1 2170 1667 3720
368 2 2 1 1 1717 1719 2343
369 2 2 1 1 2125 302 3786
370 2 2 1 1 134 2114 3712
371 2 2 1 1 2125 266 3277
372 2 2 1 1 288 2367 2368
373 2 2 1 1 1350 1352 3738
374 2 2 1 1 2083 257 2085
375 2 2 1 1 2197 282 3737
376 2 2 1 1 178 179 3719
377 2 2 1 1 241 2527 3735
378 2 2 1 1 2364 288 3231
379 2 2 1 1 1385 1387 2427
380 2 2 1 1 2183 1669 3198
381 2 2 1 1 134 135 2114
382 2 2 1 1 1666 2173 3241
383 2 2 1 1 1667 2170 2942
384 2 2 1 1 1654 1990 2131
385 2 2 1 1 3776 242 3789
386 2 2 1 1 295 2123 2124
387 2 2 1 1 2340 297 2341
388 2 2 1 1 302 2101 2126
389 2 2 1 1 105 106 2128
390 2 2 1 1 206 207 2195
391 2 2 1 1 242 2472 3789
392 2 2 1 1 2249 1399 3740
393 2 2 1 1 2185 122 3809
394 2 2 1 1 2173 1666 3744
395 2 2 1 1 207 278 2195
396 2 2 1 1 241 2206 3742
397 2 2 1 1 84 2223 3808
398 2 2 1 1 5 2344 3807
399 2 2 1 1 274 2096 2173
400 2 2 1 1 306 2097 2170
401 2 2 1 1 251 2104 2131
402 2 2 1 1 2362 1651 2364
403 2 2 1 1 1655 2426 2427
404 2 2 1 1 2107 316 2183
405 2 2 1 1 312 2113 2114
406 2 2 1 1 2278 2280 3760
407 2 2 1 1 179 180 2368
408 2 2 1 1 179 2368 3719
409 2 2 1 1 3739 1756 3762
410 2 2 1 1 267 2093 2094
411 2 2 1 1 1403 2190 2191
412 2 2 1 1 2076 253 3761
413 2 2 1 1 251 2131 2167
414 2 2 1 1 160 161 2167
415 2 2 1 1 2196 2188 3745
416 2 2 1 1 2122 273 2272
417 2 2 1 1 2341 297 2342
418 2 2 1 1 282 2175 3737
419 2 2 1 1 2206 241 3735
420 2 2 1 1 285 2158 3796
421 2 2 1 1 279 2387 3755
422 2 2 1 1 2081 277 3756
423 2 2 1 1 2346 308 3739
424 2 2 1 1 2075 2074 3747
425 2 2 1 1 2158 285 3804
426 2 2 1 1 1023 3767 3790
427 2 2 1 1 330 2272 3805
428 2 2 1 1 2428 1669 3721
429 2 2 1 1 2066 2175 3652
430 2 2 1 1 333 2121 2185
431 2 2 1 1 2102 1958 2272
432 2 2 1 1 1665 1664 2187
433 2 2 1 1 2203 1956 3122
434 2 2 1 1 1667 2365 3720
435 2 2 1 1 1666 3738 3744
436 2 2 1 1 286 159 3733
437 2 2 1 1 2205 1899 2583
438 2 2 1 1 1556 1956 2205
439 2 2 1 1 2123 295 2127
440 2 2 1 1 2196 3269 3801
441 2 2 1 1 2118 2199 2201
442 2 2 1 1 2376 2077 3757
443 2 2 1 1 290 2095 2176
444 2 2 1 1 2100 264 2177
445 2 2 1 1 2425 1655 2428
446 2 2 1 1 2108 317 2180
447 2 2 1 1 2524 287 2525
448 2 2 1 1 2121 333 2184
449 2 2 1 1 2112 312 2181
450 2 2 1 1 317 2109 2174
451 2 2 1 1 296 2119 2184
452 2 2 1 1 2362 2364 3231
453 2 2 1 1 1387 1655 2427
454 2 2 1 1 2107 2183 3198
455 2 2 1 1 2173 2096 3241
456 2 2 1 1 135 312 2114
457 2 2 1 1 2170 2097 2942
458 2 2 1 1 2104 1654 2131
459 2 2 1 1 2136 2138 2164
460 2 2 1 1 2206 2204 3742
461 2 2 1 1 2429 3224 3714
462 2 2 1 1 1401 1665 2190
463 2 2 1 1 1862 2200 3728
464 2 2 1 1 3165 1668 3224
465 2 2 1 1 273 2122 2271
466 2 2 1 1 180 288 2368
467 2 2 1 1 290 196 2171
468 2 2 1 1 2095 290 2171
469 2 2 1 1 274 193 2172
470 2 2 1 1 2096 274 2172
471 2 2 1 1 306 186 2169
472 2 2 1 1 2097 306 2169
473 2 2 1 1 1667 1367 2365
474 2 2 1 1 251 162 2130
475 2 2 1 1 2104 251 2130
476 2 2 1 1 247 169 2182
477 2 2 1 1 2106 247 2182
478 2 2 1 1 241 143 2527
479 2 2 1 1 261 138 2129
480 2 2 1 1 2110 261 2129
481 2 2 1 1 329 131 2945
482 2 2 1 1 2116 329 2945
483 2 2 1 1 296 126 2168
484 2 2 1 1 2117 296 2168
485 2 2 1 1 198 294 2186
486 2 2 1 1 1371 1651 2363
487 2 2 1 1 1651 2362 2363
488 2 2 1 1 316 2107 2182
489 2 2 1 1 170 316 2182
490 2 2 1 1 164 282 2197
491 2 2 1 1 287 2523 2526
492 2 2 1 1 145 287 2526
493 2 2 1 1 140 310 2202
494 2 2 1 1 269 2944 2945
495 2 2 1 1 132 269 2945
496 2 2 1 1 128 280 2198
497 2 2 1 1 2194 298 3795
498 2 2 1 1 2089 321 3787
499 2 2 1 1 320 2092 3788
500 2 2 1 1 264 2098 2207
501 2 2 1 1 2172 194 2208
502 2 2 1 1 2100 2178 2179
503 2 2 1 1 1662 2118 2201
504 2 2 1 1 1399 1398 2201
505 2 2 1 1 2179 1352 3308
506 2 2 1 1 2099 2100 2179
507 2 2 1 1 2131 1990 2132
508 2 2 1 1 1952 2186 2187
509 2 2 1 1 2111 2202 2203
510 2 2 1 1 2118 2198 2199
511 2 2 1 1 2429 313 3224
512 2 2 1 1 1017 3746 3763
513 2 2 1 1 2176 1953 2208
514 2 2 1 1 299 105 2128
515 2 2 1 1 2174 2109 2175
516 2 2 1 1 2100 2177 2178
517 2 2 1 1 2427 2429 3714
518 2 2 1 1 3726 2196 3745
519 2 2 1 1 2180 247 2212
520 2 2 1 1 2181 261 2211
521 2 2 1 1 333 124 2184
522 2 2 1 1 282 165 2174
523 2 2 1 1 166 317 2174
524 2 2 1 1 1648 1953 2176
525 2 2 1 1 2176 2095 3402
526 2 2 1 1 190 319 2177
527 2 2 1 1 264 189 2177
528 2 2 1 1 1391 1669 2428
529 2 2 1 1 1655 1389 2428
530 2 2 1 1 317 167 2180
531 2 2 1 1 168 247 2180
532 2 2 1 1 125 296 2184
533 2 2 1 1 287 146 2525
534 2 2 1 1 147 326 2525
535 2 2 1 1 137 261 2181
536 2 2 1 1 312 136 2181
537 2 2 1 1 3717 248 3719
538 2 2 1 1 3164 3165 3224
539 2 2 1 1 2185 2121 3718
540 2 2 1 1 188 264 2207
541 2 2 1 1 1953 2172 2208
542 2 2 1 1 2115 269 3712
543 2 2 1 1 1958 2122 2272
544 2 2 1 1 2079 328 3758
545 2 2 1 1 3223 3165 3717
546 2 2 1 1 3804 285 3811
547 2 2 1 1 1352 2179 3738
548 2 2 1 1 269 133 3712
549 2 2 1 1 304 2349 2350
550 2 2 1 1 3165 248 3717
551 2 2 1 1 326 2165 3754
552 2 2 1 1 285 2274 3811
553 2 2 1 1 1399 2201 3740
554 2 2 1 1 2134 286 3733
555 2 2 1 1 2165 326 3765
556 2 2 1 1 3767 2157 3790
557 2 2 1 1 3072 2074 3758
558 2 2 1 1 2164 2138 2209
559 2 2 1 1 1665 2189 2190
560 2 2 1 1 2189 2188 2196
561 2 2 1 1 2078 2077 3751
562 2 2 1 1 248 178 3719
563 2 2 1 1 1385 2427 3714
564 2 2 1 1 304 2350 2351
565 2 2 1 1 2280 2281 3753
566 2 2 1 1 2346 3739 3762
567 2 2 1 1 2199 2200 3740
568 2 2 1 1 3734 2085 3775
569 2 2 1 1 2092 267 3788
570 2 2 1 1 272 2089 3787
571 2 2 1 1 1934 2343 3770
572 2 2 1 1 2146 3768 3774
573 2 2 1 1 1011 3724 3732
574 2 2 1 1 246 2159 3816
575 2 2 1 1 2159 246 3825
576 2 2 1 1 2374 272 3777
577 2 2 1 1 2031 2642 3755
578 2 2 1 1 2276 2246 3761
579 2 2 1 1 321 2087 3772
580 2 2 1 1 2090 320 3773
581 2 2 1 1 1652 2369 3715
582 2 2 1 1 2102 330 3766
583 2 2 1 1 2368 2367 2369
584 2 2 1 1 2123 2127 3374
585 2 2 1 1 2127 2031 3374
586 2 2 1 1 2369 2367 3715
587 2 2 1 1 3746 2152 3763
588 2 2 1 1 1403 2191 2192
589 2 2 1 1 2341 2342 2343
590 2 2 1 1 3277 266 3792
591 2 2 1 1 1899 2205 2206
592 2 2 1 1 2525 326 3824
593 2 2 1 1 2364 1651 2366
594 2 2 1 1 2427 2426 2429
595 2 2 1 1 2139 3743 3749
596 2 2 1 1 1666 1350 3738
597 2 2 1 1 2988 303 3797
598 2 2 1 1 2138 2141 2209
599 2 2 1 1 303 2988 3799
600 2 2 1 1 2131 2132 2167
601 2 2 1 1 2132 1990 2133
602 2 2 1 1 274 2173 2214
603 2 2 1 1 306 2170 2213
604 2 2 1 1 2183 316 2215
605 2 2 1 1 2114 2113 2216
606 2 2 1 1 2094 2093 2210
607 2 2 1 1 2128 106 3783
608 2 2 1 1 1862 2249 3740
609 2 2 1 1 266 2125 3786
610 2 2 1 1 3748 3451 3826
611 2 2 1 1 2337 2103 3766
612 2 2 1 1 2286 3451 3748
613 2 2 1 1 290 2176 2208
614 2 2 1 1 2119 2121 2184
615 2 2 1 1 1677 1676 2211
616 2 2 1 1 1671 1673 2212
617 2 2 1 1 2205 2204 2206
618 2 2 1 1 326 3754 3824
619 2 2 1 1 304 2351 2352
620 2 2 1 1 3768 1220 3774
621 2 2 1 1 2186 294 2187
622 2 2 1 1 2198 280 2199
623 2 2 1 1 2202 310 2203
624 2 2 1 1 2190 2189 3706
625 2 2 1 1 184 185 2213
626 2 2 1 1 191 192 2214
627 2 2 1 1 171 172 2215
628 2 2 1 1 1656 2216 2654
629 2 2 1 1 3724 2140 3732
630 2 2 1 1 195 290 2208
631 2 2 1 1 1954 2169 2207
632 2 2 1 1 2098 1954 2207
633 2 2 1 1 194 195 2208
634 2 2 1 1 282 2174 2175
635 2 2 1 1 2177 319 2178
636 2 2 1 1 2429 2426 3203
637 2 2 1 1 1651 1373 2366
638 2 2 1 1 1373 1375 2366
639 2 2 1 1 313 2429 3203
640 2 2 1 1 2192 2191 2193
641 2 2 1 1 1699 3709 3710
642 2 2 1 1 2108 2180 2212
643 2 2 1 1 2112 2181 2211
644 2 2 1 1 1676 2112 2211
645 2 2 1 1 2110 1677 2211
646 2 2 1 1 1673 2108 2212
647 2 2 1 1 2106 1671 2212
648 2 2 1 1 2369 1652 3717
649 2 2 1 1 3224 1668 3714
650 2 2 1 1 2132 2133 2134
651 2 2 1 1 254 184 2213
652 2 2 1 1 185 306 2213
653 2 2 1 1 319 191 2214
654 2 2 1 1 192 274 2214
655 2 2 1 1 316 171 2215
656 2 2 1 1 172 270 2215
657 2 2 1 1 2216 2113 2654
658 2 2 1 1 1656 2115 2216
659 2 2 1 1 3800 2050 3817
660 2 2 1 1 1403 2192 2217
661 2 2 1 1 2425 2428 3721
662 2 2 1 1 297 2340 3785
663 2 2 1 1 295 2124 3784
664 2 2 1 1 200 201 3726
665 2 2 1 1 2364 2366 2367
666 2 2 1 1 2987 2279 3820
667 2 2 1 1 1728 3734 3775
668 2 2 1 1 2187 294 2188
669 2 2 1 1 2199 280 2200
670 2 2 1 1 2203 310 2204
671 2 2 1 1 1048 1228 2217
672 2 2 1 1 2126 2101 3727
673 2 2 1 1 100 304 2352
674 2 2 1 1 99 100 2352
675 2 2 1 1 2193 2191 2194
676 2 2 1 1 2134 2133 2135
677 2 2 1 1 1213 1048 2217
678 2 2 1 1 1228 1403 2217
679 2 2 1 1 1644 2987 3820
680 2 2 1 1 1652 3223 3717
681 2 2 1 1 2352 2351 2353
682 2 2 1 1 2193 2194 2195
683 2 2 1 1 2134 2135 2136
684 2 2 1 1 3709 2210 3710
685 2 2 1 1 2136 2135 2137
686 2 2 1 1 2343 1719 3771
687 2 2 1 1 2136 2137 2138
688 2 2 1 1 2137 2135 2140
689 2 2 1 1 2138 2137 2139
690 2 2 1 1 2138 2139 2141
691 2 2 1 1 2141 2139 2142
692 2 2 1 1 2141 2142 2143
693 2 2 1 1 2143 2142 2144
694 2 2 1 1 2143 2144 2145
695 2 2 1 1 2144 2142 2152
696 2 2 1 1 2143 2145 2159
697 2 2 1 1 2145 2144 2146
698 2 2 1 1 2145 2146 2147
699 2 2 1 1 291 2220 2225
700 2 2 1 1 78 291 2225
701 2 2 1 1 2218 335 2223
702 2 2 1 1 1767 2222 2312
703 2 2 1 1 291 2290 3289
704 2 2 1 1 305 2219 2290
705 2 2 1 1 2219 305 3218
706 2 2 1 1 2222 315 2312
707 2 2 1 1 77 78 2225
708 2 2 1 1 2290 2219 3289
709 2 2 1 1 2220 291 3289
710 2 2 1 1 3656 2313 3698
711 2 2 1 1 265 2224 2228
712 2 2 1 1 71 265 2228
713 2 2 1 1 1892 2311 2313
714 2 2 1 1 335 2218 2275
715 2 2 1 1 2311 1892 2312
716 2 2 1 1 305 2275 3218
717 2 2 1 1 69 70 3690
718 2 2 1 1 1892 1767 2312
719 2 2 1 1 1744 1964 2300
720 2 2 1 1 1964 2299 2300
721 2 2 1 1 2224 265 3337
722 2 2 1 1 1545 3257 3348
723 2 2 1 1 70 71 2228
724 2 2 1 1 315 2222 2314
725 2 2 1 1 2147 2146 2148
726 2 2 1 1 60 249 3533
727 2 2 1 1 265 2314 3337
728 2 2 1 1 2301 2303 3560
729 2 2 1 1 81 82 2275
730 2 2 1 1 249 2226 3533
731 2 2 1 1 2275 2218 3218
732 2 2 1 1 2303 1904 3560
733 2 2 1 1 1745 2300 2301
734 2 2 1 1 1745 1744 2300
735 2 2 1 1 1745 2301 3560
736 2 2 1 1 2227 2226 3684
737 2 2 1 1 2314 2222 3337
738 2 2 1 1 2299 1964 3293
739 2 2 1 1 1964 2253 3293
740 2 2 1 1 70 2228 3690
741 2 2 1 1 2253 289 3293
742 2 2 1 1 289 2253 2255
743 2 2 1 1 1892 2313 3476
744 2 2 1 1 2313 2311 3698
745 2 2 1 1 1965 3573 3680
746 2 2 1 1 289 2255 2319
747 2 2 1 1 2313 1411 3476
748 2 2 1 1 2320 2255 3272
749 2 2 1 1 2221 3656 3698
750 2 2 1 1 2320 3272 3348
751 2 2 1 1 3257 2227 3348
752 2 2 1 1 3272 1545 3348
753 2 2 1 1 305 81 2275
754 2 2 1 1 82 335 2275
755 2 2 1 1 72 73 2314
756 2 2 1 1 2225 2221 3696
757 2 2 1 1 3597 3195 3625
758 2 2 1 1 59 60 3533
759 2 2 1 1 2226 249 3684
760 2 2 1 1 331 3597 3625
761 2 2 1 1 3696 2221 3698
762 2 2 1 1 1323 3672 3685
763 2 2 1 1 3262 331 3677
764 2 2 1 1 1319 3651 3673
765 2 2 1 1 3195 283 3573
766 2 2 1 1 1627 1199 2235
767 2 2 1 1 283 3195 3597
768 2 2 1 1 2250 727 2466
769 2 2 1 1 2229 727 2250
770 2 2 1 1 1992 1762 3572
771 2 2 1 1 2293 2640 3143
772 2 2 1 1 337 339 3311
773 2 2 1 1 945 878 3632
774 2 2 1 1 2446 2445 3644
775 2 2 1 1 2372 250 2373
776 2 2 1 1 73 315 2314
777 2 2 1 1 2147 2148 2149
778 2 2 1 1 2236 1749 2309
779 2 2 1 1 1749 1408 2309
780 2 2 1 1 2969 2232 2972
781 2 2 1 1 1858 3159 3210
782 2 2 1 1 1992 2250 2466
783 2 2 1 1 1252 1026 2494
784 2 2 1 1 2484 1252 2494
785 2 2 1 1 1327 2230 2233
786 2 2 1 1 265 72 2314
787 2 2 1 1 2230 1327 3161
788 2 2 1 1 1858 2457 3159
789 2 2 1 1 596 2967 3620
790 2 2 1 1 1843 1849 3599
791 2 2 1 1 3230 1477 3610
792 2 2 1 1 2373 250 3262
793 2 2 1 1 422 424 3553
794 2 2 1 1 2597 1936 3674
795 2 2 1 1 2593 2597 3674
796 2 2 1 1 1966 2371 2372
797 2 2 1 1 1966 2370 2371
798 2 2 1 1 1413 1415 3577
799 2 2 1 1 3348 2227 3684
800 2 2 1 1 2588 754 2648
801 2 2 1 1 2487 2485 3585
802 2 2 1 1 256 2457 3310
803 2 2 1 1 2371 250 2372
804 2 2 1 1 2324 2685 3123
805 2 2 1 1 224 225 2284
806 2 2 1 1 1853 2646 3574
807 2 2 1 1 2457 1858 3310
808 2 2 1 1 2685 2324 2840
809 2 2 1 1 2470 2768 3659
810 2 2 1 1 2250 1992 3572
811 2 2 1 1 1199 1327 2235
812 2 2 1 1 1572 2685 2840
813 2 2 1 1 3674 1936 3675
814 2 2 1 1 1968 2586 2587
815 2 2 1 1 2242 1572 2840
816 2 2 1 1 2588 2648 2649
817 2 2 1 1 1968 1967 2586
818 2 2 1 1 1572 2242 2653
819 2 2 1 1 309 69 3690
820 2 2 1 1 1249 2419 3324
821 2 2 1 1 225 258 2284
822 2 2 1 1 2056 1921 3613
823 2 2 1 1 2283 2284 2285
824 2 2 1 1 413 415 2542
825 2 2 1 1 650 2231 2293
826 2 2 1 1 650 2293 3143
827 2 2 1 1 727 2229 3311
828 2 2 1 1 417 388 3587
829 2 2 1 1 3547 2966 3550
830 2 2 1 1 2518 2921 2922
831 2 2 1 1 2231 650 2378
832 2 2 1 1 979 382 3580
833 2 2 1 1 2240 1758 3311
834 2 2 1 1 2653 2242 3017
835 2 2 1 1 2303 309 3691
836 2 2 1 1 2058 1918 3603
837 2 2 1 1 1408 1413 2309
838 2 2 1 1 1749 2236 2266
839 2 2 1 1 3573 283 3680
840 2 2 1 1 1568 2635 2637
841 2 2 1 1 1568 2637 2839
842 2 2 1 1 3288 1249 3324
843 2 2 1 1 2639 1567 2839
844 2 2 1 1 2637 2639 2839
845 2 2 1 1 2487 1251 2490
846 2 2 1 1 2490 1251 2495
847 2 2 1 1 309 3690 3691
848 2 2 1 1 1923 2372 2373
849 2 2 1 1 1970 2231 2378
850 2 2 1 1 2492 3288 3324
851 2 2 1 1 3543 872 3628
852 2 2 1 1 2260 256 3310
853 2 2 1 1 1026 1024 2494
854 2 2 1 1 2282 224 2284
855 2 2 1 1 2674 2671 3622
856 2 2 1 1 2247 1855 2652
857 2 2 1 1 1749 2266 2773
858 2 2 1 1 2635 1568 2773
859 2 2 1 1 445 2247 2652
860 2 2 1 1 1567 2639 2969
861 2 2 1 1 1561 2265 2762
862 2 2 1 1 596 2629 3261
863 2 2 1 1 1250 2415 3382
864 2 2 1 1 1758 337 3311
865 2 2 1 1 2640 2293 2969
866 2 2 1 1 1209 1574 2259
867 2 2 1 1 2951 2952 3604
868 2 2 1 1 1000 997 3615
869 2 2 1 1 2629 1970 3261
870 2 2 1 1 1291 2238 3421
871 2 2 1 1 1970 2378 3261
872 2 2 1 1 1561 2245 2265
873 2 2 1 1 3412 1291 3421
874 2 2 1 1 1252 2484 2628
875 2 2 1 1 3491 2240 3564
876 2 2 1 1 1118 2647 3088
877 2 2 1 1 1884 2248 2405
878 2 2 1 1 2248 1840 2405
879 2 2 1 1 2492 2495 3288
880 2 2 1 1 1574 3038 3236
881 2 2 1 1 47 256 2260
882 2 2 1 1 3159 1477 3210
883 2 2 1 1 2647 2648 3088
884 2 2 1 1 2418 2419 3352
885 2 2 1 1 3450 1000 3457
886 2 2 1 1 3449 2992 3605
887 2 2 1 1 3373 1250 3382
888 2 2 1 1 2265 2086 2762
889 2 2 1 1 2293 2232 2969
890 2 2 1 1 2263 945 3632
891 2 2 1 1 2239 1329 3131
892 2 2 1 1 2628 2239 3131
893 2 2 1 1 2492 2490 2495
894 2 2 1 1 1567 2969 2972
895 2 2 1 1 2418 3352 3373
896 2 2 1 1 2259 1574 3236
897 2 2 1 1 1329 2239 2324
898 2 2 1 1 339 727 3311
899 2 2 1 1 2648 754 3088
900 2 2 1 1 2266 2635 2773
901 2 2 1 1 559 561 2788
902 2 2 1 1 1755 1756 3429
903 2 2 1 1 1758 2240 3491
904 2 2 1 1 2418 3373 3382
905 2 2 1 1 2468 2470 3659
906 2 2 1 1 2415 3412 3421
907 2 2 1 1 2317 1759 3038
908 2 2 1 1 1329 2324 3123
909 2 2 1 1 2419 1249 3352
910 2 2 1 1 3038 1759 3236
911 2 2 1 1 2415 1250 3412
912 2 2 1 1 1759 2317 3056
913 2 2 1 1 2262 718 2786
914 2 2 1 1 2245 1561 2259
915 2 2 1 1 2059 1915 3591
916 2 2 1 1 1561 1209 2259
917 2 2 1 1 1252 2628 3131
918 2 2 1 1 718 2262 3024
919 2 2 1 1 46 47 2260
920 2 2 1 1 2238 1291 3450
921 2 2 1 1 223 224 2282
922 2 2 1 1 2238 3450 3457
923 2 2 1 1 2262 2251 3024
924 2 2 1 1 2233 2234 3607
925 2 2 1 1 2385 2248 3483
926 2 2 1 1 1039 2241 3517
927 2 2 1 1 1327 2233 2235
928 2 2 1 1 2251 1442 3024
929 2 2 1 1 2477 979 3580
930 2 2 1 1 996 960 3614
931 2 2 1 1 1984 2241 3538
932 2 2 1 1 1968 2587 2588
933 2 2 1 1 1442 2251 2252
934 2 2 1 1 1984 3538 3543
935 2 2 1 1 1442 2252 2953
936 2 2 1 1 1849 2315 3599
937 2 2 1 1 2035 2847 2849
938 2 2 1 1 718 559 2788
939 2 2 1 1 1038 1305 2407
940 2 2 1 1 1625 2406 2407
941 2 2 1 1 822 824 2458
942 2 2 1 1 1968 2588 2649
943 2 2 1 1 2939 1334 3510
944 2 2 1 1 2309 1413 3577
945 2 2 1 1 2669 886 3516
946 2 2 1 1 2786 718 2788
947 2 2 1 1 2877 3102 3511
948 2 2 1 1 657 2804 3384
949 2 2 1 1 1293 2862 3418
950 2 2 1 1 1967 2243 2586
951 2 2 1 1 2256 1576 2257
952 2 2 1 1 2458 824 2513
953 2 2 1 1 3353 739 3649
954 2 2 1 1 2321 1853 3574
955 2 2 1 1 3427 679 3430
956 2 2 1 1 2243 974 2586
957 2 2 1 1 2284 258 2285
958 2 2 1 1 1576 2256 2621
959 2 2 1 1 1756 2270 3429
960 2 2 1 1 2041 3575 3607
961 2 2 1 1 2542 422 3553
962 2 2 1 1 1251 2487 3585
963 2 2 1 1 1775 2256 2257
964 2 2 1 1 3414 1293 3418
965 2 2 1 1 2802 2804 3409
966 2 2 1 1 415 422 2542
967 2 2 1 1 824 826 2513
968 2 2 1 1 2497 413 2542
969 2 2 1 1 2802 3409 3414
970 2 2 1 1 2323 3491 3564
971 2 2 1 1 3608 2431 3624
972 2 2 1 1 2252 2776 2953
973 2 2 1 1 1854 2651 2652
974 2 2 1 1 2273 417 3587
975 2 2 1 1 2768 2470 3651
976 2 2 1 1 1278 2848 3036
977 2 2 1 1 882 2497 2517
978 2 2 1 1 2497 2244 2517
979 2 2 1 1 1627 2235 3575
980 2 2 1 1 1980 2401 3458
981 2 2 1 1 1333 2859 3389
982 2 2 1 1 3502 952 3526
983 2 2 1 1 1051 2923 3479
984 2 2 1 1 416 2385 3483
985 2 2 1 1 77 2225 3696
986 2 2 1 1 657 3384 3386
987 2 2 1 1 2651 1854 2653
988 2 2 1 1 2629 596 3620
989 2 2 1 1 2518 2517 2921
990 2 2 1 1 2305 881 2776
991 2 2 1 1 2252 2305 2776
992 2 2 1 1 2777 3089 3431
993 2 2 1 1 2848 2847 3036
994 2 2 1 1 656 2855 3392
995 2 2 1 1 798 800 3515
996 2 2 1 1 3441 1916 3612
997 2 2 1 1 2862 3427 3430
998 2 2 1 1 1333 3389 3397
999 2 2 1 1 2651 2653 3017
1000 2 2 1 1 2862 1293 3427
1001 2 2 1 1 2802 3414 3418
1002 2 2 1 1 1305 1625 2407
1003 2 2 1 1 1840 1842 2405
1004 2 2 1 1 1399 2249 2923
1005 2 2 1 1 1477 3159 3610
1006 2 2 1 1 1855 1854 2652
1007 2 2 1 1 2854 2855 3406
1008 2 2 1 1 2241 1039 3538
1009 2 2 1 1 3397 2854 3406
1010 2 2 1 1 2317 2258 3056
1011 2 2 1 1 2267 829 3100
1012 2 2 1 1 2804 657 3409
1013 2 2 1 1 2614 2613 3589
1014 2 2 1 1 221 222 2277
1015 2 2 1 1 2273 3093 3592
1016 2 2 1 1 854 2402 2403
1017 2 2 1 1 1718 3336 3548
1018 2 2 1 1 1775 2257 2354
1019 2 2 1 1 2288 1982 2687
1020 2 2 1 1 252 221 2277
1021 2 2 1 1 103 104 2276
1022 2 2 1 1 3384 2859 3386
1023 2 2 1 1 1411 2313 3656
1024 2 2 1 1 2847 2035 3036
1025 2 2 1 1 2870 3105 3470
1026 2 2 1 1 2247 445 2939
1027 2 2 1 1 2849 2850 3399
1028 2 2 1 1 2288 2287 2961
1029 2 2 1 1 854 2401 2402
1030 2 2 1 1 253 103 2276
1031 2 2 1 1 1982 2288 2961
1032 2 2 1 1 858 2258 2317
1033 2 2 1 1 2408 1456 3512
1034 2 2 1 1 3353 2446 3644
1035 2 2 1 1 2287 1076 2961
1036 2 2 1 1 1762 2230 3572
1037 2 2 1 1 2859 1333 3386
1038 2 2 1 1 2548 2575 3567
1039 2 2 1 1 1625 2405 2406
1040 2 2 1 1 3333 1279 3619
1041 2 2 1 1 829 830 3100
1042 2 2 1 1 976 2782 3394
1043 2 2 1 1 2665 3371 3512
1044 2 2 1 1 2149 2148 2150
1045 2 2 1 1 3389 2854 3397
1046 2 2 1 1 656 3392 3396
1047 2 2 1 1 2687 1982 2947
1048 2 2 1 1 2400 2399 3372
1049 2 2 1 1 1923 1844 2372
1050 2 2 1 1 68 309 2302
1051 2 2 1 1 2781 2782 3400
1052 2 2 1 1 2471 2687 2947
1053 2 2 1 1 2777 2305 3089
1054 2 2 1 1 806 2354 3334
1055 2 2 1 1 45 307 336
1056 2 2 1 1 1753 2548 3567
1057 2 2 1 1 1844 1966 2372
1058 2 2 1 1 621 394 3593
1059 2 2 1 1 3396 2781 3400
1060 2 2 1 1 74 75 2310
1061 2 2 1 1 336 307 337
1062 2 2 1 1 238 239 2328
1063 2 2 1 1 950 2261 3364
1064 2 2 1 1 293 238 2328
1065 2 2 1 1 1315 1041 3447
1066 2 2 1 1 75 275 2310
1067 2 2 1 1 2855 656 3406
1068 2 2 1 1 2258 858 2458
1069 2 2 1 1 300 223 2282
1070 2 2 1 1 117 118 2304
1071 2 2 1 1 62 63 2319
1072 2 2 1 1 847 2292 3020
1073 2 2 1 1 2277 300 2280
1074 2 2 1 1 2493 2420 2999
1075 2 2 1 1 2280 300 2281
1076 2 2 1 1 2578 2591 3558
1077 2 2 1 1 331 3625 3677
1078 2 2 1 1 3588 1913 3608
1079 2 2 1 1 2332 2329 2339
1080 2 2 1 1 976 3394 3395
1081 2 2 1 1 235 236 2306
1082 2 2 1 1 2060 3584 3594
1083 2 2 1 1 858 822 2458
1084 2 2 1 1 2547 2548 3568
1085 2 2 1 1 741 2439 3319
1086 2 2 1 1 3392 2781 3396
1087 2 2 1 1 2229 2240 3311
1088 2 2 1 1 2289 3608 3624
1089 2 2 1 1 258 226 3445
1090 2 2 1 1 2248 1884 3483
1091 2 2 1 1 2617 2616 3552
1092 2 2 1 1 2787 2788 3407
1093 2 2 1 1 1932 1797 2297
1094 2 2 1 1 357 3307 3461
1095 2 2 1 1 3395 2787 3407
1096 2 2 1 1 2667 2666 3539
1097 2 2 1 1 3566 2547 3568
1098 2 2 1 1 252 2277 2278
1099 2 2 1 1 832 834 3039
1100 2 2 1 1 2329 2328 2339
1101 2 2 1 1 2573 2572 2846
1102 2 2 1 1 2572 1078 2846
1103 2 2 1 1 291 79 2290
1104 2 2 1 1 2301 2302 2303
1105 2 2 1 1 424 974 3553
1106 2 2 1 1 2339 334 2344
1107 2 2 1 1 2043 2669 3516
1108 2 2 1 1 2777 3431 3453
1109 2 2 1 1 3583 2045 3586
1110 2 2 1 1 826 829 2513
1111 2 2 1 1 44 45 336
1112 2 2 1 1 2399 849 3372
1113 2 2 1 1 3584 745 3594
1114 2 2 1 1 2302 309 2303
1115 2 2 1 1 2518 3547 3550
1116 2 2 1 1 45 46 307
1117 2 2 1 1 307 46 2260
1118 2 2 1 1 2401 854 3458
1119 2 2 1 1 2782 976 3400
1120 2 2 1 1 3333 2056 3613
1121 2 2 1 1 417 2273 3592
1122 2 2 1 1 1891 1892 3476
1123 2 2 1 1 3139 2750 3424
1124 2 2 1 1 2304 118 2325
1125 2 2 1 1 1306 2819 3530
1126 2 2 1 1 2035 2849 3399
1127 2 2 1 1 2323 1912 3588
1128 2 2 1 1 2819 2010 3530
1129 2 2 1 1 624 2998 3047
1130 2 2 1 1 1912 2323 3564
1131 2 2 1 1 829 2267 2513
1132 2 2 1 1 1301 2269 3520
1133 2 2 1 1 1798 2295 2296
1134 2 2 1 1 2928 3444 3453
1135 2 2 1 1 1908 2578 3558
1136 2 2 1 1 2310 2311 2312
1137 2 2 1 1 1432 1434 2355
1138 2 2 1 1 1064 2501 3405
1139 2 2 1 1 2619 545 3419
1140 2 2 1 1 2923 2249 3479
1141 2 2 1 1 947 2432 3432
1142 2 2 1 1 2439 2438 3319
1143 2 2 1 1 42 245 2322
1144 2 2 1 1 474 472 3240
1145 2 2 1 1 118 119 2325
1146 2 2 1 1 119 292 2325
1147 2 2 1 1 3394 2787 3395
1148 2 2 1 1 3637 2067 3638
1149 2 2 1 1 3346 2440 3360
1150 2 2 1 1 1299 2552 3514
1151 2 2 1 1 44 336 2318
1152 2 2 1 1 1274 1276 2773
1153 2 2 1 1 3102 1608 3511
1154 2 2 1 1 2582 1075 3318
1155 2 2 1 1 3378 2058 3603
1156 2 2 1 1 775 776 3433
1157 2 2 1 1 2247 2939 3510
1158 2 2 1 1 2416 624 3047
1159 2 2 1 1 2917 2916 3454
1160 2 2 1 1 2619 2620 3420
1161 2 2 1 1 245 43 2318
1162 2 2 1 1 3525 1306 3530
1163 2 2 1 1 2269 2011 3520
1164 2 2 1 1 1912 1913 3588
1165 2 2 1 1 3011 2234 3182
1166 2 2 1 1 43 44 2318
1167 2 2 1 1 2620 3408 3420
1168 2 2 1 1 2573 2846 2847
1169 2 2 1 1 1932 2297 2298
1170 2 2 1 1 78 79 291
1171 2 2 1 1 40 311 2289
1172 2 2 1 1 2440 2439 3360
1173 2 2 1 1 41 42 2322
1174 2 2 1 1 1622 2400 2463
1175 2 2 1 1 67 68 2302
1176 2 2 1 1 123 124 333
1177 2 2 1 1 1593 2680 2956
1178 2 2 1 1 2552 2551 3514
1179 2 2 1 1 63 289 2319
1180 2 2 1 1 1593 1790 2679
1181 2 2 1 1 2241 3045 3517
1182 2 2 1 1 2310 275 2311
1183 2 2 1 1 2694 1085 3410
1184 2 2 1 1 1593 2679 2680
1185 2 2 1 1 1180 1178 2507
1186 2 2 1 1 1297 2557 3507
1187 2 2 1 1 2832 2828 3167
1188 2 2 1 1 293 2328 2329
1189 2 2 1 1 1262 3011 3182
1190 2 2 1 1 2577 2578 3562
1191 2 2 1 1 881 2305 2777
1192 2 2 1 1 2557 2556 3507
1193 2 2 1 1 3518 1301 3520
1194 2 2 1 1 2256 1755 3429
1195 2 2 1 1 2679 1790 2947
1196 2 2 1 1 153 154 2274
1197 2 2 1 1 2406 2408 3512
1198 2 2 1 1 2562 2561 3501
1199 2 2 1 1 2336 2334 2388
1200 2 2 1 1 2261 950 3376
1201 2 2 1 1 104 299 2276
1202 2 2 1 1 222 300 2277
1203 2 2 1 1 2408 3502 3526
1204 2 2 1 1 216 217 2334
1205 2 2 1 1 476 474 2421
1206 2 2 1 1 2567 2566 3496
1207 2 2 1 1 2847 2846 2849
1208 2 2 1 1 3513 1299 3514
1209 2 2 1 1 2657 1802 3156
1210 2 2 1 1 2601 3361 3367
1211 2 2 1 1 2287 1991 3252
1212 2 2 1 1 2354 2257 3334
1213 2 2 1 1 2788 561 3407
1214 2 2 1 1 152 153 285
1215 2 2 1 1 2291 368 3294
1216 2 2 1 1 2318 1758 3491
1217 2 2 1 1 285 153 2274
1218 2 2 1 1 1038 2407 3371
1219 2 2 1 1 315 74 2310
1220 2 2 1 1 3563 1753 3567
1221 2 2 1 1 3252 1991 3267
1222 2 2 1 1 1296 2562 3501
1223 2 2 1 1 800 2536 3515
1224 2 2 1 1 1797 1798 2297
1225 2 2 1 1 830 847 3100
1226 2 2 1 1 1075 3314 3318
1227 2 2 1 1 2574 2571 3488
1228 2 2 1 1 1902 2617 3552
1229 2 2 1 1 102 253 2349
1230 2 2 1 1 2755 860 2830
1231 2 2 1 1 2295 1798 2537
1232 2 2 1 1 164 165 282
1233 2 2 1 1 2421 474 3240
1234 2 2 1 1 1639 3657 3666
1235 2 2 1 1 53 250 2371
1236 2 2 1 1 3544 1627 3557
1237 2 2 1 1 665 667 3250
1238 2 2 1 1 2999 2929 3117
1239 2 2 1 1 311 41 2322
1240 2 2 1 1 469 471 3261
1241 2 2 1 1 623 476 2421
1242 2 2 1 1 1138 2828 2829
1243 2 2 1 1 3361 912 3367
1244 2 2 1 1 3175 1828 3326
1245 2 2 1 1 2577 3562 3563
1246 2 2 1 1 2537 1796 2771
1247 2 2 1 1 228 229 301
1248 2 2 1 1 2506 2507 2508
1249 2 2 1 1 2828 1138 3167
1250 2 2 1 1 228 301 2307
1251 2 2 1 1 2291 1993 3312
1252 2 2 1 1 50 284 2294
1253 2 2 1 1 1075 2582 3307
1254 2 2 1 1 1539 1298 2880
1255 2 2 1 1 110 111 302
1256 2 2 1 1 73 74 315
1257 2 2 1 1 2610 2963 3437
1258 2 2 1 1 771 2832 3167
1259 2 2 1 1 101 102 2349
1260 2 2 1 1 1076 2287 3252
1261 2 2 1 1 2294 284 2315
1262 2 2 1 1 2829 2830 3107
1263 2 2 1 1 158 159 286
1264 2 2 1 1 3506 1297 3507
1265 2 2 1 1 2493 2999 3117
1266 2 2 1 1 2755 2754 3303
1267 2 2 1 1 3312 1993 3314
1268 2 2 1 1 1790 2471 2947
1269 2 2 1 1 2073 3087 3183
1270 2 2 1 1 107 108 257
1271 2 2 1 1 2345 2346 2347
1272 2 2 1 1 1386 1631 2450
1273 2 2 1 1 883 2751 2926
1274 2 2 1 1 368 3267 3294
1275 2 2 1 1 2409 623 2411
1276 2 2 1 1 1295 2567 3496
1277 2 2 1 1 2693 2694 3410
1278 2 2 1 1 225 226 258
1279 2 2 1 1 2682 2602 3330
1280 2 2 1 1 80 305 2290
1281 2 2 1 1 1557 2658 3122
1282 2 2 1 1 40 41 311
1283 2 2 1 1 1178 1311 2507
1284 2 2 1 1 1078 2572 2908
1285 2 2 1 1 2817 1996 3276
1286 2 2 1 1 2690 546 3320
1287 2 2 1 1 1585 2503 2879
1288 2 2 1 1 3246 2834 3377
1289 2 2 1 1 276 117 2304
1290 2 2 1 1 847 3020 3100
1291 2 2 1 1 23 3686 3688
1292 2 2 1 1 2817 952 3291
1293 2 2 1 1 208 209 2345
1294 2 2 1 1 39 40 2289
1295 2 2 1 1 2463 2400 3372
1296 2 2 1 1 2602 919 3330
1297 2 2 1 1 2411 623 2421
1298 2 2 1 1 278 208 2345
1299 2 2 1 1 621 2614 3589
1300 2 2 1 1 1138 2829 3107
1301 2 2 1 1 2292 847 3039
1302 2 2 1 1 2663 2662 3225
1303 2 2 1 1 2306 236 3363
1304 2 2 1 1 1998 1973 2628
1305 2 2 1 1 1122 2398 2967
1306 2 2 1 1 1251 1020 2495
1307 2 2 1 1 2505 1180 2507
1308 2 2 1 1 3499 1296 3501
1309 2 2 1 1 2261 1985 3364
1310 2 2 1 1 2855 2856 3392
1311 2 2 1 1 1020 1018 2495
1312 2 2 1 1 2570 640 2908
1313 2 2 1 1 834 1802 3039
1314 2 2 1 1 778 3173 3301
1315 2 2 1 1 1761 2667 3539
1316 2 2 1 1 2973 3211 3214
1317 2 2 1 1 2658 1851 3122
1318 2 2 1 1 2449 2450 2451
1319 2 2 1 1 2588 2587 3187
1320 2 2 1 1 852 850 2403
1321 2 2 1 1 2286 258 3445
1322 2 2 1 1 1207 2348 2537
1323 2 2 1 1 850 854 2403
1324 2 2 1 1 277 235 2306
1325 2 2 1 1 1802 2816 3156
1326 2 2 1 1 2782 2783 3394
1327 2 2 1 1 2322 245 2323
1328 2 2 1 1 256 2456 2457
1329 2 2 1 1 2751 2747 2926
1330 2 2 1 1 2285 258 2286
1331 2 2 1 1 209 210 308
1332 2 2 1 1 1085 2694 3428
1333 2 2 1 1 1798 2296 2297
1334 2 2 1 1 612 616 2960
1335 2 2 1 1 3556 1908 3558
1336 2 2 1 1 2565 1077 2632
1337 2 2 1 1 2531 2533 2536
1338 2 2 1 1 640 2568 2632
1339 2 2 1 1 1122 2397 2398
1340 2 2 1 1 3267 1991 3294
1341 2 2 1 1 671 3255 3357
1342 2 2 1 1 1910 1534 3169
1343 2 2 1 1 2830 860 3107
1344 2 2 1 1 2640 1125 3143
1345 2 2 1 1 2572 2570 2908
1346 2 2 1 1 3105 1493 3470
1347 2 2 1 1 1918 2880 2881
1348 2 2 1 1 2374 2080 2375
1349 2 2 1 1 104 105 299
1350 2 2 1 1 222 223 300
1351 2 2 1 1 3346 950 3364
1352 2 2 1 1 1434 1775 2355
1353 2 2 1 1 847 832 3039
1354 2 2 1 1 2804 2805 3384
1355 2 2 1 1 336 1758 2318
1356 2 2 1 1 1294 2574 3488
1357 2 2 1 1 2503 2502 2879
1358 2 2 1 1 2618 2619 3419
1359 2 2 1 1 49 50 2294
1360 2 2 1 1 140 141 310
1361 2 2 1 1 38 39 2433
1362 2 2 1 1 2638 1125 2640
1363 2 2 1 1 742 3449 3605
1364 2 2 1 1 1936 2597 3672
1365 2 2 1 1 885 2663 3225
1366 2 2 1 1 2235 2233 3607
1367 2 2 1 1 256 48 2456
1368 2 2 1 1 2608 912 3361
1369 2 2 1 1 2999 2420 3047
1370 2 2 1 1 3209 1850 3317
1371 2 2 1 1 1388 1386 2450
1372 2 2 1 1 2568 640 2570
1373 2 2 1 1 1783 1603 2438
1374 2 2 1 1 3314 1993 3318
1375 2 2 1 1 66 67 255
1376 2 2 1 1 2400 1622 3113
1377 2 2 1 1 2924 2397 3103
1378 2 2 1 1 1431 1282 2914
1379 2 2 1 1 3492 1295 3496
1380 2 2 1 1 2307 301 2308
1381 2 2 1 1 2998 2999 3047
1382 2 2 1 1 912 2608 3358
1383 2 2 1 1 2563 1077 2565
1384 2 2 1 1 368 2291 3312
1385 2 2 1 1 2332 2339 2340
1386 2 2 1 1 50 51 284
1387 2 2 1 1 3158 1315 3447
1388 2 2 1 1 480 478 3264
1389 2 2 1 1 66 255 2299
1390 2 2 1 1 234 277 2377
1391 2 2 1 1 2389 1910 3169
1392 2 2 1 1 1005 1007 2499
1393 2 2 1 1 1568 1274 2773
1394 2 2 1 1 278 2345 2347
1395 2 2 1 1 2325 2326 2327
1396 2 2 1 1 1622 1189 3113
1397 2 2 1 1 2440 3346 3364
1398 2 2 1 1 674 2395 3016
1399 2 2 1 1 2419 2420 3324
1400 2 2 1 1 2397 1122 3103
1401 2 2 1 1 1077 2563 2664
1402 2 2 1 1 1182 1180 2505
1403 2 2 1 1 1504 2358 2359
1404 2 2 1 1 232 233 320
1405 2 2 1 1 1276 1749 2773
1406 2 2 1 1 1415 1853 3577
1407 2 2 1 1 1035 1037 3505
1408 2 2 1 1 3448 2951 3604
1409 2 2 1 1 114 115 323
1410 2 2 1 1 2415 2412 3382
1411 2 2 1 1 2568 2565 2632
1412 2 2 1 1 1294 3488 3495
1413 2 2 1 1 1432 2355 3173
1414 2 2 1 1 209 308 2345
1415 2 2 1 1 239 334 2328
1416 2 2 1 1 2689 2690 3320
1417 2 2 1 1 49 2294 2456
1418 2 2 1 1 336 337 1758
1419 2 2 1 1 39 2289 2433
1420 2 2 1 1 2560 639 2664
1421 2 2 1 1 1865 3297 3309
1422 2 2 1 1 2811 2813 3188
1423 2 2 1 1 185 186 306
1424 2 2 1 1 2558 639 2560
1425 2 2 1 1 3590 417 3592
1426 2 2 1 1 2450 1631 2451
1427 2 2 1 1 2862 2861 3418
1428 2 2 1 1 2378 469 3261
1429 2 2 1 1 2328 334 2339
1430 2 2 1 1 3651 2470 3673
1431 2 2 1 1 2690 2691 3368
1432 2 2 1 1 1210 1053 3316
1433 2 2 1 1 323 115 2376
1434 2 2 1 1 545 2619 3420
1435 2 2 1 1 2531 2532 2533
1436 2 2 1 1 2358 1504 2454
1437 2 2 1 1 754 2588 3187
1438 2 2 1 1 2348 1207 3176
1439 2 2 1 1 315 2310 2312
1440 2 2 1 1 2580 2582 3318
1441 2 2 1 1 1705 1707 2532
1442 2 2 1 1 2638 2636 3134
1443 2 2 1 1 2037 3175 3326
1444 2 2 1 1 1602 2435 2436
1445 2 2 1 1 2325 292 2326
1446 2 2 1 1 3073 3074 3422
1447 2 2 1 1 1125 2638 3134
1448 2 2 1 1 2646 2647 3574
1449 2 2 1 1 1798 1796 2537
1450 2 2 1 1 1602 2436 2438
1451 2 2 1 1 1707 1716 2532
1452 2 2 1 1 1850 1851 2658
1453 2 2 1 1 2149 2150 2151
1454 2 2 1 1 1438 750 2391
1455 2 2 1 1 2299 255 2300
1456 2 2 1 1 2238 2027 3421
1457 2 2 1 1 650 467 2378
1458 2 2 1 1 399 2872 2873
1459 2 2 1 1 79 80 2290
1460 2 2 1 1 3549 1902 3552
1461 2 2 1 1 669 712 2453
1462 2 2 1 1 667 2453 3250
1463 2 2 1 1 2584 2016 3302
1464 2 2 1 1 1438 2391 2392
1465 2 2 1 1 1783 2438 2439
1466 2 2 1 1 173 174 2424
1467 2 2 1 1 2754 2753 2907
1468 2 2 1 1 2455 1594 3059
1469 2 2 1 1 639 2558 2807
1470 2 2 1 1 2914 1891 3536
1471 2 2 1 1 2512 2022 3249
1472 2 2 1 1 259 38 2433
1473 2 2 1 1 727 341 2466
1474 2 2 1 1 2485 2494 3585
1475 2 2 1 1 2584 806 3334
1476 2 2 1 1 80 81 305
1477 2 2 1 1 467 469 2378
1478 2 2 1 1 472 624 3240
1479 2 2 1 1 2859 2857 3389
1480 2 2 1 1 482 2924 3103
1481 2 2 1 1 1802 2657 3039
1482 2 2 1 1 2967 2398 3620
1483 2 2 1 1 183 184 254
1484 2 2 1 1 2634 715 2636
1485 2 2 1 1 2753 1439 2907
1486 2 2 1 1 2423 2014 3132
1487 2 2 1 1 2614 621 3593
1488 2 2 1 1 3276 1996 3281
1489 2 2 1 1 2904 1588 3227
1490 2 2 1 1 852 2403 3379
1491 2 2 1 1 2813 1335 3188
1492 2 2 1 1 3371 2407 3512
1493 2 2 1 1 1603 1602 2438
1494 2 2 1 1 341 343 2466
1495 2 2 1 1 883 802 3280
1496 2 2 1 1 1956 1557 3122
1497 2 2 1 1 1870 2123 3374
1498 2 2 1 1 1085 3385 3410
1499 2 2 1 1 1582 2522 3106
1500 2 2 1 1 920 2423 3132
1501 2 2 1 1 3204 1423 3212
1502 2 2 1 1 2113 1799 2654
1503 2 2 1 1 2332 2340 2341
1504 2 2 1 1 1918 1539 2880
1505 2 2 1 1 2150 2148 2157
1506 2 2 1 1 927 925 2502
1507 2 2 1 1 2454 2455 3059
1508 2 2 1 1 624 2416 3240
1509 2 2 1 1 2644 622 3226
1510 2 2 1 1 48 49 2456
1511 2 2 1 1 860 2755 3303
1512 2 2 1 1 100 101 304
1513 2 2 1 1 3336 1947 3548
1514 2 2 1 1 1298 1504 2880
1515 2 2 1 1 2294 2315 2316
1516 2 2 1 1 1207 2537 2771
1517 2 2 1 1 2484 1998 2628
1518 2 2 1 1 2356 940 3133
1519 2 2 1 1 13 14 2633
1520 2 2 1 1 524 1085 3428
1521 2 2 1 1 1007 1218 2499
1522 2 2 1 1 2464 2381 2467
1523 2 2 1 1 1793 2835 3017
1524 2 2 1 1 2390 1208 2981
1525 2 2 1 1 2636 715 3134
1526 2 2 1 1 2887 1476 3270
1527 2 2 1 1 2563 2560 2664
1528 2 2 1 1 775 3139 3424
1529 2 2 1 1 2381 2384 2467
1530 2 2 1 1 135 136 312
1531 2 2 1 1 2553 1113 2555
1532 2 2 1 1 3173 2355 3301
1533 2 2 1 1 1984 3543 3628
1534 2 2 1 1 314 2381 2464
1535 2 2 1 1 2502 925 2879
1536 2 2 1 1 3368 2691 3385
1537 2 2 1 1 399 2871 2872
1538 2 2 1 1 1789 2864 3217
1539 2 2 1 1 2334 217 2388
1540 2 2 1 1 482 2809 2924
1541 2 2 1 1 1849 3230 3610
1542 2 2 1 1 2439 741 3360
1543 2 2 1 1 2448 1388 2450
1544 2 2 1 1 2010 2441 2818
1545 2 2 1 1 35 36 2379
1546 2 2 1 1 1584 3344 3347
1547 2 2 1 1 1534 2461 3169
1548 2 2 1 1 2054 1672 2442
1549 2 2 1 1 2345 308 2346
1550 2 2 1 1 2555 1113 2807
1551 2 2 1 1 616 643 2960
1552 2 2 1 1 2319 2255 2320
1553 2 2 1 1 2602 2601 3369
1554 2 2 1 1 1602 1354 2435
1555 2 2 1 1 239 240 334
1556 2 2 1 1 114 323 2459
1557 2 2 1 1 2963 805 3437
1558 2 2 1 1 52 53 2371
1559 2 2 1 1 2017 2018 3390
1560 2 2 1 1 2467 2384 2469
1561 2 2 1 1 1439 2753 3023
1562 2 2 1 1 2684 625 3108
1563 2 2 1 1 252 2278 2279
1564 2 2 1 1 1973 2239 2628
1565 2 2 1 1 192 193 274
1566 2 2 1 1 2889 2891 3354
1567 2 2 1 1 3566 1626 3596
1568 2 2 1 1 678 2584 3302
1569 2 2 1 1 1390 1388 2448
1570 2 2 1 1 2929 625 3117
1571 2 2 1 1 82 83 335
1572 2 2 1 1 2906 564 3234
1573 2 2 1 1 706 871 2576
1574 2 2 1 1 2601 3367 3369
1575 2 2 1 1 2080 2073 3183
1576 2 2 1 1 2907 612 2960
1577 2 2 1 1 29 30 2882
1578 2 2 1 1 3133 940 3180
1579 2 2 1 1 2422 3133 3180
1580 2 2 1 1 14 268 2633
1581 2 2 1 1 2975 2530 2976
1582 2 2 1 1 3307 2582 3461
1583 2 2 1 1 480 2512 3249
1584 2 2 1 1 1882 1431 2914
1585 2 2 1 1 2850 633 3399
1586 2 2 1 1 2230 3161 3572
1587 2 2 1 1 3116 1064 3405
1588 2 2 1 1 2401 1909 2402
1589 2 2 1 1 2405 1842 2406
1590 2 2 1 1 1966 1843 3599
1591 2 2 1 1 2220 2221 2225
1592 2 2 1 1 667 669 2453
1593 2 2 1 1 68 69 309
1594 2 2 1 1 3391 1057 3466
1595 2 2 1 1 2639 2640 2969
1596 2 2 1 1 2891 1591 3354
1597 2 2 1 1 1113 2553 2838
1598 2 2 1 1 183 254 2360
1599 2 2 1 1 2294 2316 2456
1600 2 2 1 1 2391 947 2396
1601 2 2 1 1 2522 2701 3106
1602 2 2 1 1 255 67 2302
1603 2 2 1 1 2672 2675 2676
1604 2 2 1 1 3457 1000 3615
1605 2 2 1 1 3185 2733 3285
1606 2 2 1 1 482 483 2809
1607 2 2 1 1 2576 871 2577
1608 2 2 1 1 1453 3138 3251
1609 2 2 1 1 3582 621 3589
1610 2 2 1 1 2443 1546 2444
1611 2 2 1 1 1996 2817 3291
1612 2 2 1 1 2473 1005 2499
1613 2 2 1 1 3118 2949 3355
1614 2 2 1 1 2423 953 3279
1615 2 2 1 1 1648 1647 1953
1616 2 2 1 1 2512 480 3264
1617 2 2 1 1 1635 2475 2476
1618 2 2 1 1 2643 2644 3226
1619 2 2 1 1 266 113 2459
1620 2 2 1 1 2441 2010 2819
1621 2 2 1 1 2841 3121 3220
1622 2 2 1 1 2386 2385 3581
1623 2 2 1 1 1501 1556 2583
1624 2 2 1 1 1392 1546 2443
1625 2 2 1 1 113 114 2459
1626 2 2 1 1 1476 3265 3270
1627 2 2 1 1 3211 1462 3214
1628 2 2 1 1 2403 2402 2404
1629 2 2 1 1 1783 2440 2515
1630 2 2 1 1 2507 1311 2508
1631 2 2 1 1 2751 883 3280
1632 2 2 1 1 1771 1909 2401
1633 2 2 1 1 1672 1637 2442
1634 2 2 1 1 1565 1767 1891
1635 2 2 1 1 1487 1486 3124
1636 2 2 1 1 218 219 303
1637 2 2 1 1 381 383 2871
1638 2 2 1 1 1495 1505 2543
1639 2 2 1 1 2955 2291 3294
1640 2 2 1 1 1214 2611 3098
1641 2 2 1 1 2621 2256 3429
1642 2 2 1 1 2348 2295 2537
1643 2 2 1 1 1534 1358 2461
1644 2 2 1 1 116 276 2376
1645 2 2 1 1 2462 1622 2463
1646 2 2 1 1 1787 1959 2387
1647 2 2 1 1 1821 3186 3196
1648 2 2 1 1 2605 2604 2606
1649 2 2 1 1 1436 1216 2473
1650 2 2 1 1 2816 1082 3156
1651 2 2 1 1 1292 2430 2641
1652 2 2 1 1 1376 1543 2675
1653 2 2 1 1 2356 2357 3179
1654 2 2 1 1 1789 2683 2864
1655 2 2 1 1 2864 3119 3217
1656 2 2 1 1 2529 1705 2532
1657 2 2 1 1 1775 2354 2355
1658 2 2 1 1 1737 1893 2610
1659 2 2 1 1 3139 775 3433
1660 2 2 1 1 2887 2886 3321
1661 2 2 1 1 2370 52 2371
1662 2 2 1 1 2558 2555 2807
1663 2 2 1 1 3164 248 3165
1664 2 2 1 1 343 2465 2466
1665 2 2 1 1 1570 1572 2653
1666 2 2 1 1 2573 2847 2848
1667 2 2 1 1 337 307 338
1668 2 2 1 1 674 665 3250
1669 2 2 1 1 3468 2674 3622
1670 2 2 1 1 702 1072 2591
1671 2 2 1 1 1824 2500 2894
1672 2 2 1 1 2018 2662 2663
1673 2 2 1 1 1208 3144 3176
1674 2 2 1 1 2532 1716 2533
1675 2 2 1 1 946 1051 2432
1676 2 2 1 1 1989 1436 2473
1677 2 2 1 1 429 431 2590
1678 2 2 1 1 2780 2856 2912
1679 2 2 1 1 115 116 2376
1680 2 2 1 1 2375 2080 3183
1681 2 2 1 1 2634 2237 3111
1682 2 2 1 1 715 2634 3111
1683 2 2 1 1 2452 1631 2974
1684 2 2 1 1 3297 2017 3309
1685 2 2 1 1 2441 1440 2818
1686 2 2 1 1 913 2817 3276
1687 2 2 1 1 1282 1565 2914
1688 2 2 1 1 343 345 2465
1689 2 2 1 1 34 314 2464
1690 2 2 1 1 855 839 2759
1691 2 2 1 1 1631 1384 2974
1692 2 2 1 1 953 3276 3281
1693 2 2 1 1 2644 2645 3273
1694 2 2 1 1 1354 1351 2435
1695 2 2 1 1 2430 1292 2504
1696 2 2 1 1 1845 2579 2580
1697 2 2 1 1 2824 1454 2906
1698 2 2 1 1 284 51 2370
1699 2 2 1 1 940 2356 3179
1700 2 2 1 1 1522 1769 2689
1701 2 2 1 1 1780 1783 2515
1702 2 2 1 1 1082 844 2627
1703 2 2 1 1 1292 1182 2505
1704 2 2 1 1 1891 1767 1892
1705 2 2 1 1 2395 674 3250
1706 2 2 1 1 974 2243 3553
1707 2 2 1 1 3144 2348 3176
1708 2 2 1 1 2579 1487 3124
1709 2 2 1 1 1187 1622 2462
1710 2 2 1 1 3087 1210 3183
1711 2 2 1 1 2018 2661 2662
1712 2 2 1 1 1845 1487 2579
1713 2 2 1 1 2456 2316 2457
1714 2 2 1 1 3446 2059 3591
1715 2 2 1 1 1634 1901 2510
1716 2 2 1 1 2432 3274 3432
1717 2 2 1 1 2500 1937 2894
1718 2 2 1 1 2763 1439 3023
1719 2 2 1 1 1537 1903 2474
1720 2 2 1 1 1311 1176 3286
1721 2 2 1 1 190 191 319
1722 2 2 1 1 1850 2658 3317
1723 2 2 1 1 2902 2904 3227
1724 2 2 1 1 2399 1980 3458
1725 2 2 1 1 3080 1146 3242
1726 2 2 1 1 2536 800 3490
1727 2 2 1 1 1854 1570 2653
1728 2 2 1 1 1504 1202 2454
1729 2 2 1 1 2510 1901 2511
1730 2 2 1 1 18 19 2757
1731 2 2 1 1 2600 1491 2603
1732 2 2 1 1 1202 1819 2454
1733 2 2 1 1 2471 1259 2687
1734 2 2 1 1 2689 1769 2690
1735 2 2 1 1 2728 3004 3037
1736 2 2 1 1 2482 626 3067
1737 2 2 1 1 750 879 2391
1738 2 2 1 1 2603 2604 2605
1739 2 2 1 1 1636 2067 2442
1740 2 2 1 1 65 66 2299
1741 2 2 1 1 1528 1883 2693
1742 2 2 1 1 471 596 3261
1743 2 2 1 1 2354 806 3301
1744 2 2 1 1 1635 2474 2475
1745 2 2 1 1 546 3296 3320
1746 2 2 1 1 2304 2325 2327
1747 2 2 1 1 3279 953 3281
1748 2 2 1 1 1214 983 2611
1749 2 2 1 1 2386 3581 3582
1750 2 2 1 1 244 25 2592
1751 2 2 1 1 1812 3200 3206
1752 2 2 1 1 2673 2452 2974
1753 2 2 1 1 3527 1761 3539
1754 2 2 1 1 1231 1561 2762
1755 2 2 1 1 1240 1604 2863
1756 2 2 1 1 2598 2599 2682
1757 2 2 1 1 2531 2536 3490
1758 2 2 1 1 3018 626 3157
1759 2 2 1 1 626 2482 3157
1760 2 2 1 1 2600 2603 2605
1761 2 2 1 1 2815 2814 3071
1762 2 2 1 1 2268 2267 3100
1763 2 2 1 1 1340 1804 2626
1764 2 2 1 1 1506 2806 2952
1765 2 2 1 1 3020 2268 3100
1766 2 2 1 1 893 1080 2686
1767 2 2 1 1 2792 1860 3202
1768 2 2 1 1 1378 1376 2675
1769 2 2 1 1 2543 1505 2544
1770 2 2 1 1 34 35 314
1771 2 2 1 1 1504 2359 2880
1772 2 2 1 1 431 437 2590
1773 2 2 1 1 2599 2602 2682
1774 2 2 1 1 1309 1310 2996
1775 2 2 1 1 1673 1672 1674
1776 2 2 1 1 2550 632 2838
1777 2 2 1 1 2474 1903 2475
1778 2 2 1 1 2358 2454 3059
1779 2 2 1 1 399 381 2871
1780 2 2 1 1 383 2869 2871
1781 2 2 1 1 872 764 2549
1782 2 2 1 1 2818 1440 3032
1783 2 2 1 1 1189 1192 3113
1784 2 2 1 1 2858 2805 2860
1785 2 2 1 1 1731 1735 2609
1786 2 2 1 1 1989 2473 2499
1787 2 2 1 1 712 1438 2453
1788 2 2 1 1 2735 3246 3377
1789 2 2 1 1 2875 2876 2877
1790 2 2 1 1 931 927 2502
1791 2 2 1 1 1701 2530 2975
1792 2 2 1 1 2675 1543 2676
1793 2 2 1 1 626 458 3067
1794 2 2 1 1 1224 1031 2631
1795 2 2 1 1 1953 2096 2172
1796 2 2 1 1 2806 2801 2952
1797 2 2 1 1 21 22 324
1798 2 2 1 1 582 580 2664
1799 2 2 1 1 632 2479 2897
1800 2 2 1 1 625 2684 3117
1801 2 2 1 1 1624 1495 2543
1802 2 2 1 1 1788 1328 2641
1803 2 2 1 1 1632 2498 2656
1804 2 2 1 1 2443 2444 2447
1805 2 2 1 1 1591 3342 3354
1806 2 2 1 1 2890 2892 2893
1807 2 2 1 1 2118 2117 2168
1808 2 2 1 1 586 584 2807
1809 2 2 1 1 1674 2054 2055
1810 2 2 1 1 2693 1883 2694
1811 2 2 1 1 623 2409 3264
1812 2 2 1 1 1702 1705 2529
1813 2 2 1 1 3265 2904 3270
1814 2 2 1 1 2654 1799 2895
1815 2 2 1 1 1364 1361 2655
1816 2 2 1 1 1554 1231 2762
1817 2 2 1 1 1082 2627 3112
1818 2 2 1 1 198 199 294
1819 2 2 1 1 2055 2263 2264
1820 2 2 1 1 1754 1538 3093
1821 2 2 1 1 1029 1224 2541
1822 2 2 1 1 168 169 247
1823 2 2 1 1 2814 1814 3071
1824 2 2 1 1 2242 1793 3017
1825 2 2 1 1 399 2873 3014
1826 2 2 1 1 2681 2005 3038
1827 2 2 1 1 2754 2907 2960
1828 2 2 1 1 271 29 2882
1829 2 2 1 1 1347 1223 2622
1830 2 2 1 1 1662 2117 2118
1831 2 2 1 1 1735 1737 2610
1832 2 2 1 1 625 464 3108
1833 2 2 1 1 2888 2903 2980
1834 2 2 1 1 2392 2391 2396
1835 2 2 1 1 483 486 2809
1836 2 2 1 1 1901 1633 2496
1837 2 2 1 1 3321 2886 3342
1838 2 2 1 1 435 1791 2520
1839 2 2 1 1 3014 2873 3015
1840 2 2 1 1 2553 2550 2838
1841 2 2 1 1 839 837 2759
1842 2 2 1 1 1588 3216 3227
1843 2 2 1 1 708 706 2576
1844 2 2 1 1 259 2433 2434
1845 2 2 1 1 1208 2390 3144
1846 2 2 1 1 2683 1789 2863
1847 2 2 1 1 1783 2439 2440
1848 2 2 1 1 314 35 2379
1849 2 2 1 1 605 608 2763
1850 2 2 1 1 3335 2752 3339
1851 2 2 1 1 1073 444 2650
1852 2 2 1 1 1194 1236 1281
1853 2 2 1 1 2575 708 2576
1854 2 2 1 1 2888 2887 3270
1855 2 2 1 1 1207 992 3176
1856 2 2 1 1 1653 1436 1654
1857 2 2 1 1 1358 1355 2461
1858 2 2 1 1 195 196 290
1859 2 2 1 1 1253 1590 2760
1860 2 2 1 1 1653 1654 2104
1861 2 2 1 1 2220 1742 2221
1862 2 2 1 1 2585 429 2590
1863 2 2 1 1 2784 2786 2787
1864 2 2 1 1 1226 1227 1398
1865 2 2 1 1 1637 1636 2442
1866 2 2 1 1 2039 1610 3219
1867 2 2 1 1 1673 1674 1675
1868 2 2 1 1 26 27 327
1869 2 2 1 1 2520 1791 2521
1870 2 2 1 1 19 260 2757
1871 2 2 1 1 1705 1704 1706
1872 2 2 1 1 646 711 2701
1873 2 2 1 1 1245 1491 2598
1874 2 2 1 1 1702 1704 1705
1875 2 2 1 1 879 946 947
1876 2 2 1 1 393 400 2876
1877 2 2 1 1 1325 1824 2894
1878 2 2 1 1 1503 1501 2583
1879 2 2 1 1 25 26 2592
1880 2 2 1 1 1888 2975 2976
1881 2 2 1 1 478 623 3264
1882 2 2 1 1 1662 1663 2117
1883 2 2 1 1 2598 1491 2599
1884 2 2 1 1 1312 1537 2474
1885 2 2 1 1 1589 3381 3401
1886 2 2 1 1 2479 632 2550
1887 2 2 1 1 2451 1631 2452
1888 2 2 1 1 2824 2906 3234
1889 2 2 1 1 920 917 2423
1890 2 2 1 1 1052 1109 1226
1891 2 2 1 1 1398 1400 1662
1892 2 2 1 1 1838 1841 2758
1893 2 2 1 1 2962 2888 2980
1894 2 2 1 1 1208 968 2981
1895 2 2 1 1 161 162 251
1896 2 2 1 1 1703 1700 3145
1897 2 2 1 1 527 1444 2892
1898 2 2 1 1 345 348 2465
1899 2 2 1 1 2607 2996 2997
1900 2 2 1 1 1192 3057 3113
1901 2 2 1 1 1864 3327 3351
1902 2 2 1 1 1569 1968 2649
1903 2 2 1 1 698 762 2616
1904 2 2 1 1 3121 2455 3220
1905 2 2 1 1 1705 1706 1707
1906 2 2 1 1 1226 1399 2923
1907 2 2 1 1 2609 1735 2610
1908 2 2 1 1 1629 2047 2618
1909 2 2 1 1 2755 2830 2831
1910 2 2 1 1 2430 1788 2641
1911 2 2 1 1 2115 1657 2944
1912 2 2 1 1 215 216 262
1913 2 2 1 1 947 946 2432
1914 2 2 1 1 1216 1003 2473
1915 2 2 1 1 2692 1526 2693
1916 2 2 1 1 1456 2408 3526
1917 2 2 1 1 1223 1045 2622
1918 2 2 1 1 2498 1632 2655
1919 2 2 1 1 2814 2811 3188
1920 2 2 1 1 1440 1099 3032
1921 2 2 1 1 2538 1730 2540
1922 2 2 1 1 3179 2357 3255
1923 2 2 1 1 2530 2529 2531
1924 2 2 1 1 1594 2455 3121
1925 2 2 1 1 20 21 2808
1926 2 2 1 1 2519 2015 3184
1927 2 2 1 1 1636 1926 2067
1928 2 2 1 1 692 886 2668
1929 2 2 1 1 2533 1716 2534
1930 2 2 1 1 30 31 322
1931 2 2 1 1 1870 1871 2123
1932 2 2 1 1 2618 2047 2619
1933 2 2 1 1 3005 3004 3066
1934 2 2 1 1 1841 2386 2758
1935 2 2 1 1 1588 2904 3265
1936 2 2 1 1 2660 855 2759
1937 2 2 1 1 1811 3008 3009
1938 2 2 1 1 738 708 2575
1939 2 2 1 1 1671 1637 1672
1940 2 2 1 1 1334 2520 2521
1941 2 2 1 1 3186 2516 3196
1942 2 2 1 1 1073 2650 2651
1943 2 2 1 1 1656 1397 1657
1944 2 2 1 1 529 505 2815
1945 2 2 1 1 704 702 2591
1946 2 2 1 1 1526 1528 2693
1947 2 2 1 1 1674 1672 2054
1948 2 2 1 1 53 54 250
1949 2 2 1 1 2518 2922 3547
1950 2 2 1 1 946 948 1051
1951 2 2 1 1 995 3616 3617
1952 2 2 1 1 391 393 2876
1953 2 2 1 1 2710 2726 2831
1954 2 2 1 1 2244 2497 2542
1955 2 2 1 1 2422 1847 3242
1956 2 2 1 1 47 48 256
1957 2 2 1 1 1831 3114 3260
1958 2 2 1 1 2092 2091 2093
1959 2 2 1 1 1398 1227 1400
1960 2 2 1 1 809 749 2630
1961 2 2 1 1 1438 2392 2393
1962 2 2 1 1 2476 2475 2477
1963 2 2 1 1 383 385 2869
1964 2 2 1 1 3004 3003 3037
1965 2 2 1 1 1259 2471 2686
1966 2 2 1 1 2360 254 2361
1967 2 2 1 1 842 1082 2816
1968 2 2 1 1 2084 1732 2086
1969 2 2 1 1 2646 1856 2647
1970 2 2 1 1 2668 886 2669
1971 2 2 1 1 882 2517 2518
1972 2 2 1 1 1054 1253 2760
1973 2 2 1 1 2395 2394 3329
1974 2 2 1 1 3018 2489 3108
1975 2 2 1 1 1799 1558 2895
1976 2 2 1 1 1636 1541 1926
1977 2 2 1 1 1031 1033 2631
1978 2 2 1 1 1720 1949 2528
1979 2 2 1 1 2860 2805 2968
1980 2 2 1 1 2651 2650 2652
1981 2 2 1 1 525 527 2892
1982 2 2 1 1 1406 1646 3060
1983 2 2 1 1 1818 1658 2775
1984 2 2 1 1 1632 1364 2655
1985 2 2 1 1 2489 2684 3108
1986 2 2 1 1 2981 2700 3109
1987 2 2 1 1 2989 2844 3070
1988 2 2 1 1 2481 486 2989
1989 2 2 1 1 2390 2981 3109
1990 2 2 1 1 1429 1426 2941
1991 2 2 1 1 1701 2529 2530
1992 2 2 1 1 2688 1520 2689
1993 2 2 1 1 983 937 2611
1994 2 2 1 1 1765 2262 2785
1995 2 2 1 1 1793 453 2835
1996 2 2 1 1 2701 711 3106
1997 2 2 1 1 633 1454 3393
1998 2 2 1 1 21 324 2808
1999 2 2 1 1 2523 1955 2526
2000 2 2 1 1 934 960 961
2001 2 2 1 1 1658 1397 2775
2002 2 2 1 1 12 13 325
2003 2 2 1 1 639 582 2664
2004 2 2 1 1 977 3335 3339
2005 2 2 1 1 608 1439 2763
2006 2 2 1 1 2055 2054 2263
2007 2 2 1 1 1654 1989 1990
2008 2 2 1 1 2545 862 2547
2009 2 2 1 1 961 996 997
2010 2 2 1 1 1671 1672 1673
2011 2 2 1 1 3058 2028 3268
2012 2 2 1 1 1771 1882 1909
2013 2 2 1 1 1524 1526 2692
2014 2 2 1 1 2018 1496 2661
2015 2 2 1 1 486 2481 2809
2016 2 2 1 1 505 507 2815
2017 2 2 1 1 729 806 2584
2018 2 2 1 1 1419 1856 2646
2019 2 2 1 1 2791 2792 3202
2020 2 2 1 1 529 2815 3071
2021 2 2 1 1 580 1077 2664
2022 2 2 1 1 1645 1429 2941
2023 2 2 1 1 818 821 3069
2024 2 2 1 1 1491 1247 2603
2025 2 2 1 1 1808 1634 2510
2026 2 2 1 1 2355 2354 3301
2027 2 2 1 1 1500 1890 2837
2028 2 2 1 1 3138 3096 3251
2029 2 2 1 1 1852 1514 2643
2030 2 2 1 1 2784 2785 2786
2031 2 2 1 1 2097 1649 2942
2032 2 2 1 1 1727 1730 2538
2033 2 2 1 1 1319 1166 2769
2034 2 2 1 1 3332 2036 3341
2035 2 2 1 1 1310 1623 2996
2036 2 2 1 1 868 866 2826
2037 2 2 1 1 1604 2683 2863
2038 2 2 1 1 844 846 2627
2039 2 2 1 1 878 933 934
2040 2 2 1 1 1975 1752 2076
2041 2 2 1 1 3216 2813 3227
2042 2 2 1 1 2936 1447 2970
2043 2 2 1 1 444 442 2650
2044 2 2 1 1 584 639 2807
2045 2 2 1 1 838 842 2816
2046 2 2 1 1 3255 2357 3357
2047 2 2 1 1 322 31 3082
2048 2 2 1 1 1357 1602 1603
2049 2 2 1 1 2944 2116 2945
2050 2 2 1 1 2626 1804 2987
2051 2 2 1 1 2835 1073 3017
2052 2 2 1 1 252 2279 3213
2053 2 2 1 1 1434 1433 1562
2054 2 2 1 1 1811 3009 3092
2055 2 2 1 1 2118 2168 2198
2056 2 2 1 1 868 2826 2993
2057 2 2 1 1 3112 1812 3206
2058 2 2 1 1 712 750 1438
2059 2 2 1 1 2876 400 2877
2060 2 2 1 1 1496 1196 2661
2061 2 2 1 1 2268 3204 3212
2062 2 2 1 1 999 1000 1001
2063 2 2 1 1 999 997 1000
2064 2 2 1 1 89 90 279
2065 2 2 1 1 1244 1116 2948
2066 2 2 1 1 1117 1240 2863
2067 2 2 1 1 1307 1500 2837
2068 2 2 1 1 2331 2329 2332
2069 2 2 1 1 1898 1955 2523
2070 2 2 1 1 116 117 276
2071 2 2 1 1 2454 1819 2455
2072 2 2 1 1 2912 2856 3026
2073 2 2 1 1 3444 2777 3453
2074 2 2 1 1 1836 2615 2697
2075 2 2 1 1 1041 935 1064
2076 2 2 1 1 1192 1194 3057
2077 2 2 1 1 2899 2745 3075
2078 2 2 1 1 998 997 999
2079 2 2 1 1 2278 2277 2280
2080 2 2 1 1 432 435 2520
2081 2 2 1 1 2916 3290 3454
2082 2 2 1 1 2754 2960 3303
2083 2 2 1 1 1421 1569 2649
2084 2 2 1 1 2785 2262 2786
2085 2 2 1 1 672 730 2704
2086 2 2 1 1 2288 2687 3013
2087 2 2 1 1 339 341 727
2088 2 2 1 1 1980 1771 2401
2089 2 2 1 1 1701 1702 2529
2090 2 2 1 1 1520 1522 2689
2091 2 2 1 1 219 220 3213
2092 2 2 1 1 1226 1109 1227
2093 2 2 1 1 876 873 877
2094 2 2 1 1 1281 1236 1282
2095 2 2 1 1 2659 3438 3464
2096 2 2 1 1 1242 1245 2598
2097 2 2 1 1 1541 1392 2443
2098 2 2 1 1 2436 1774 2437
2099 2 2 1 1 760 862 2545
2100 2 2 1 1 2670 1378 2675
2101 2 2 1 1 293 2329 2330
2102 2 2 1 1 438 1334 2939
2103 2 2 1 1 3273 2645 3296
2104 2 2 1 1 1042 1041 1315
2105 2 2 1 1 1577 1788 1912
2106 2 2 1 1 3327 2630 3351
2107 2 2 1 1 1656 1657 2115
2108 2 2 1 1 2892 1444 2893
2109 2 2 1 1 1723 1560 1958
2110 2 2 1 1 1780 1603 1783
2111 2 2 1 1 1961 1787 2387
2112 2 2 1 1 1226 1398 1399
2113 2 2 1 1 2806 1506 3002
2114 2 2 1 1 2702 688 3137
2115 2 2 1 1 1577 1328 1788
2116 2 2 1 1 1432 1213 1433
2117 2 2 1 1 627 646 2701
2118 2 2 1 1 1357 1354 1602
2119 2 2 1 1 1546 1390 2448
2120 2 2 1 1 1113 586 2807
2121 2 2 1 1 2782 2779 2783
2122 2 2 1 1 1328 1198 2641
2123 2 2 1 1 1043 1441 2700
2124 2 2 1 1 1642 3058 3268
2125 2 2 1 1 3052 884 3127
2126 2 2 1 1 663 674 2623
2127 2 2 1 1 1134 1204 3008
2128 2 2 1 1 764 763 2549
2129 2 2 1 1 1068 2860 2968
2130 2 2 1 1 3199 3053 3235
2131 2 2 1 1 1654 1436 1989
2132 2 2 1 1 876 877 878
2133 2 2 1 1 2476 2477 2478
2134 2 2 1 1 1281 1282 1431
2135 2 2 1 1 2920 1820 3151
2136 2 2 1 1 1958 1976 2122
2137 2 2 1 1 2577 871 2578
2138 2 2 1 1 427 429 2585
2139 2 2 1 1 934 933 960
2140 2 2 1 1 2959 1266 2972
2141 2 2 1 1 1657 1659 2944
2142 2 2 1 1 1659 1661 2116
2143 2 2 1 1 1847 3080 3242
2144 2 2 1 1 170 171 316
2145 2 2 1 1 513 531 2901
2146 2 2 1 1 1868 1870 3331
2147 2 2 1 1 936 935 1041
2148 2 2 1 1 1795 1997 2943
2149 2 2 1 1 325 13 2633
2150 2 2 1 1 2917 1480 2918
2151 2 2 1 1 1717 1714 1719
2152 2 2 1 1 2086 1732 2762
2153 2 2 1 1 1896 1895 1897
2154 2 2 1 1 2531 2529 2532
2155 2 2 1 1 2726 2755 2831
2156 2 2 1 1 2605 2606 2608
2157 2 2 1 1 2005 2681 3069
2158 2 2 1 1 234 235 277
2159 2 2 1 1 1707 1706 1708
2160 2 2 1 1 1972 1794 2840
2161 2 2 1 1 3183 1210 3316
2162 2 2 1 1 1659 2116 2944
2163 2 2 1 1 2712 2710 2831
2164 2 2 1 1 747 779 780
2165 2 2 1 1 879 947 2391
2166 2 2 1 1 1480 2917 2919
2167 2 2 1 1 1168 1319 2698
2168 2 2 1 1 2613 1835 2758
2169 2 2 1 1 546 2690 3368
2170 2 2 1 1 1518 1520 2688
2171 2 2 1 1 260 20 2808
2172 2 2 1 1 942 1046 1047
2173 2 2 1 1 1785 1055 3085
2174 2 2 1 1 1392 1390 1546
2175 2 2 1 1 1500 1501 1503
2176 2 2 1 1 2676 1543 2677
2177 2 2 1 1 1228 1401 1403
2178 2 2 1 1 1707 1708 1709
2179 2 2 1 1 903 900 2665
2180 2 2 1 1 935 931 2501
2181 2 2 1 1 2501 931 2502
2182 2 2 1 1 2123 1871 2124
2183 2 2 1 1 1779 1603 1780
2184 2 2 1 1 2875 2877 3511
2185 2 2 1 1 2379 36 3154
2186 2 2 1 1 188 189 264
2187 2 2 1 1 3005 3066 3142
2188 2 2 1 1 2335 2334 2336
2189 2 2 1 1 2666 694 2668
2190 2 2 1 1 2508 1311 2509
2191 2 2 1 1 1824 1935 2500
2192 2 2 1 1 3283 549 3300
2193 2 2 1 1 1796 1151 2771
2194 2 2 1 1 1730 1731 2609
2195 2 2 1 1 3004 2728 3066
2196 2 2 1 1 1583 1431 1771
2197 2 2 1 1 2005 2317 3038
2198 2 2 1 1 1811 1134 3008
2199 2 2 1 1 2489 3018 3157
2200 2 2 1 1 1080 1259 2686
2201 2 2 1 1 1051 948 1052
2202 2 2 1 1 1003 1004 1005
2203 2 2 1 1 1786 1785 1787
2204 2 2 1 1 730 3202 3259
2205 2 2 1 1 1635 2476 2496
2206 2 2 1 1 1047 1048 1213
2207 2 2 1 1 1116 1114 2948
2208 2 2 1 1 603 605 2763
2209 2 2 1 1 2324 1972 2840
2210 2 2 1 1 1542 1541 1636
2211 2 2 1 1 878 877 933
2212 2 2 1 1 2501 2502 2503
2213 2 2 1 1 2061 1808 2510
2214 2 2 1 1 2779 2778 2783
2215 2 2 1 1 498 499 2841
2216 2 2 1 1 590 588 2838
2217 2 2 1 1 694 692 2668
2218 2 2 1 1 729 757 806
2219 2 2 1 1 2661 2660 2662
2220 2 2 1 1 1868 1869 1870
2221 2 2 1 1 893 2686 2826
2222 2 2 1 1 1355 1354 1357
2223 2 2 1 1 766 764 872
2224 2 2 1 1 961 960 996
2225 2 2 1 1 763 2545 2546
2226 2 2 1 1 1156 1323 2756
2227 2 2 1 1 1486 1817 3124
2228 2 2 1 1 1778 1836 2697
2229 2 2 1 1 2849 2845 2850
2230 2 2 1 1 2778 1601 2783
2231 2 2 1 1 2241 1750 3045
2232 2 2 1 1 900 898 2665
2233 2 2 1 1 2845 568 2850
2234 2 2 1 1 2973 2462 3211
2235 2 2 1 1 1615 1613 2770
2236 2 2 1 1 2533 2534 2535
2237 2 2 1 1 2004 1615 2770
2238 2 2 1 1 1833 1835 2613
2239 2 2 1 1 1363 1361 1364
2240 2 2 1 1 1445 2791 2965
2241 2 2 1 1 2151 2150 2153
2242 2 2 1 1 484 2920 3151
2243 2 2 1 1 1894 1895 1896
2244 2 2 1 1 1911 1985 2053
2245 2 2 1 1 2599 1491 2600
2246 2 2 1 1 318 18 2757
2247 2 2 1 1 1209 1095 1574
2248 2 2 1 1 2901 531 2902
2249 2 2 1 1 2444 1546 2445
2250 2 2 1 1 1047 1046 1048
2251 2 2 1 1 2776 544 2953
2252 2 2 1 1 1214 3098 3177
2253 2 2 1 1 2393 2392 2394
2254 2 2 1 1 1709 1710 1712
2255 2 2 1 1 979 2477 3583
2256 2 2 1 1 1437 1479 1762
2257 2 2 1 1 27 28 3115
2258 2 2 1 1 1912 1788 1913
2259 2 2 1 1 1205 1312 1338
2260 2 2 1 1 747 780 989
2261 2 2 1 1 1551 1404 1644
2262 2 2 1 1 1713 1711 1714
2263 2 2 1 1 2053 1985 2261
2264 2 2 1 1 2610 1893 2963
2265 2 2 1 1 578 576 2632
2266 2 2 1 1 1077 578 2632
2267 2 2 1 1 1432 1433 1434
2268 2 2 1 1 1565 1766 1767
2269 2 2 1 1 962 1040 1205
2270 2 2 1 1 1530 1629 2618
2271 2 2 1 1 1911 1782 1985
2272 2 2 1 1 2024 2023 2025
2273 2 2 1 1 1083 2885 2962
2274 2 2 1 1 1330 1601 2778
2275 2 2 1 1 2604 1309 2996
2276 2 2 1 1 1616 2003 2589
2277 2 2 1 1 1894 1503 1895
2278 2 2 1 1 71 72 265
2279 2 2 1 1 928 949 962
2280 2 2 1 1 1979 2022 2023
2281 2 2 1 1 1566 1328 1577
2282 2 2 1 1 975 2660 2661
2283 2 2 1 1 1262 1103 2994
2284 2 2 1 1 1781 1780 1782
2285 2 2 1 1 1005 1006 1007
2286 2 2 1 1 1229 1340 2626
2287 2 2 1 1 2606 2604 2607
2288 2 2 1 1 1394 1436 1653
2289 2 2 1 1 1474 1576 2621
2290 2 2 1 1 1646 2075 3060
2291 2 2 1 1 1847 2422 3180
2292 2 2 1 1 2534 1716 3135
2293 2 2 1 1 2789 1445 2964
2294 2 2 1 1 1786 1787 1961
2295 2 2 1 1 1003 1001 1004
2296 2 2 1 1 1580 1607 2921
2297 2 2 1 1 2509 1311 3286
2298 2 2 1 1 2122 2270 2271
2299 2 2 1 1 2625 3052 3127
2300 2 2 1 1 1141 1229 1404
2301 2 2 1 1 2812 2901 2902
2302 2 2 1 1 1205 1040 1312
2303 2 2 1 1 1575 1765 2785
2304 2 2 1 1 1002 1003 1216
2305 2 2 1 1 1339 1338 1633
2306 2 2 1 1 1755 1562 1756
2307 2 2 1 1 2090 2091 2092
2308 2 2 1 1 385 753 2869
2309 2 2 1 1 1817 2516 3124
2310 2 2 1 1 1166 1164 2769
2311 2 2 1 1 411 413 2497
2312 2 2 1 1 2730 2716 2827
2313 2 2 1 1 1835 1838 2758
2314 2 2 1 1 2662 2759 3225
2315 2 2 1 1 2671 2670 2672
2316 2 2 1 1 1744 1746 1964
2317 2 2 1 1 700 698 2616
2318 2 2 1 1 932 931 935
2319 2 2 1 1 1151 1148 2771
2320 2 2 1 1 1335 2813 3216
2321 2 2 1 1 1771 1431 1882
2322 2 2 1 1 1926 2443 2447
2323 2 2 1 1 1713 1714 1717
2324 2 2 1 1 766 872 873
2325 2 2 1 1 1681 3048 3049
2326 2 2 1 1 1396 1397 1656
2327 2 2 1 1 1987 1808 2061
2328 2 2 1 1 2437 2622 3263
2329 2 2 1 1 33 34 2464
2330 2 2 1 1 989 780 990
2331 2 2 1 1 962 949 1040
2332 2 2 1 1 2687 1259 3013
2333 2 2 1 1 2943 1997 3067
2334 2 2 1 1 2690 1769 2691
2335 2 2 1 1 3295 741 3319
2336 2 2 1 1 1473 1474 1560
2337 2 2 1 1 2587 2590 3187
2338 2 2 1 1 1707 1709 1716
2339 2 2 1 1 1544 1380 2670
2340 2 2 1 1 427 428 429
2341 2 2 1 1 1361 1360 2655
2342 2 2 1 1 2050 1898 2523
2343 2 2 1 1 2237 1455 2911
2344 2 2 1 1 2435 1774 2436
2345 2 2 1 1 270 173 2424
2346 2 2 1 1 2481 2989 3070
2347 2 2 1 1 429 430 431
2348 2 2 1 1 1353 1351 1354
2349 2 2 1 1 2730 2827 2828
2350 2 2 1 1 964 1043 2700
2351 2 2 1 1 1386 1384 1631
2352 2 2 1 1 1774 1347 2622
2353 2 2 1 1 2111 2129 2202
2354 2 2 1 1 1380 1378 2670
2355 2 2 1 1 1969 1580 2921
2356 2 2 1 1 2521 1791 2522
2357 2 2 1 1 1007 1009 1218
2358 2 2 1 1 1732 1554 2762
2359 2 2 1 1 3385 2691 3410
2360 2 2 1 1 2025 2026 2027
2361 2 2 1 1 2108 1675 2109
2362 2 2 1 1 30 322 2882
2363 2 2 1 1 928 922 949
2364 2 2 1 1 458 456 3067
2365 2 2 1 1 1027 1029 2541
2366 2 2 1 1 2673 2671 2674
2367 2 2 1 1 892 857 937
2368 2 2 1 1 1898 1897 1955
2369 2 2 1 1 1981 2679 2947
2370 2 2 1 1 453 450 2835
2371 2 2 1 1 923 922 928
2372 2 2 1 1 2090 1722 2091
2373 2 2 1 1 2643 1776 2644
2374 2 2 1 1 1257 1482 3013
2375 2 2 1 1 1002 1001 1003
2376 2 2 1 1 2905 2745 3205
2377 2 2 1 1 400 395 3055
2378 2 2 1 1 2084 2086 2128
2379 2 2 1 1 12 325 2612
2380 2 2 1 1 2826 2012 2993
2381 2 2 1 1 760 738 862
2382 2 2 1 1 431 432 433
2383 2 2 1 1 861 1821 3196
2384 2 2 1 1 1700 1699 3145
2385 2 2 1 1 1003 1005 2473
2386 2 2 1 1 1544 2670 2671
2387 2 2 1 1 2042 1624 2543
2388 2 2 1 1 1710 1711 1713
2389 2 2 1 1 1160 1322 2764
2390 2 2 1 1 690 688 2702
2391 2 2 1 1 2479 2008 2897
2392 2 2 1 1 869 855 2660
2393 2 2 1 1 576 640 2632
2394 2 2 1 1 763 760 2545
2395 2 2 1 1 304 101 2349
2396 2 2 1 1 1196 975 2661
2397 2 2 1 1 1609 3413 3422
2398 2 2 1 1 466 625 2929
2399 2 2 1 1 622 3207 3226
2400 2 2 1 1 2810 1595 2811
2401 2 2 1 1 1445 2789 2791
2402 2 2 1 1 172 173 270
2403 2 2 1 1 711 746 747
2404 2 2 1 1 981 1784 2611
2405 2 2 1 1 1437 1762 1992
2406 2 2 1 1 678 729 2584
2407 2 2 1 1 1713 1718 2825
2408 2 2 1 1 1394 1216 1436
2409 2 2 1 1 1007 1008 1009
2410 2 2 1 1 1979 2023 2024
2411 2 2 1 1 1792 1534 1910
2412 2 2 1 1 36 37 3154
2413 2 2 1 1 1363 1364 1365
2414 2 2 1 1 2008 1086 2897
2415 2 2 1 1 917 953 2423
2416 2 2 1 1 1695 1874 2659
2417 2 2 1 1 1905 1782 1911
2418 2 2 1 1 1245 1246 1247
2419 2 2 1 1 1633 1635 2496
2420 2 2 1 1 2237 2911 3111
2421 2 2 1 1 1702 1703 1704
2422 2 2 1 1 1349 1347 1774
2423 2 2 1 1 220 252 3213
2424 2 2 1 1 808 809 810
2425 2 2 1 1 1187 1189 1622
2426 2 2 1 1 2739 2745 2905
2427 2 2 1 1 851 852 853
2428 2 2 1 1 1634 1633 1901
2429 2 2 1 1 2695 2789 2964
2430 2 2 1 1 753 2865 2866
2431 2 2 1 1 1286 1287 1288
2432 2 2 1 1 2027 2026 2409
2433 2 2 1 1 2444 2445 2446
2434 2 2 1 1 696 694 2666
2435 2 2 1 1 753 2866 2867
2436 2 2 1 1 2027 2409 2410
2437 2 2 1 1 2885 2888 2962
2438 2 2 1 1 424 426 427
2439 2 2 1 1 1633 1338 1635
2440 2 2 1 1 1321 1803 2843
2441 2 2 1 1 1751 1553 1752
2442 2 2 1 1 761 760 763
2443 2 2 1 1 1890 1503 1894
2444 2 2 1 1 1550 1549 1933
2445 2 2 1 1 51 52 2370
2446 2 2 1 1 1826 1244 2948
2447 2 2 1 1 853 852 857
2448 2 2 1 1 403 406 2966
2449 2 2 1 1 811 810 812
2450 2 2 1 1 804 803 887
2451 2 2 1 1 1784 1785 1786
2452 2 2 1 1 2526 1955 2527
2453 2 2 1 1 2050 2523 2524
2454 2 2 1 1 706 704 871
2455 2 2 1 1 1567 1270 2839
2456 2 2 1 1 1784 1055 1785
2457 2 2 1 1 1172 1318 2761
2458 2 2 1 1 1876 1970 2629
2459 2 2 1 1 1338 1312 2474
2460 2 2 1 1 1562 1433 1678
2461 2 2 1 1 1553 1429 1645
2462 2 2 1 1 910 952 2817
2463 2 2 1 1 888 887 963
2464 2 2 1 1 1550 1933 1938
2465 2 2 1 1 1712 1710 2825
2466 2 2 1 1 17 18 318
2467 2 2 1 1 808 749 809
2468 2 2 1 1 1538 1587 3093
2469 2 2 1 1 3074 1609 3422
2470 2 2 1 1 1083 2883 2884
2471 2 2 1 1 921 920 922
2472 2 2 1 1 1537 1754 1903
2473 2 2 1 1 802 801 803
2474 2 2 1 1 1043 1324 1441
2475 2 2 1 1 964 963 1043
2476 2 2 1 1 802 803 804
2477 2 2 1 1 804 887 888
2478 2 2 1 1 2842 1815 3043
2479 2 2 1 1 1978 1907 1979
2480 2 2 1 1 763 2546 2549
2481 2 2 1 1 1051 1052 2923
2482 2 2 1 1 1903 1754 2045
2483 2 2 1 1 2149 2151 2158
2484 2 2 1 1 981 1055 1784
2485 2 2 1 1 1874 1888 2044
2486 2 2 1 1 888 963 964
2487 2 2 1 1 1451 2015 2519
2488 2 2 1 1 2619 2047 2620
2489 2 2 1 1 1068 1071 2860
2490 2 2 1 1 1500 1308 1501
2491 2 2 1 1 1049 3209 3317
2492 2 2 1 1 975 869 2660
2493 2 2 1 1 2025 2023 2026
2494 2 2 1 1 851 850 852
2495 2 2 1 1 879 880 946
2496 2 2 1 1 1391 1390 1392
2497 2 2 1 1 1441 1549 1550
2498 2 2 1 1 1958 1560 1976
2499 2 2 1 1 3296 2645 3320
2500 2 2 1 1 791 793 2834
2501 2 2 1 1 917 915 953
2502 2 2 1 1 831 828 3090
2503 2 2 1 1 2414 2417 2418
2504 2 2 1 1 702 700 1072
2505 2 2 1 1 762 2666 2667
2506 2 2 1 1 1009 1010 1011
2507 2 2 1 1 750 756 879
2508 2 2 1 1 1234 1481 2514
2509 2 2 1 1 1441 1324 1549
2510 2 2 1 1 1072 2616 2617
2511 2 2 1 1 1710 1713 2825
2512 2 2 1 1 2749 3283 3300
2513 2 2 1 1 1982 1981 2947
2514 2 2 1 1 2829 2729 2830
2515 2 2 1 1 1573 2851 2857
2516 2 2 1 1 1841 1840 2248
2517 2 2 1 1 2737 2739 2905
2518 2 2 1 1 1644 2626 2987
2519 2 2 1 1 150 151 2472
2520 2 2 1 1 1382 1380 1544
2521 2 2 1 1 1542 1636 1637
2522 2 2 1 1 1779 1780 1781
2523 2 2 1 1 588 1113 2838
2524 2 2 1 1 886 690 2702
2525 2 2 1 1 1351 1349 2435
2526 2 2 1 1 1360 1534 1792
2527 2 2 1 1 1456 903 2665
2528 2 2 1 1 1434 1562 1755
2529 2 2 1 1 753 387 2865
2530 2 2 1 1 2412 2413 2414
2531 2 2 1 1 1053 983 1214
2532 2 2 1 1 2986 2519 3104
2533 2 2 1 1 1791 627 2701
2534 2 2 1 1 974 427 2585
2535 2 2 1 1 761 763 764
2536 2 2 1 1 1139 1140 1141
2537 2 2 1 1 2794 1499 2797
2538 2 2 1 1 534 537 2928
2539 2 2 1 1 799 801 802
2540 2 2 1 1 442 445 2650
2541 2 2 1 1 509 1595 2810
2542 2 2 1 1 1604 1242 2598
2543 2 2 1 1 1778 1833 1836
2544 2 2 1 1 1949 2082 3244
2545 2 2 1 1 2503 1585 3229
2546 2 2 1 1 1782 1780 2515
2547 2 2 1 1 1231 1209 1561
2548 2 2 1 1 636 1795 2943
2549 2 2 1 1 1587 1778 2697
2550 2 2 1 1 592 632 2897
2551 2 2 1 1 1473 1723 3031
2552 2 2 1 1 2418 2417 2419
2553 2 2 1 1 227 228 2307
2554 2 2 1 1 1473 1560 1723
2555 2 2 1 1 2007 2010 2818
2556 2 2 1 1 612 611 615
2557 2 2 1 1 2151 2153 2154
2558 2 2 1 1 1389 1388 1390
2559 2 2 1 1 1896 1897 1898
2560 2 2 1 1 1841 2248 2385
2561 2 2 1 1 1255 1211 3087
2562 2 2 1 1 1737 1886 1893
2563 2 2 1 1 936 1041 1042
2564 2 2 1 1 1685 2930 2931
2565 2 2 1 1 861 2699 3129
2566 2 2 1 1 1357 1603 1779
2567 2 2 1 1 937 981 2611
2568 2 2 1 1 2273 1754 3093
2569 2 2 1 1 572 1078 2908
2570 2 2 1 1 717 3302 3356
2571 2 2 1 1 1047 1213 1432
2572 2 2 1 1 1393 1392 1541
2573 2 2 1 1 2232 2959 2972
2574 2 2 1 1 2112 1799 2113
2575 2 2 1 1 2599 2600 2601
2576 2 2 1 1 1083 521 2883
2577 2 2 1 1 2705 603 2763
2578 2 2 1 1 1011 1012 1013
2579 2 2 1 1 2414 2416 2417
2580 2 2 1 1 2552 3518 3520
2581 2 2 1 1 499 502 2841
2582 2 2 1 1 1583 1771 1980
2583 2 2 1 1 807 749 808
2584 2 2 1 1 2437 1774 2622
2585 2 2 1 1 2410 2411 2412
2586 2 2 1 1 424 427 974
2587 2 2 1 1 1065 1499 2794
2588 2 2 1 1 1604 2598 2682
2589 2 2 1 1 3344 2394 3347
2590 2 2 1 1 1033 1225 2631
2591 2 2 1 1 1437 651 1479
2592 2 2 1 1 1005 1004 1006
2593 2 2 1 1 1494 2780 2912
2594 2 2 1 1 1516 1518 1776
2595 2 2 1 1 3114 2015 3260
2596 2 2 1 1 2410 2412 2415
2597 2 2 1 1 1152 1321 2843
2598 2 2 1 1 1406 1563 1646
2599 2 2 1 1 632 590 2838
2600 2 2 1 1 616 615 619
2601 2 2 1 1 1709 1708 1710
2602 2 2 1 1 1233 1234 1410
2603 2 2 1 1 1805 1579 2938
2604 2 2 1 1 542 544 2776
2605 2 2 1 1 1072 700 2616
2606 2 2 1 1 1101 1440 2040
2607 2 2 1 1 511 513 2901
2608 2 2 1 1 2695 717 2696
2609 2 2 1 1 1514 1516 2643
2610 2 2 1 1 2672 2670 2675
2611 2 2 1 1 1184 1182 1292
2612 2 2 1 1 1579 1254 2938
2613 2 2 1 1 1838 1840 1841
2614 2 2 1 1 2592 327 2593
2615 2 2 1 1 762 696 2666
2616 2 2 1 1 2878 400 3055
2617 2 2 1 1 853 857 892
2618 2 2 1 1 1240 1242 1604
2619 2 2 1 1 1884 1624 2042
2620 2 2 1 1 1573 1088 2851
2621 2 2 1 1 1286 1284 1287
2622 2 2 1 1 968 966 2981
2623 2 2 1 1 1129 2912 3026
2624 2 2 1 1 2677 2991 2992
2625 2 2 1 1 779 943 2774
2626 2 2 1 1 2798 1499 2968
2627 2 2 1 1 1979 1907 2022
2628 2 2 1 1 442 440 445
2629 2 2 1 1 1247 1248 1309
2630 2 2 1 1 423 425 2977
2631 2 2 1 1 970 968 1208
2632 2 2 1 1 610 609 611
2633 2 2 1 1 2742 2748 2820
2634 2 2 1 1 846 850 851
2635 2 2 1 1 2007 2008 2009
2636 2 2 1 1 966 964 2700
2637 2 2 1 1 1033 1035 1225
2638 2 2 1 1 1516 1776 2643
2639 2 2 1 1 2851 2852 2857
2640 2 2 1 1 1013 1015 1219
2641 2 2 1 1 1512 1514 1852
2642 2 2 1 1 1368 1366 3029
2643 2 2 1 1 610 612 2907
2644 2 2 1 1 2040 1440 2441
2645 2 2 1 1 842 844 1082
2646 2 2 1 1 601 603 2705
2647 2 2 1 1 2734 2737 2896
2648 2 2 1 1 1836 2613 2614
2649 2 2 1 1 2025 2027 2238
2650 2 2 1 1 1242 1243 1245
2651 2 2 1 1 2438 2436 3319
2652 2 2 1 1 427 426 428
2653 2 2 1 1 1099 1097 3032
2654 2 2 1 1 1827 1826 1828
2655 2 2 1 1 1083 2884 2885
2656 2 2 1 1 2410 2409 2411
2657 2 2 1 1 348 651 1437
2658 2 2 1 1 1522 1524 1769
2659 2 2 1 1 1141 1140 1229
2660 2 2 1 1 627 436 628
2661 2 2 1 1 1331 1062 2685
2662 2 2 1 1 2915 2917 2918
2663 2 2 1 1 1245 1247 1491
2664 2 2 1 1 2488 2491 2684
2665 2 2 1 1 2586 2585 2587
2666 2 2 1 1 749 714 2630
2667 2 2 1 1 1762 1763 2230
2668 2 2 1 1 799 798 801
2669 2 2 1 1 1836 2614 2615
2670 2 2 1 1 1281 1431 1583
2671 2 2 1 1 2787 2786 2788
2672 2 2 1 1 1007 1006 1008
2673 2 2 1 1 739 738 760
2674 2 2 1 1 1101 1099 1440
2675 2 2 1 1 1117 1239 1240
2676 2 2 1 1 2504 1292 2505
2677 2 2 1 1 1597 3199 3235
2678 2 2 1 1 562 564 2906
2679 2 2 1 1 1716 1709 3135
2680 2 2 1 1 698 696 762
2681 2 2 1 1 2728 3037 3081
2682 2 2 1 1 2006 1086 2007
2683 2 2 1 1 2340 2339 2344
2684 2 2 1 1 961 997 998
2685 2 2 1 1 1845 2580 3318
2686 2 2 1 1 504 597 2772
2687 2 2 1 1 555 3185 3285
2688 2 2 1 1 2005 858 2317
2689 2 2 1 1 986 988 3007
2690 2 2 1 1 1360 1358 1534
2691 2 2 1 1 2998 2929 2999
2692 2 2 1 1 554 553 556
2693 2 2 1 1 1178 1176 1311
2694 2 2 1 1 808 810 811
2695 2 2 1 1 438 433 1334
2696 2 2 1 1 435 627 1791
2697 2 2 1 1 759 2842 3043
2698 2 2 1 1 1029 1031 1224
2699 2 2 1 1 1883 1530 2618
2700 2 2 1 1 422 423 424
2701 2 2 1 1 605 607 608
2702 2 2 1 1 714 676 1069
2703 2 2 1 1 1247 1246 1248
2704 2 2 1 1 2827 2729 2829
2705 2 2 1 1 1616 2001 2002
2706 2 2 1 1 1849 1640 3230
2707 2 2 1 1 1285 1284 1286
2708 2 2 1 1 1710 1708 1711
2709 2 2 1 1 1792 1910 2060
2710 2 2 1 1 180 181 288
2711 2 2 1 1 1689 2909 2910
2712 2 2 1 1 1926 1541 2443
2713 2 2 1 1 2009 2011 2269
2714 2 2 1 1 1795 1794 1972
2715 2 2 1 1 2459 323 2460
2716 2 2 1 1 454 453 636
2717 2 2 1 1 939 2707 2935
2718 2 2 1 1 1495 1196 1496
2719 2 2 1 1 2662 2660 2759
2720 2 2 1 1 375 378 2913
2721 2 2 1 1 1105 391 2876
2722 2 2 1 1 2889 532 2890
2723 2 2 1 1 732 731 751
2724 2 2 1 1 1646 1563 2072
2725 2 2 1 1 1860 2792 3248
2726 2 2 1 1 636 1794 1795
2727 2 2 1 1 946 880 948
2728 2 2 1 1 1629 2046 2047
2729 2 2 1 1 337 338 339
2730 2 2 1 1 910 908 952
2731 2 2 1 1 1050 1283 1284
2732 2 2 1 1 1286 1288 2895
2733 2 2 1 1 437 433 438
2734 2 2 1 1 548 552 2953
2735 2 2 1 1 599 939 2935
2736 2 2 1 1 2935 2936 2970
2737 2 2 1 1 1185 1187 2462
2738 2 2 1 1 2853 1497 3026
2739 2 2 1 1 875 873 876
2740 2 2 1 1 429 428 430
2741 2 2 1 1 1396 1290 1397
2742 2 2 1 1 2587 2585 2590
2743 2 2 1 1 2745 2741 3075
2744 2 2 1 1 734 861 3129
2745 2 2 1 1 993 1593 2956
2746 2 2 1 1 1962 1961 2087
2747 2 2 1 1 2867 2866 2868
2748 2 2 1 1 866 893 2826
2749 2 2 1 1 2896 2737 2905
2750 2 2 1 1 2805 2798 2968
2751 2 2 1 1 1939 1938 1940
2752 2 2 1 1 1326 1198 1328
2753 2 2 1 1 1048 1215 1228
2754 2 2 1 1 906 903 1456
2755 2 2 1 1 1339 1633 1634
2756 2 2 1 1 2049 1898 2050
2757 2 2 1 1 433 432 2520
2758 2 2 1 1 2007 1086 2008
2759 2 2 1 1 2676 2677 2678
2760 2 2 1 1 608 609 610
2761 2 2 1 1 836 838 2816
2762 2 2 1 1 1054 1210 1211
2763 2 2 1 1 1205 1338 1339
2764 2 2 1 1 636 1793 1794
2765 2 2 1 1 821 822 858
2766 2 2 1 1 2681 1093 3069
2767 2 2 1 1 1528 1530 1883
2768 2 2 1 1 2743 2820 2821
2769 2 2 1 1 2741 2742 2743
2770 2 2 1 1 1019 1021 1220
2771 2 2 1 1 3003 1447 3037
2772 2 2 1 1 2009 2008 2011
2773 2 2 1 1 2483 2484 2485
2774 2 2 1 1 608 607 609
2775 2 2 1 1 1695 1697 1874
2776 2 2 1 1 2741 2740 2742
2777 2 2 1 1 1356 1355 1358
2778 2 2 1 1 2739 2740 2741
2779 2 2 1 1 2743 2742 2820
2780 2 2 1 1 610 611 612
2781 2 2 1 1 431 433 437
2782 2 2 1 1 630 2695 2964
2783 2 2 1 1 1410 1234 1411
2784 2 2 1 1 552 1442 2953
2785 2 2 1 1 794 796 797
2786 2 2 1 1 2269 3525 3530
2787 2 2 1 1 974 2585 2586
2788 2 2 1 1 2797 1499 2798
2789 2 2 1 1 641 654 717
2790 2 2 1 1 831 3090 3095
2791 2 2 1 1 1662 1400 1663
2792 2 2 1 1 1139 891 1140
2793 2 2 1 1 452 450 453
2794 2 2 1 1 532 525 2892
2795 2 2 1 1 930 927 931
2796 2 2 1 1 731 672 2704
2797 2 2 1 1 447 444 1073
2798 2 2 1 1 2677 1543 2991
2799 2 2 1 1 507 2810 2815
2800 2 2 1 1 714 1069 2630
2801 2 2 1 1 1184 1292 2641
2802 2 2 1 1 1915 2950 2951
2803 2 2 1 1 797 798 799
2804 2 2 1 1 651 349 2918
2805 2 2 1 1 1013 1014 1015
2806 2 2 1 1 1266 1268 2972
2807 2 2 1 1 1644 1404 2626
2808 2 2 1 1 791 792 793
2809 2 2 1 1 1131 1494 2912
2810 2 2 1 1 1270 1272 2839
2811 2 2 1 1 1307 1308 1500
2812 2 2 1 1 1359 1360 1361
2813 2 2 1 1 2836 1307 2837
2814 2 2 1 1 1428 1426 1429
2815 2 2 1 1 443 442 444
2816 2 2 1 1 1973 1972 2239
2817 2 2 1 1 2750 2730 2832
2818 2 2 1 1 1794 2242 2840
2819 2 2 1 1 2547 862 2548
2820 2 2 1 1 119 120 292
2821 2 2 1 1 1449 2519 2986
2822 2 2 1 1 1987 2061 2062
2823 2 2 1 1 747 746 779
2824 2 2 1 1 990 1307 2836
2825 2 2 1 1 1723 1958 2102
2826 2 2 1 1 1592 987 2993
2827 2 2 1 1 1836 1833 2613
2828 2 2 1 1 612 615 616
2829 2 2 1 1 1312 1313 1537
2830 2 2 1 1 2889 2890 2891
2831 2 2 1 1 431 430 432
2832 2 2 1 1 1686 1689 2930
2833 2 2 1 1 1693 1695 2659
2834 2 2 1 1 789 790 791
2835 2 2 1 1 1112 992 1207
2836 2 2 1 1 2644 1776 2645
2837 2 2 1 1 939 2705 2706
2838 2 2 1 1 942 1044 1046
2839 2 2 1 1 1995 2056 2057
2840 2 2 1 1 641 717 2695
2841 2 2 1 1 3002 958 3041
2842 2 2 1 1 1424 1425 1426
2843 2 2 1 1 1495 1496 1505
2844 2 2 1 1 1537 1538 1754
2845 2 2 1 1 558 1074 2898
2846 2 2 1 1 2122 1976 2270
2847 2 2 1 1 2737 2738 2739
2848 2 2 1 1 2885 2884 2886
2849 2 2 1 1 1762 1479 1763
2850 2 2 1 1 907 912 3358
2851 2 2 1 1 2581 2000 3084
2852 2 2 1 1 1681 1682 3048
2853 2 2 1 1 1025 1027 1221
2854 2 2 1 1 2810 2811 2814
2855 2 2 1 1 1340 1342 1804
2856 2 2 1 1 439 438 440
2857 2 2 1 1 557 556 558
2858 2 2 1 1 1430 1429 1553
2859 2 2 1 1 984 983 1053
2860 2 2 1 1 1321 1796 1797
2861 2 2 1 1 2780 2779 2781
2862 2 2 1 1 2925 883 2926
2863 2 2 1 1 1446 2966 3547
2864 2 2 1 1 783 784 2934
2865 2 2 1 1 1305 1196 1495
2866 2 2 1 1 2851 1497 2852
2867 2 2 1 1 1781 1782 1905
2868 2 2 1 1 2772 597 3000
2869 2 2 1 1 1629 1630 2046
2870 2 2 1 1 1874 1697 1888
2871 2 2 1 1 2932 951 2933
2872 2 2 1 1 1365 1364 1366
2873 2 2 1 1 1063 990 2836
2874 2 2 1 1 1221 1027 2541
2875 2 2 1 1 1797 1796 1798
2876 2 2 1 1 1933 1937 2071
2877 2 2 1 1 504 505 529
2878 2 2 1 1 616 619 629
2879 2 2 1 1 918 917 920
2880 2 2 1 1 965 964 966
2881 2 2 1 1 1954 1649 2097
2882 2 2 1 1 2739 2738 2740
2883 2 2 1 1 2871 2870 2872
2884 2 2 1 1 452 453 454
2885 2 2 1 1 1439 610 2907
2886 2 2 1 1 1158 1156 2756
2887 2 2 1 1 1424 1407 1425
2888 2 2 1 1 692 690 886
2889 2 2 1 1 559 558 560
2890 2 2 1 1 233 234 2377
2891 2 2 1 1 552 550 553
2892 2 2 1 1 778 942 3173
2893 2 2 1 1 892 937 983
2894 2 2 1 1 1426 1425 2941
2895 2 2 1 1 2266 2237 2634
2896 2 2 1 1 2984 613 2985
2897 2 2 1 1 1172 1170 1318
2898 2 2 1 1 2716 2714 2827
2899 2 2 1 1 2915 357 2916
2900 2 2 1 1 846 848 850
2901 2 2 1 1 1150 1148 1151
2902 2 2 1 1 2012 1592 2993
2903 2 2 1 1 504 529 597
2904 2 2 1 1 2883 532 2889
2905 2 2 1 1 1359 1358 1360
2906 2 2 1 1 2406 1842 2408
2907 2 2 1 1 563 562 565
2908 2 2 1 1 937 938 981
2909 2 2 1 1 1170 1168 2698
2910 2 2 1 1 2412 2411 2413
2911 2 2 1 1 561 560 562
2912 2 2 1 1 2885 2886 2887
2913 2 2 1 1 2650 445 2652
2914 2 2 1 1 793 792 794
2915 2 2 1 1 1841 2385 2386
2916 2 2 1 1 797 2925 2949
2917 2 2 1 1 1132 2957 2958
2918 2 2 1 1 1566 1577 1747
2919 2 2 1 1 673 672 731
2920 2 2 1 1 1009 1008 1010
2921 2 2 1 1 1803 1797 1932
2922 2 2 1 1 1054 1053 1210
2923 2 2 1 1 1174 1172 2761
2924 2 2 1 1 1247 1309 2603
2925 2 2 1 1 812 813 814
2926 2 2 1 1 1256 1406 1407
2927 2 2 1 1 1872 1483 2955
2928 2 2 1 1 1718 1717 1934
2929 2 2 1 1 2797 2798 2802
2930 2 2 1 1 230 231 267
2931 2 2 1 1 468 2929 2998
2932 2 2 1 1 1897 1895 1899
2933 2 2 1 1 1929 2068 2069
2934 2 2 1 1 566 565 633
2935 2 2 1 1 1043 1106 1324
2936 2 2 1 1 1480 2919 3042
2937 2 2 1 1 1689 1690 2909
2938 2 2 1 1 844 845 846
2939 2 2 1 1 1572 1331 2685
2940 2 2 1 1 2800 2861 2862
2941 2 2 1 1 1530 1531 1629
2942 2 2 1 1 1573 2857 2858
2943 2 2 1 1 2806 3002 3041
2944 2 2 1 1 1052 1226 2923
2945 2 2 1 1 441 440 442
2946 2 2 1 1 548 550 552
2947 2 2 1 1 1152 1151 1321
2948 2 2 1 1 2726 2754 2755
2949 2 2 1 1 1787 1800 1959
2950 2 2 1 1 2480 2551 2552
2951 2 2 1 1 2695 2696 2789
2952 2 2 1 1 3037 2936 3081
2953 2 2 1 1 1082 3112 3156
2954 2 2 1 1 1387 1386 1388
2955 2 2 1 1 1915 1536 2950
2956 2 2 1 1 2811 2812 2813
2957 2 2 1 1 1353 1354 1355
2958 2 2 1 1 791 790 792
2959 2 2 1 1 646 628 647
2960 2 2 1 1 812 810 813
2961 2 2 1 1 1144 1330 2778
2962 2 2 1 1 1355 1357 2461
2963 2 2 1 1 2745 2899 3205
2964 2 2 1 1 435 434 436
2965 2 2 1 1 552 553 554
2966 2 2 1 1 1015 1016 1017
2967 2 2 1 1 2269 1301 3525
2968 2 2 1 1 137 138 261
2969 2 2 1 1 769 751 891
2970 2 2 1 1 794 797 2949
2971 2 2 1 1 1017 1018 1019
2972 2 2 1 1 1112 1207 2771
2973 2 2 1 1 784 787 2934
2974 2 2 1 1 815 816 1093
2975 2 2 1 1 818 820 821
2976 2 2 1 1 1245 1243 1246
2977 2 2 1 1 523 532 2883
2978 2 2 1 1 2552 1299 3518
2979 2 2 1 1 1795 1972 1973
2980 2 2 1 1 551 3003 3004
2981 2 2 1 1 2734 2736 2737
2982 2 2 1 1 951 791 2834
2983 2 2 1 1 1038 975 1196
2984 2 2 1 1 544 547 548
2985 2 2 1 1 1723 2103 3031
2986 2 2 1 1 502 504 2772
2987 2 2 1 1 1256 1255 1406
2988 2 2 1 1 932 935 936
2989 2 2 1 1 1482 1873 3013
2990 2 2 1 1 981 982 1055
2991 2 2 1 1 1726 2539 2900
2992 2 2 1 1 1838 1839 1840
2993 2 2 1 1 2156 2161 2165
2994 2 2 1 1 2783 1601 2784
2995 2 2 1 1 353 357 2915
2996 2 2 1 1 517 2962 2980
2997 2 2 1 1 572 570 1078
2998 2 2 1 1 2730 2828 2832
2999 2 2 1 1 348 1437 2465
3000 2 2 1 1 989 990 1063
3001 2 2 1 1 446 444 447
3002 2 2 1 1 812 814 815
3003 2 2 1 1 913 910 2817
3004 2 2 1 1 599 601 939
3005 2 2 1 1 712 728 750
3006 2 2 1 1 597 529 737
3007 2 2 1 1 2789 2696 2790
3008 2 2 1 1 554 556 557
3009 2 2 1 1 1873 1991 2287
3010 2 2 1 1 2485 2484 2494
3011 2 2 1 1 2737 2736 2738
3012 2 2 1 1 630 641 2695
3013 2 2 1 1 661 663 2623
3014 2 2 1 1 815 1094 2793
3015 2 2 1 1 921 922 923
3016 2 2 1 1 1268 1270 1567
3017 2 2 1 1 789 788 790
3018 2 2 1 1 460 458 626
3019 2 2 1 1 2229 1747 2240
3020 2 2 1 1 2230 1763 2233
3021 2 2 1 1 466 464 625
3022 2 2 1 1 549 547 3006
3023 2 2 1 1 584 582 639
3024 2 2 1 1 751 731 2703
3025 2 2 1 1 821 2005 3069
3026 2 2 1 1 958 959 971
3027 2 2 1 1 1941 1940 1942
3028 2 2 1 1 2733 2734 2896
3029 2 2 1 1 789 951 2932
3030 2 2 1 1 1693 2659 2909
3031 2 2 1 1 1168 1166 1319
3032 2 2 1 1 1192 1193 1194
3033 2 2 1 1 1366 1632 3029
3034 2 2 1 1 1505 1496 2017
3035 2 2 1 1 1574 2681 3038
3036 2 2 1 1 739 760 761
3037 2 2 1 1 1565 1891 2914
3038 2 2 1 1 2709 2706 3023
3039 2 2 1 1 435 436 627
3040 2 2 1 1 787 788 789
3041 2 2 1 1 580 578 1077
3042 2 2 1 1 1407 1406 3060
3043 2 2 1 1 1685 1686 2930
3044 2 2 1 1 389 1105 2865
3045 2 2 1 1 1222 2927 2946
3046 2 2 1 1 1194 1235 1236
3047 2 2 1 1 2603 1309 2604
3048 2 2 1 1 1444 530 2928
3049 2 2 1 1 967 966 968
3050 2 2 1 1 1334 2521 3510
3051 2 2 1 1 1544 2671 2673
3052 2 2 1 1 1616 1615 2001
3053 2 2 1 1 544 548 2953
3054 2 2 1 1 2236 1455 2237
3055 2 2 1 1 1540 1917 1919
3056 2 2 1 1 2822 2821 2823
3057 2 2 1 1 939 601 2705
3058 2 2 1 1 1065 1066 1499
3059 2 2 1 1 1657 1397 1658
3060 2 2 1 1 432 434 435
3061 2 2 1 1 1204 1512 3008
3062 2 2 1 1 1443 1298 1539
3063 2 2 1 1 1321 1797 1803
3064 2 2 1 1 1417 1419 2646
3065 2 2 1 1 1873 1872 1991
3066 2 2 1 1 2007 2009 2010
3067 2 2 1 1 360 361 362
3068 2 2 1 1 985 896 986
3069 2 2 1 1 2414 2413 2416
3070 2 2 1 1 452 455 2911
3071 2 2 1 1 542 543 544
3072 2 2 1 1 548 549 550
3073 2 2 1 1 1995 1921 2056
3074 2 2 1 1 1925 2226 2227
3075 2 2 1 1 3057 1988 3113
3076 2 2 1 1 797 796 798
3077 2 2 1 1 1148 1112 2771
3078 2 2 1 1 1447 538 2970
3079 2 2 1 1 1447 2936 3037
3080 2 2 1 1 1689 2910 2930
3081 2 2 1 1 2858 2857 2859
3082 2 2 1 1 539 542 881
3083 2 2 1 1 393 395 400
3084 2 2 1 1 629 619 2964
3085 2 2 1 1 709 708 738
3086 2 2 1 1 521 523 2883
3087 2 2 1 1 1095 1093 2681
3088 2 2 1 1 1690 1693 2909
3089 2 2 1 1 597 737 955
3090 2 2 1 1 2006 2007 2818
3091 2 2 1 1 451 450 452
3092 2 2 1 1 624 470 2998
3093 2 2 1 1 780 779 2774
3094 2 2 1 1 1150 1151 1152
3095 2 2 1 1 1769 1524 2692
3096 2 2 1 1 507 509 2810
3097 2 2 1 1 1288 1396 2895
3098 2 2 1 1 778 941 942
3099 2 2 1 1 1646 2072 2074
3100 2 2 1 1 2766 2767 2768
3101 2 2 1 1 358 359 360
3102 2 2 1 1 3221 954 3245
3103 2 2 1 1 1984 1750 2241
3104 2 2 1 1 1970 1878 2231
3105 2 2 1 1 1540 1539 1917
3106 2 2 1 1 1726 2538 2539
3107 2 2 1 1 2231 2232 2293
3108 2 2 1 1 2856 2853 3026
3109 2 2 1 1 922 920 3132
3110 2 2 1 1 1119 3014 3015
3111 2 2 1 1 1320 2764 2765
3112 2 2 1 1 881 542 2776
3113 2 2 1 1 1156 1154 1323
3114 2 2 1 1 1185 2462 2973
3115 2 2 1 1 2710 2709 2726
3116 2 2 1 1 262 2334 2335
3117 2 2 1 1 519 1083 2962
3118 2 2 1 1 1160 1158 1322
3119 2 2 1 1 988 1263 3007
3120 2 2 1 1 1321 1151 1796
3121 2 2 1 1 2397 2057 2398
3122 2 2 1 1 60 61 249
3123 2 2 1 1 534 533 535
3124 2 2 1 1 536 535 540
3125 2 2 1 1 1320 2765 2766
3126 2 2 1 1 799 883 2925
3127 2 2 1 1 2834 793 3118
3128 2 2 1 1 851 853 1812
3129 2 2 1 1 2748 2751 2752
3130 2 2 1 1 509 511 1595
3131 2 2 1 1 1078 2845 2846
3132 2 2 1 1 426 423 2977
3133 2 2 1 1 576 574 640
3134 2 2 1 1 2001 2004 2356
3135 2 2 1 1 345 347 348
3136 2 2 1 1 568 566 2850
3137 2 2 1 1 1164 1162 1320
3138 2 2 1 1 1906 1820 1907
3139 2 2 1 1 2802 2798 2804
3140 2 2 1 1 971 959 972
3141 2 2 1 1 1096 1095 1209
3142 2 2 1 1 1349 1774 2435
3143 2 2 1 1 2483 1998 2484
3144 2 2 1 1 2729 2712 2831
3145 2 2 1 1 177 178 248
3146 2 2 1 1 1132 407 2957
3147 2 2 1 1 449 447 450
3148 2 2 1 1 1090 1497 2851
3149 2 2 1 1 1824 1825 1935
3150 2 2 1 1 1548 1244 1826
3151 2 2 1 1 1535 1368 3029
3152 2 2 1 1 1384 1382 2974
3153 2 2 1 1 1585 962 3033
3154 2 2 1 1 823 820 2986
3155 2 2 1 1 1011 1010 1012
3156 2 2 1 1 1019 1020 1021
3157 2 2 1 1 462 460 3018
3158 2 2 1 1 557 558 559
3159 2 2 1 1 969 968 970
3160 2 2 1 1 2766 2765 2767
3161 2 2 1 1 1985 1782 2515
3162 2 2 1 1 2714 2712 2729
3163 2 2 1 1 821 858 2005
3164 2 2 1 1 999 1001 1002
3165 2 2 1 1 994 993 2956
3166 2 2 1 1 1262 2994 3011
3167 2 2 1 1 597 955 3000
3168 2 2 1 1 787 789 2932
3169 2 2 1 1 2935 2707 2936
3170 2 2 1 1 769 891 1139
3171 2 2 1 1 1064 935 2501
3172 2 2 1 1 1013 1012 1014
3173 2 2 1 1 1494 2778 2779
3174 2 2 1 1 2791 2790 2792
3175 2 2 1 1 566 633 2850
3176 2 2 1 1 1895 1503 2583
3177 2 2 1 1 2811 1595 2812
3178 2 2 1 1 2504 2505 2506
3179 2 2 1 1 2828 2827 2829
3180 2 2 1 1 403 402 404
3181 2 2 1 1 504 503 505
3182 2 2 1 1 1240 1241 1242
3183 2 2 1 1 990 780 1084
3184 2 2 1 1 1021 1022 1023
3185 2 2 1 1 1124 1443 2844
3186 2 2 1 1 3008 1852 3009
3187 2 2 1 1 1263 994 1264
3188 2 2 1 1 643 629 644
3189 2 2 1 1 956 957 958
3190 2 2 1 1 990 1084 1307
3191 2 2 1 1 1324 1325 2894
3192 2 2 1 1 2647 1856 2648
3193 2 2 1 1 1494 2779 2780
3194 2 2 1 1 366 367 369
3195 2 2 1 1 2852 2853 2854
3196 2 2 1 1 405 404 409
3197 2 2 1 1 562 560 564
3198 2 2 1 1 1272 1568 2839
3199 2 2 1 1 3207 3009 3226
3200 2 2 1 1 1086 594 2897
3201 2 2 1 1 1821 733 3025
3202 2 2 1 1 816 818 3069
3203 2 2 1 1 2393 2394 2395
3204 2 2 1 1 2684 2491 3117
3205 2 2 1 1 2733 2732 2734
3206 2 2 1 1 559 560 561
3207 2 2 1 1 1131 1144 1494
3208 2 2 1 1 2742 2747 2748
3209 2 2 1 1 502 503 504
3210 2 2 1 1 539 541 542
3211 2 2 1 1 1362 1361 1363
3212 2 2 1 1 1129 1131 2912
3213 2 2 1 1 1933 1549 1937
3214 2 2 1 1 3606 2496 3631
3215 2 2 1 1 2554 2556 2557
3216 2 2 1 1 871 704 2591
3217 2 2 1 1 1272 1274 1568
3218 2 2 1 1 2726 2753 2754
3219 2 2 1 1 1259 1257 3013
3220 2 2 1 1 408 411 882
3221 2 2 1 1 460 626 3018
3222 2 2 1 1 455 454 456
3223 2 2 1 1 820 819 2986
3224 2 2 1 1 1356 1358 1359
3225 2 2 1 1 928 962 1585
3226 2 2 1 1 362 363 364
3227 2 2 1 1 561 562 563
3228 2 2 1 1 2495 1018 3288
3229 2 2 1 1 1528 1529 1530
3230 2 2 1 1 1853 1417 2646
3231 2 2 1 1 1419 1421 1856
3232 2 2 1 1 1065 972 1066
3233 2 2 1 1 2017 1496 2018
3234 2 2 1 1 437 438 439
3235 2 2 1 1 765 764 766
3236 2 2 1 1 1314 1065 2794
3237 2 2 1 1 2564 2566 2567
3238 2 2 1 1 557 718 3024
3239 2 2 1 1 1330 1575 1601
3240 2 2 1 1 2708 2709 2710
3241 2 2 1 1 2902 2903 2904
3242 2 2 1 1 1917 1918 2058
3243 2 2 1 1 986 987 988
3244 2 2 1 1 364 365 366
3245 2 2 1 1 793 794 2949
3246 2 2 1 1 1906 1907 1978
3247 2 2 1 1 2821 2820 2978
3248 2 2 1 1 1574 1095 2681
3249 2 2 1 1 2844 1443 3070
3250 2 2 1 1 2019 2002 2422
3251 2 2 1 1 1162 1160 2764
3252 2 2 1 1 1735 1736 1737
3253 2 2 1 1 2794 2797 2861
3254 2 2 1 1 2800 2795 2861
3255 2 2 1 1 351 353 2915
3256 2 2 1 1 523 525 532
3257 2 2 1 1 563 565 566
3258 2 2 1 1 622 2644 3273
3259 2 2 1 1 1325 1823 1824
3260 2 2 1 1 2072 2073 2079
3261 2 2 1 1 971 972 1065
3262 2 2 1 1 1385 1384 1386
3263 2 2 1 1 2841 2772 3121
3264 2 2 1 1 2869 2870 2871
3265 2 2 1 1 389 391 1105
3266 2 2 1 1 570 568 2845
3267 2 2 1 1 1124 1298 1443
3268 2 2 1 1 1876 1878 1970
3269 2 2 1 1 2753 2709 3023
3270 2 2 1 1 439 440 441
3271 2 2 1 1 446 447 449
3272 2 2 1 1 468 466 2929
3273 2 2 1 1 619 630 2964
3274 2 2 1 1 2714 2729 2827
3275 2 2 1 1 441 442 443
3276 2 2 1 1 1443 1539 1540
3277 2 2 1 1 554 557 3024
3278 2 2 1 1 551 3004 3005
3279 2 2 1 1 1613 1864 2770
3280 2 2 1 1 2465 1992 2466
3281 2 2 1 1 2708 2706 2709
3282 2 2 1 1 636 453 1793
3283 2 2 1 1 457 456 458
3284 2 2 1 1 753 2867 2869
3285 2 2 1 1 958 957 959
3286 2 2 1 1 1071 1573 2860
3287 2 2 1 1 2718 2716 2730
3288 2 2 1 1 1404 1229 2626
3289 2 2 1 1 1254 1255 1256
3290 2 2 1 1 1526 1527 1528
3291 2 2 1 1 1682 1685 3048
3292 2 2 1 1 1997 1973 1998
3293 2 2 1 1 2559 2561 2562
3294 2 2 1 1 1090 1092 1497
3295 2 2 1 1 1876 1492 1878
3296 2 2 1 1 358 356 359
3297 2 2 1 1 707 706 708
3298 2 2 1 1 1264 1266 2959
3299 2 2 1 1 2072 1563 2073
3300 2 2 1 1 2300 255 2301
3301 2 2 1 1 547 551 3006
3302 2 2 1 1 1500 1503 1890
3303 2 2 1 1 1765 2251 2262
3304 2 2 1 1 2880 2359 2881
3305 2 2 1 1 705 704 706
3306 2 2 1 1 1914 1915 2059
3307 2 2 1 1 360 359 361
3308 2 2 1 1 1451 1490 2015
3309 2 2 1 1 1873 2287 2288
3310 2 2 1 1 799 802 883
3311 2 2 1 1 1171 1170 1172
3312 2 2 1 1 2569 2571 2574
3313 2 2 1 1 401 403 2966
3314 2 2 1 1 653 652 672
3315 2 2 1 1 897 869 975
3316 2 2 1 1 1015 1014 1016
3317 2 2 1 1 2877 400 2878
3318 2 2 1 1 530 534 2928
3319 2 2 1 1 1100 1099 1101
3320 2 2 1 1 355 356 358
3321 2 2 1 1 401 398 402
3322 2 2 1 1 314 2379 2380
3323 2 2 1 1 369 370 371
3324 2 2 1 1 511 512 513
3325 2 2 1 1 645 644 652
3326 2 2 1 1 986 896 987
3327 2 2 1 1 1537 1313 1538
3328 2 2 1 1 2731 2732 2733
3329 2 2 1 1 177 248 3164
3330 2 2 1 1 864 768 865
3331 2 2 1 1 1604 2682 2683
3332 2 2 1 1 633 565 1454
3333 2 2 1 1 1164 1320 2769
3334 2 2 1 1 2869 2867 2870
3335 2 2 1 1 349 351 2918
3336 2 2 1 1 537 538 539
3337 2 2 1 1 1179 1178 1180
3338 2 2 1 1 1764 2291 2955
3339 2 2 1 1 2789 2790 2791
3340 2 2 1 1 373 375 2913
3341 2 2 1 1 955 737 956
3342 2 2 1 1 1323 1154 2843
3343 2 2 1 1 1803 1932 1936
3344 2 2 1 1 366 365 367
3345 2 2 1 1 882 411 2497
3346 2 2 1 1 1727 1729 1730
3347 2 2 1 1 1920 1919 1921
3348 2 2 1 1 637 2006 2983
3349 2 2 1 1 1098 1097 1099
3350 2 2 1 1 1198 1184 2641
3351 2 2 1 1 1851 2110 2111
3352 2 2 1 1 2231 1878 2232
3353 2 2 1 1 2781 2779 2782
3354 2 2 1 1 509 510 511
3355 2 2 1 1 1071 1088 1573
3356 2 2 1 1 1310 1533 1623
3357 2 2 1 1 1376 1374 1543
3358 2 2 1 1 1997 2482 3067
3359 2 2 1 1 787 2932 2934
3360 2 2 1 1 1073 2651 3017
3361 2 2 1 1 1154 1152 2843
3362 2 2 1 1 2902 531 2903
3363 2 2 1 1 553 555 2954
3364 2 2 1 1 605 606 607
3365 2 2 1 1 1322 1158 2756
3366 2 2 1 1 1415 1417 1853
3367 2 2 1 1 2707 2706 2708
3368 2 2 1 1 371 372 373
3369 2 2 1 1 2921 1607 2922
3370 2 2 1 1 551 543 3003
3371 2 2 1 1 1173 1172 1174
3372 2 2 1 1 895 868 896
3373 2 2 1 1 2750 2832 3424
3374 2 2 1 1 797 799 2925
3375 2 2 1 1 1856 1421 2649
3376 2 2 1 1 608 610 1439
3377 2 2 1 1 1254 1256 2938
3378 2 2 1 1 1994 1921 1995
3379 2 2 1 1 2915 2916 2917
3380 2 2 1 1 540 599 2935
3381 2 2 1 1 1088 1090 2851
3382 2 2 1 1 1175 1174 1176
3383 2 2 1 1 1177 1176 1178
3384 2 2 1 1 1773 1536 1914
3385 2 2 1 1 579 578 580
3386 2 2 1 1 867 866 868
3387 2 2 1 1 1563 1255 3087
3388 2 2 1 1 1365 1366 1367
3389 2 2 1 1 1543 1374 2991
3390 2 2 1 1 991 970 992
3391 2 2 1 1 1430 1553 1751
3392 2 2 1 1 1470 1472 1473
3393 2 2 1 1 1601 1575 2785
3394 2 2 1 1 789 791 951
3395 2 2 1 1 1320 1162 2764
3396 2 2 1 1 2700 1441 3109
3397 2 2 1 1 534 536 537
3398 2 2 1 1 637 1086 2006
3399 2 2 1 1 1533 1745 2833
3400 2 2 1 1 1768 2292 2657
3401 2 2 1 1 1254 1211 1255
3402 2 2 1 1 1476 2887 3321
3403 2 2 1 1 1536 1300 2950
3404 2 2 1 1 1345 1647 1648
3405 2 2 1 1 2015 3114 3184
3406 2 2 1 1 2482 2483 3157
3407 2 2 1 1 1025 1026 1027
3408 2 2 1 1 1506 1200 3002
3409 2 2 1 1 2679 1983 2680
3410 2 2 1 1 364 363 365
3411 2 2 1 1 1596 2625 3064
3412 2 2 1 1 1900 1237 3190
3413 2 2 1 1 1309 1248 1310
3414 2 2 1 1 888 964 965
3415 2 2 1 1 1181 1180 1182
3416 2 2 1 1 2743 2821 2822
3417 2 2 1 1 464 462 3108
3418 2 2 1 1 1618 1302 1820
3419 2 2 1 1 2517 1969 2921
3420 2 2 1 1 2739 2741 2745
3421 2 2 1 1 519 521 1083
3422 2 2 1 1 424 423 426
3423 2 2 1 1 2852 1497 2853
3424 2 2 1 1 353 355 357
3425 2 2 1 1 864 865 866
3426 2 2 1 1 949 3132 3149
3427 2 2 1 1 585 584 586
3428 2 2 1 1 955 956 1200
3429 2 2 1 1 2337 2335 2338
3430 2 2 1 1 387 389 2865
3431 2 2 1 1 603 604 605
3432 2 2 1 1 1370 1535 3079
3433 2 2 1 1 1569 1967 1968
3434 2 2 1 1 2846 2845 2849
3435 2 2 1 1 638 637 2983
3436 2 2 1 1 1278 3036 3054
3437 2 2 1 1 348 347 349
3438 2 2 1 1 1642 1928 1929
3439 2 2 1 1 577 576 578
3440 2 2 1 1 1017 1016 1018
3441 2 2 1 1 443 444 446
3442 2 2 1 1 1406 1255 1563
3443 2 2 1 1 492 491 493
3444 2 2 1 1 815 814 816
3445 2 2 1 1 490 2844 2989
3446 2 2 1 1 1124 1202 1298
3447 2 2 1 1 1632 2656 3029
3448 2 2 1 1 1833 1834 1835
3449 2 2 1 1 2799 2795 2800
3450 2 2 1 1 362 361 363
3451 2 2 1 1 530 528 533
3452 2 2 1 1 581 580 582
3453 2 2 1 1 583 582 584
3454 2 2 1 1 1494 1144 2778
3455 2 2 1 1 1550 1938 1939
3456 2 2 1 1 2635 2634 2636
3457 2 2 1 1 1995 2397 2924
3458 2 2 1 1 1169 1168 1170
3459 2 2 1 1 2711 2710 2712
3460 2 2 1 1 348 349 651
3461 2 2 1 1 1078 570 2845
3462 2 2 1 1 1111 992 1112
3463 2 2 1 1 1917 1539 1918
3464 2 2 1 1 26 327 2592
3465 2 2 1 1 502 2772 2841
3466 2 2 1 1 592 590 632
3467 2 2 1 1 1123 493 2979
3468 2 2 1 1 571 570 572
3469 2 2 1 1 956 737 957
3470 2 2 1 1 971 1065 1314
3471 2 2 1 1 988 987 993
3472 2 2 1 1 1201 1200 1300
3473 2 2 1 1 1263 1264 1492
3474 2 2 1 1 569 568 570
3475 2 2 1 1 984 1053 1054
3476 2 2 1 1 2734 2735 2736
3477 2 2 1 1 2854 2853 2855
3478 2 2 1 1 1080 1257 1259
3479 2 2 1 1 1914 1536 1915
3480 2 2 1 1 2075 2995 3060
3481 2 2 1 1 534 535 536
3482 2 2 1 1 866 865 893
3483 2 2 1 1 2599 2601 2602
3484 2 2 1 1 1501 1502 1556
3485 2 2 1 1 540 2935 2970
3486 2 2 1 1 378 1813 2913
3487 2 2 1 1 640 574 2908
3488 2 2 1 1 673 731 732
3489 2 2 1 1 863 768 864
3490 2 2 1 1 375 376 377
3491 2 2 1 1 573 572 574
3492 2 2 1 1 1027 1028 1029
3493 2 2 1 1 1276 1408 1749
3494 2 2 1 1 1326 1328 1566
3495 2 2 1 1 1611 1613 1614
3496 2 2 1 1 2281 300 2282
3497 2 2 1 1 408 410 411
3498 2 2 1 1 567 566 568
3499 2 2 1 1 2046 1630 2048
3500 2 2 1 1 513 515 531
3501 2 2 1 1 2983 2006 3032
3502 2 2 1 1 1066 1068 2968
3503 2 2 1 1 1110 1811 2971
3504 2 2 1 1 1167 1166 1168
3505 2 2 1 1 1994 1995 2924
3506 2 2 1 1 2799 2800 2803
3507 2 2 1 1 1449 1451 2519
3508 2 2 1 1 575 574 576
3509 2 2 1 1 966 2700 2981
3510 2 2 1 1 985 986 1279
3511 2 2 1 1 1233 1059 1234
3512 2 2 1 1 1913 1788 2430
3513 2 2 1 1 2951 2950 2952
3514 2 2 1 1 415 419 422
3515 2 2 1 1 1268 1567 2972
3516 2 2 1 1 1314 2794 2795
3517 2 2 1 1 1596 2624 2625
3518 2 2 1 1 1670 1637 1671
3519 2 2 1 1 1334 433 2520
3520 2 2 1 1 939 2706 2707
3521 2 2 1 1 1147 1112 1148
3522 2 2 1 1 1435 1300 1536
3523 2 2 1 1 1635 1338 2474
3524 2 2 1 1 410 1132 3050
3525 2 2 1 1 594 592 2897
3526 2 2 1 1 1974 1752 1975
3527 2 2 1 1 2885 2887 2888
3528 2 2 1 1 637 594 1086
3529 2 2 1 1 647 658 659
3530 2 2 1 1 867 868 895
3531 2 2 1 1 1499 1066 2968
3532 2 2 1 1 1264 1265 1266
3533 2 2 1 1 373 374 375
3534 2 2 1 1 617 1142 2985
3535 2 2 1 1 2705 2763 3023
3536 2 2 1 1 1157 1156 1158
3537 2 2 1 1 1737 1738 1886
3538 2 2 1 1 1163 1162 1164
3539 2 2 1 1 1318 1170 2698
3540 2 2 1 1 1298 1202 1504
3541 2 2 1 1 1483 1485 2955
3542 2 2 1 1 2006 2818 3032
3543 2 2 1 1 2884 2883 2889
3544 2 2 1 1 449 450 451
3545 2 2 1 1 988 993 994
3546 2 2 1 1 2996 1623 2997
3547 2 2 1 1 1943 1942 1944
3548 2 2 1 1 385 387 753
3549 2 2 1 1 452 454 455
3550 2 2 1 1 1165 1164 1166
3551 2 2 1 1 358 360 1075
3552 2 2 1 1 960 933 1039
3553 2 2 1 1 2154 2155 2156
3554 2 2 1 1 2551 2553 2554
3555 2 2 1 1 1266 1267 1268
3556 2 2 1 1 1268 1269 1270
3557 2 2 1 1 644 1445 2965
3558 2 2 1 1 2950 1506 2952
3559 2 2 1 1 537 536 538
3560 2 2 1 1 1149 1148 1150
3561 2 2 1 1 937 857 938
3562 2 2 1 1 1159 1158 1160
3563 2 2 1 1 1524 1525 1526
3564 2 2 1 1 1161 1160 1162
3565 2 2 1 1 1242 1241 1243
3566 2 2 1 1 1533 1744 1745
3567 2 2 1 1 816 817 818
3568 2 2 1 1 2713 2712 2714
3569 2 2 1 1 403 405 406
3570 2 2 1 1 1264 994 1265
3571 2 2 1 1 842 843 844
3572 2 2 1 1 1155 1154 1156
3573 2 2 1 1 1300 1200 1506
3574 2 2 1 1 1153 1152 1154
3575 2 2 1 1 2003 2002 2019
3576 2 2 1 1 406 407 408
3577 2 2 1 1 1445 629 2964
3578 2 2 1 1 1288 1289 1290
3579 2 2 1 1 1646 2074 2075
3580 2 2 1 1 1300 1506 2950
3581 2 2 1 1 89 279 2642
3582 2 2 1 1 403 404 405
3583 2 2 1 1 821 820 822
3584 2 2 1 1 1851 2111 3122
3585 2 2 1 1 644 629 1445
3586 2 2 1 1 1312 1040 1313
3587 2 2 1 1 1873 2288 3013
3588 2 2 1 1 1690 1692 1693
3589 2 2 1 1 2023 2022 2512
3590 2 2 1 1 2715 2714 2716
3591 2 2 1 1 2045 1754 2273
3592 2 2 1 1 422 419 423
3593 2 2 1 1 1316 1638 1642
3594 2 2 1 1 1875 1831 1881
3595 2 2 1 1 558 556 1074
3596 2 2 1 1 1464 1468 1469
3597 2 2 1 1 1629 1531 1630
3598 2 2 1 1 511 510 512
3599 2 2 1 1 955 1201 3000
3600 2 2 1 1 2812 2902 3227
3601 2 2 1 1 327 27 3115
3602 2 2 1 1 1124 1123 1202
3603 2 2 1 1 1614 1613 1615
3604 2 2 1 1 3007 1810 3136
3605 2 2 1 1 703 702 704
3606 2 2 1 1 1778 1832 1833
3607 2 2 1 1 2744 3118 3355
3608 2 2 1 1 552 554 1442
3609 2 2 1 1 527 526 528
3610 2 2 1 1 1023 1024 1025
3611 2 2 1 1 1852 2643 3226
3612 2 2 1 1 2480 2550 2551
3613 2 2 1 1 601 602 603
3614 2 2 1 1 1080 1081 1257
3615 2 2 1 1 1279 986 3007
3616 2 2 1 1 1713 1717 1718
3617 2 2 1 1 375 377 378
3618 2 2 1 1 397 398 401
3619 2 2 1 1 893 1079 1080
3620 2 2 1 1 916 915 917
3621 2 2 1 1 1019 1018 1020
3622 2 2 1 1 1201 1300 1435
3623 2 2 1 1 1835 1837 1838
3624 2 2 1 1 351 352 353
3625 2 2 1 1 369 367 370
3626 2 2 1 1 1397 1290 2775
3627 2 2 1 1 2239 1972 2324
3628 2 2 1 1 490 492 2844
3629 2 2 1 1 1383 1382 1384
3630 2 2 1 1 1840 1839 1842
3631 2 2 1 1 988 994 1263
3632 2 2 1 1 2554 2555 2556
3633 2 2 1 1 492 1124 2844
3634 2 2 1 1 759 736 2842
3635 2 2 1 1 1454 2824 3341
3636 2 2 1 1 2001 1615 2004
3637 2 2 1 1 1773 1914 1916
3638 2 2 1 1 414 420 3051
3639 2 2 1 1 2088 2087 2089
3640 2 2 1 1 891 751 2703
3641 2 2 1 1 895 896 985
3642 2 2 1 1 965 966 967
3643 2 2 1 1 3052 2625 3053
3644 2 2 1 1 574 572 2908
3645 2 2 1 1 613 617 2985
3646 2 2 1 1 826 828 829
3647 2 2 1 1 493 495 2979
3648 2 2 1 1 397 401 1446
3649 2 2 1 1 1508 1237 1900
3650 2 2 1 1 2482 1998 2483
3651 2 2 1 1 2708 2710 2711
3652 2 2 1 1 1470 1473 3031
3653 2 2 1 1 2540 1730 2609
3654 2 2 1 1 401 402 403
3655 2 2 1 1 1595 511 2901
3656 2 2 1 1 956 958 3002
3657 2 2 1 1 1877 1876 2629
3658 2 2 1 1 2013 3112 3206
3659 2 2 1 1 2721 2724 3010
3660 2 2 1 1 2822 2823 2824
3661 2 2 1 1 2011 2479 2480
3662 2 2 1 1 459 458 460
3663 2 2 1 1 1792 2060 2498
3664 2 2 1 1 647 628 658
3665 2 2 1 1 862 738 2575
3666 2 2 1 1 1768 1579 1805
3667 2 2 1 1 2556 2558 2559
3668 2 2 1 1 353 354 355
3669 2 2 1 1 527 530 1444
3670 2 2 1 1 709 738 739
3671 2 2 1 1 1800 1785 3085
3672 2 2 1 1 451 452 2911
3673 2 2 1 1 472 470 624
3674 2 2 1 1 752 751 769
3675 2 2 1 1 397 396 398
3676 2 2 1 1 1995 2057 2397
3677 2 2 1 1 1435 1536 1773
3678 2 2 1 1 1657 1658 1659
3679 2 2 1 1 893 865 1079
3680 2 2 1 1 1288 1290 1396
3681 2 2 1 1 1482 1872 1873
3682 2 2 1 1 414 412 420
3683 2 2 1 1 818 817 819
3684 2 2 1 1 2295 1944 2296
3685 2 2 1 1 2809 1994 2924
3686 2 2 1 1 1050 944 1283
3687 2 2 1 1 897 975 1038
3688 2 2 1 1 1307 1084 1308
3689 2 2 1 1 1101 2040 2041
3690 2 2 1 1 1776 1518 2688
3691 2 2 1 1 2742 2740 2747
3692 2 2 1 1 726 733 734
3693 2 2 1 1 967 968 969
3694 2 2 1 1 1794 1793 2242
3695 2 2 1 1 1939 1940 1941
3696 2 2 1 1 2557 3513 3514
3697 2 2 1 1 428 426 1806
3698 2 2 1 1 470 468 2998
3699 2 2 1 1 918 920 921
3700 2 2 1 1 1516 1517 1518
3701 2 2 1 1 2731 2725 2732
3702 2 2 1 1 207 208 278
3703 2 2 1 1 455 456 457
3704 2 2 1 1 432 430 434
3705 2 2 1 1 899 2973 3214
3706 2 2 1 1 701 700 702
3707 2 2 1 1 1614 1615 1616
3708 2 2 1 1 1795 1973 1997
3709 2 2 1 1 659 661 1596
3710 2 2 1 1 112 113 266
3711 2 2 1 1 1623 1533 2833
3712 2 2 1 1 846 851 2627
3713 2 2 1 1 3112 2013 3156
3714 2 2 1 1 2905 3205 3266
3715 2 2 1 1 733 724 3025
3716 2 2 1 1 1813 1982 2961
3717 2 2 1 1 411 412 413
3718 2 2 1 1 699 698 700
3719 2 2 1 1 1353 1355 1356
3720 2 2 1 1 1530 1529 1531
3721 2 2 1 1 980 1115 1789
3722 2 2 1 1 757 777 778
3723 2 2 1 1 1268 1267 1269
3724 2 2 1 1 643 644 645
3725 2 2 1 1 1066 1067 1068
3726 2 2 1 1 3104 2519 3184
3727 2 2 1 1 588 586 1113
3728 2 2 1 1 1843 1640 1849
3729 2 2 1 1 2724 2725 2731
3730 2 2 1 1 955 1200 1201
3731 2 2 1 1 1021 1020 1022
3732 2 2 1 1 2718 2730 2750
3733 2 2 1 1 455 457 3111
3734 2 2 1 1 490 491 492
3735 2 2 1 1 553 550 555
3736 2 2 1 1 1540 1919 1920
3737 2 2 1 1 530 533 534
3738 2 2 1 1 544 543 547
3739 2 2 1 1 2546 2545 3596
3740 2 2 1 1 2795 2794 2861
3741 2 2 1 1 2911 455 3111
3742 2 2 1 1 507 508 509
3743 2 2 1 1 551 3005 3006
3744 2 2 1 1 616 629 643
3745 2 2 1 1 645 652 653
3746 2 2 1 1 1094 1093 1095
3747 2 2 1 1 1305 1495 1624
3748 2 2 1 1 627 628 646
3749 2 2 1 1 1029 1030 1031
3750 2 2 1 1 1080 1079 1081
3751 2 2 1 1 2561 2563 2564
3752 2 2 1 1 2566 2568 2569
3753 2 2 1 1 3036 1809 3054
3754 2 2 1 1 816 814 817
3755 2 2 1 1 969 970 991
3756 2 2 1 1 2457 2316 3159
3757 2 2 1 1 672 652 730
3758 2 2 1 1 1764 1845 1993
3759 2 2 1 1 410 407 1132
3760 2 2 1 1 1389 1390 1391
3761 2 2 1 1 1473 1472 1474
3762 2 2 1 1 732 751 752
3763 2 2 1 1 787 786 788
3764 2 2 1 1 892 983 984
3765 2 2 1 1 2471 2012 2686
3766 2 2 1 1 459 461 3134
3767 2 2 1 1 542 541 543
3768 2 2 1 1 1920 1921 1994
3769 2 2 1 1 541 1447 3003
3770 2 2 1 1 755 681 1097
3771 2 2 1 1 2533 2535 2536
3772 2 2 1 1 513 512 514
3773 2 2 1 1 565 562 2906
3774 2 2 1 1 560 558 2898
3775 2 2 1 1 1054 1211 1253
3776 2 2 1 1 2810 2814 2815
3777 2 2 1 1 1446 401 2966
3778 2 2 1 1 614 606 3099
3779 2 2 1 1 396 394 621
3780 2 2 1 1 864 866 867
3781 2 2 1 1 1850 1677 1851
3782 2 2 1 1 1907 1820 2920
3783 2 2 1 1 2823 2821 3366
3784 2 2 1 1 1616 2002 2003
3785 2 2 1 1 2720 2721 3010
3786 2 2 1 1 606 604 3099
3787 2 2 1 1 653 672 673
3788 2 2 1 1 1518 1519 1520
3789 2 2 1 1 2639 2638 2640
3790 2 2 1 1 548 547 549
3791 2 2 1 1 1144 1145 1330
3792 2 2 1 1 1686 1688 1689
3793 2 2 1 1 1698 1701 2975
3794 2 2 1 1 371 373 1076
3795 2 2 1 1 492 1123 1124
3796 2 2 1 1 539 538 541
3797 2 2 1 1 2685 1062 3123
3798 2 2 1 1 9 10 2937
3799 2 2 1 1 540 598 599
3800 2 2 1 1 1522 1523 1524
3801 2 2 1 1 2686 2012 2826
3802 2 2 1 1 652 644 2965
3803 2 2 1 1 2726 2709 2753
3804 2 2 1 1 1469 1468 1470
3805 2 2 1 1 734 733 861
3806 2 2 1 1 768 759 3043
3807 2 2 1 1 1573 2858 2860
3808 2 2 1 1 541 538 1447
3809 2 2 1 1 726 724 733
3810 2 2 1 1 1320 2766 2769
3811 2 2 1 1 2738 2736 2744
3812 2 2 1 1 1393 1541 1542
3813 2 2 1 1 351 2915 2918
3814 2 2 1 1 371 370 372
3815 2 2 1 1 1266 1265 1267
3816 2 2 1 1 1786 1962 3098
3817 2 2 1 1 502 501 503
3818 2 2 1 1 406 405 407
3819 2 2 1 1 993 987 1592
3820 2 2 1 1 1734 1957 3238
3821 2 2 1 1 457 458 459
3822 2 2 1 1 959 1814 3034
3823 2 2 1 1 1988 1980 2399
3824 2 2 1 1 2623 674 3016
3825 2 2 1 1 3202 1860 3259
3826 2 2 1 1 1913 2430 2431
3827 2 2 1 1 1257 1258 1482
3828 2 2 1 1 1270 1271 1272
3829 2 2 1 1 1374 1372 2991
3830 2 2 1 1 1587 1777 1778
3831 2 2 1 1 2637 2636 2638
3832 2 2 1 1 355 354 356
3833 2 2 1 1 379 381 399
3834 2 2 1 1 2022 2920 3249
3835 2 2 1 1 1896 1898 2049
3836 2 2 1 1 547 543 551
3837 2 2 1 1 1033 1034 1035
3838 2 2 1 1 1486 1801 1817
3839 2 2 1 1 1828 1826 3245
3840 2 2 1 1 2154 2153 2155
3841 2 2 1 1 540 535 598
3842 2 2 1 1 1827 1828 1829
3843 2 2 1 1 2703 731 2704
3844 2 2 1 1 1050 1284 1285
3845 2 2 1 1 1043 963 1106
3846 2 2 1 1 1611 1612 1613
3847 2 2 1 1 373 372 374
3848 2 2 1 1 571 572 573
3849 2 2 1 1 1520 1521 1522
3850 2 2 1 1 567 568 569
3851 2 2 1 1 726 734 735
3852 2 2 1 1 2522 1791 2701
3853 2 2 1 1 573 574 575
3854 2 2 1 1 1068 1070 1071
3855 2 2 1 1 2727 2722 2746
3856 2 2 1 1 822 823 824
3857 2 2 1 1 1098 1099 1100
3858 2 2 1 1 499 501 502
3859 2 2 1 1 517 519 2962
3860 2 2 1 1 1485 1764 2955
3861 2 2 1 1 1038 1196 1305
3862 2 2 1 1 1765 1772 2251
3863 2 2 1 1 2699 3120 3129
3864 2 2 1 1 830 832 847
3865 2 2 1 1 1611 1489 1612
3866 2 2 1 1 2564 2565 2566
3867 2 2 1 1 2748 2747 2751
3868 2 2 1 1 914 913 915
3869 2 2 1 1 1575 1578 1765
3870 2 2 1 1 1141 1404 1405
3871 2 2 1 1 1314 2796 3041
3872 2 2 1 1 587 586 588
3873 2 2 1 1 599 600 601
3874 2 2 1 1 758 736 759
3875 2 2 1 1 1200 956 3002
3876 2 2 1 1 991 992 1111
3877 2 2 1 1 1485 1487 1764
3878 2 2 1 1 505 506 507
3879 2 2 1 1 1480 651 2918
3880 2 2 1 1 861 733 1821
3881 2 2 1 1 1428 1429 1430
3882 2 2 1 1 1438 2393 2453
3883 2 2 1 1 2380 2379 2382
3884 2 2 1 1 2804 2798 2805
3885 2 2 1 1 509 508 510
3886 2 2 1 1 1285 1286 1558
3887 2 2 1 1 1391 1392 1393
3888 2 2 1 1 2941 1425 2995
3889 2 2 1 1 2011 2008 2479
3890 2 2 1 1 2236 2237 2266
3891 2 2 1 1 581 582 583
3892 2 2 1 1 569 570 571
3893 2 2 1 1 646 647 710
3894 2 2 1 1 735 734 736
3895 2 2 1 1 1492 1264 2959
3896 2 2 1 1 461 460 462
3897 2 2 1 1 577 578 579
3898 2 2 1 1 1560 1474 2621
3899 2 2 1 1 2706 2705 3023
3900 2 2 1 1 579 580 581
3901 2 2 1 1 1587 2697 3093
3902 2 2 1 1 1058 1057 1059
3903 2 2 1 1 930 931 932
3904 2 2 1 1 1764 1993 2291
3905 2 2 1 1 1514 1515 1516
3906 2 2 1 1 575 576 577
3907 2 2 1 1 697 696 698
3908 2 2 1 1 1343 1463 1464
3909 2 2 1 1 2571 2572 2573
3910 2 2 1 1 478 476 623
3911 2 2 1 1 896 868 2993
3912 2 2 1 1 1512 1852 3008
3913 2 2 1 1 2721 2723 2724
3914 2 2 1 1 2734 2732 2735
3915 2 2 1 1 2866 2865 2874
3916 2 2 1 1 1330 1332 1575
3917 2 2 1 1 2578 871 2591
3918 2 2 1 1 1111 1112 1147
3919 2 2 1 1 1366 1364 1632
3920 2 2 1 1 1618 1820 1906
3921 2 2 1 1 2711 2712 2713
3922 2 2 1 1 818 819 820
3923 2 2 1 1 901 1185 2973
3924 2 2 1 1 1676 1558 1799
3925 2 2 1 1 2593 327 2594
3926 2 2 1 1 1165 1166 1167
3927 2 2 1 1 1528 1527 1529
3928 2 2 1 1 498 497 499
3929 2 2 1 1 829 828 830
3930 2 2 1 1 2419 2417 2420
3931 2 2 1 1 2724 2731 2749
3932 2 2 1 1 1260 1103 1262
3933 2 2 1 1 1147 1148 1149
3934 2 2 1 1 492 493 1123
3935 2 2 1 1 725 724 726
3936 2 2 1 1 395 396 397
3937 2 2 1 1 1161 1162 1163
3938 2 2 1 1 2713 2714 2715
3939 2 2 1 1 747 989 3106
3940 2 2 1 1 824 825 826
3941 2 2 1 1 1430 1759 3056
3942 2 2 1 1 379 399 3014
3943 2 2 1 1 525 526 527
3944 2 2 1 1 583 584 585
3945 2 2 1 1 993 1592 1593
3946 2 2 1 1 1175 1176 1177
3947 2 2 1 1 2559 2560 2561
3948 2 2 1 1 646 710 711
3949 2 2 1 1 1360 1792 2655
3950 2 2 1 1 2486 2485 2487
3951 2 2 1 1 1815 1079 3043
3952 2 2 1 1 1189 1190 1192
3953 2 2 1 1 2830 2729 2831
3954 2 2 1 1 1167 1168 1169
3955 2 2 1 1 1183 1182 1184
3956 2 2 1 1 1512 1513 1514
3957 2 2 1 1 1079 865 3043
3958 2 2 1 1 1229 1230 1340
3959 2 2 1 1 2796 2795 2799
3960 2 2 1 1 987 896 2993
3961 2 2 1 1 1999 1337 2000
3962 2 2 1 1 1155 1156 1157
3963 2 2 1 1 1726 1727 2538
3964 2 2 1 1 1695 1696 1697
3965 2 2 1 1 1813 1981 1982
3966 2 2 1 1 2569 2570 2571
3967 2 2 1 1 557 559 718
3968 2 2 1 1 619 620 630
3969 2 2 1 1 1157 1158 1159
3970 2 2 1 1 1370 1368 1535
3971 2 2 1 1 2356 2004 2357
3972 2 2 1 1 1257 1081 1258
3973 2 2 1 1 527 528 530
3974 2 2 1 1 1272 1273 1274
3975 2 2 1 1 1813 1280 1981
3976 2 2 1 1 1526 1525 1527
3977 2 2 1 1 2016 2584 3334
3978 2 2 1 1 563 566 567
3979 2 2 1 1 1451 1452 1490
3980 2 2 1 1 1372 1370 3079
3981 2 2 1 1 536 540 2970
3982 2 2 1 1 767 759 768
3983 2 2 1 1 2161 2162 2163
3984 2 2 1 1 2556 2555 2558
3985 2 2 1 1 1941 1942 1943
3986 2 2 1 1 1150 1152 1153
3987 2 2 1 1 1171 1172 1173
3988 2 2 1 1 2483 2485 2486
3989 2 2 1 1 513 514 515
3990 2 2 1 1 585 586 587
3991 2 2 1 1 1131 1143 1144
3992 2 2 1 1 1187 1188 1189
3993 2 2 1 1 279 90 2982
3994 2 2 1 1 1153 1154 1155
3995 2 2 1 1 1957 1733 2101
3996 2 2 1 1 830 828 831
3997 2 2 1 1 1802 836 2816
3998 2 2 1 1 959 957 1814
3999 2 2 1 1 1810 1877 3136
4000 2 2 1 1 2022 1907 2920
4001 2 2 1 1 2488 2487 2490
4002 2 2 1 1 794 795 796
4003 2 2 1 1 826 825 827
4004 2 2 1 1 1345 1648 2927
4005 2 2 1 1 681 638 2983
4006 2 2 1 1 1023 1022 1024
4007 2 2 1 1 1593 1592 1790
4008 2 2 1 1 1817 1801 2699
4009 2 2 1 1 1071 1087 1088
4010 2 2 1 1 2724 2723 2725
4011 2 2 1 1 1031 1032 1033
4012 2 2 1 1 1088 1089 1090
4013 2 2 1 1 486 487 2989
4014 2 2 1 1 767 768 863
4015 2 2 1 1 1092 1128 1129
4016 2 2 1 1 1599 1999 2516
4017 2 2 1 1 1090 1091 1092
4018 2 2 1 1 2551 2550 2553
4019 2 2 1 1 1163 1164 1165
4020 2 2 1 1 1878 1492 2959
4021 2 2 1 1 887 803 889
4022 2 2 1 1 1485 1486 1487
4023 2 2 1 1 1986 1808 1987
4024 2 2 1 1 404 402 416
4025 2 2 1 1 678 685 729
4026 2 2 1 1 1173 1174 1175
4027 2 2 1 1 755 1097 1098
4028 2 2 1 1 1035 1036 1037
4029 2 2 1 1 1497 1092 3026
4030 2 2 1 1 96 97 3072
4031 2 2 1 1 1159 1160 1161
4032 2 2 1 1 1314 2795 2796
4033 2 2 1 1 617 634 1142
4034 2 2 1 1 2812 1595 2901
4035 2 2 1 1 784 786 787
4036 2 2 1 1 1722 1703 3145
4037 2 2 1 1 1962 2087 2088
4038 2 2 1 1 3200 2760 3206
4039 2 2 1 1 408 407 410
4040 2 2 1 1 1256 1407 1423
4041 2 2 1 1 1599 1337 1999
4042 2 2 1 1 538 536 2970
4043 2 2 1 1 1104 1260 1261
4044 2 2 1 1 1169 1170 1171
4045 2 2 1 1 1555 1726 2900
4046 2 2 1 1 2715 2716 2717
4047 2 2 1 1 2717 2716 2718
4048 2 2 1 1 495 497 498
4049 2 2 1 1 1066 972 1067
4050 2 2 1 1 1129 1130 1131
4051 2 2 1 1 405 409 2957
4052 2 2 1 1 1449 1450 1451
4053 2 2 1 1 630 631 641
4054 2 2 1 1 826 827 828
4055 2 2 1 1 243 33 2464
4056 2 2 1 1 812 815 2793
4057 2 2 1 1 1959 2030 2031
4058 2 2 1 1 1097 681 2983
4059 2 2 1 1 911 910 913
4060 2 2 1 1 1048 1046 1215
4061 2 2 1 1 440 438 2939
4062 2 2 1 1 654 655 678
4063 2 2 1 1 1253 1254 1579
4064 2 2 1 1 1126 1042 1127
4065 2 2 1 1 2358 1916 2359
4066 2 2 1 1 543 541 3003
4067 2 2 1 1 1110 1134 1811
4068 2 2 1 1 1115 1117 2863
4069 2 2 1 1 2724 2749 3010
4070 2 2 1 1 1724 1554 1732
4071 2 2 1 1 851 1812 2627
4072 2 2 1 1 2480 2479 2550
4073 2 2 1 1 2635 2636 2637
4074 2 2 1 1 345 346 347
4075 2 2 1 1 1263 1492 1810
4076 2 2 1 1 1387 1388 1389
4077 2 2 1 1 1423 1407 1424
4078 2 2 1 1 1265 994 2956
4079 2 2 1 1 1775 1755 2256
4080 2 2 1 1 487 490 2989
4081 2 2 1 1 1535 3029 3030
4082 2 2 1 1 1981 1983 2679
4083 2 2 1 1 3073 3015 3074
4084 2 2 1 1 525 524 526
4085 2 2 1 1 556 553 2954
4086 2 2 1 1 1150 1153 3054
4087 2 2 1 1 1501 1308 1502
4088 2 2 1 1 722 684 1598
4089 2 2 1 1 1253 1211 1254
4090 2 2 1 1 641 642 654
4091 2 2 1 1 735 736 758
4092 2 2 1 1 825 823 3104
4093 2 2 1 1 2554 2553 2555
4094 2 2 1 1 320 233 2377
4095 2 2 1 1 1610 1611 3219
4096 2 2 1 1 1092 1129 3026
4097 2 2 1 1 1971 1455 2236
4098 2 2 1 1 2481 1994 2809
4099 2 2 1 1 90 91 2982
4100 2 2 1 1 1049 944 1050
4101 2 2 1 1 1459 1830 2990
4102 2 2 1 1 377 376 379
4103 2 2 1 1 1981 1280 1983
4104 2 2 1 1 593 594 595
4105 2 2 1 1 2000 1337 3084
4106 2 2 1 1 1810 1492 1876
4107 2 2 1 1 1483 1258 1484
4108 2 2 1 1 471 473 596
4109 2 2 1 1 680 638 681
4110 2 2 1 1 1119 3015 3073
4111 2 2 1 1 1274 1275 1276
4112 2 2 1 1 1336 1599 2020
4113 2 2 1 1 2965 2791 3202
4114 2 2 1 1 375 374 376
4115 2 2 1 1 1570 1331 1572
4116 2 2 1 1 2746 2722 3027
4117 2 2 1 1 737 529 3071
4118 2 2 1 1 713 676 714
4119 2 2 1 1 748 714 749
4120 2 2 1 1 1614 1616 2589
4121 2 2 1 1 1102 1100 1103
4122 2 2 1 1 1489 1453 3251
4123 2 2 1 1 648 686 720
4124 2 2 1 1 729 740 757
4125 2 2 1 1 1068 1067 1070
4126 2 2 1 1 1204 1511 1512
4127 2 2 1 1 2156 2160 2161
4128 2 2 1 1 528 526 545
4129 2 2 1 1 595 637 638
4130 2 2 1 1 1925 2227 3233
4131 2 2 1 1 1929 1928 2068
4132 2 2 1 1 2580 2581 2582
4133 2 2 1 1 2796 2799 2801
4134 2 2 1 1 508 506 3092
4135 2 2 1 1 819 1449 2986
4136 2 2 1 1 1102 1104 3012
4137 2 2 1 1 1240 1239 1241
4138 2 2 1 1 2088 2089 2374
4139 2 2 1 1 145 146 287
4140 2 2 1 1 147 148 326
4141 2 2 1 1 711 747 3106
4142 2 2 1 1 971 1314 3041
4143 2 2 1 1 1098 1102 3035
4144 2 2 1 1 1838 1837 1839
4145 2 2 1 1 2559 2558 2560
4146 2 2 1 1 2890 532 2892
4147 2 2 1 1 595 594 637
4148 2 2 1 1 661 662 663
4149 2 2 1 1 1558 1286 2895
4150 2 2 1 1 823 2986 3104
4151 2 2 1 1 1807 1634 1808
4152 2 2 1 1 515 517 2980
4153 2 2 1 1 682 681 755
4154 2 2 1 1 1437 1992 2465
4155 2 2 1 1 647 659 3064
4156 2 2 1 1 1999 2000 2579
4157 2 2 1 1 2741 2743 3075
4158 2 2 1 1 343 344 345
4159 2 2 1 1 3120 2842 3129
4160 2 2 1 1 1469 1470 3031
4161 2 2 1 1 1486 1484 1801
4162 2 2 1 1 2784 1601 2785
4163 2 2 1 1 1997 1998 2482
4164 2 2 1 1 1442 554 3024
4165 2 2 1 1 958 971 3041
4166 2 2 1 1 1673 1675 2108
4167 2 2 1 1 595 638 679
4168 2 2 1 1 2063 2062 2064
4169 2 2 1 1 1139 1141 2940
4170 2 2 1 1 593 592 594
4171 2 2 1 1 1464 1463 1467
4172 2 2 1 1 1179 1180 1181
4173 2 2 1 1 1336 1337 1599
4174 2 2 1 1 378 1280 1813
4175 2 2 1 1 1819 1123 2979
4176 2 2 1 1 1336 1261 1337
4177 2 2 1 1 2417 2416 3047
4178 2 2 1 1 2796 2806 3041
4179 2 2 1 1 1764 1487 1845
4180 2 2 1 1 1792 2498 2655
4181 2 2 1 1 1102 3012 3035
4182 2 2 1 1 24 25 244
4183 2 2 1 1 1104 1261 1336
4184 2 2 1 1 2865 1105 2874
4185 2 2 1 1 2420 2417 3047
4186 2 2 1 1 2874 1105 2875
4187 2 2 1 1 1367 1366 1368
4188 2 2 1 1 1889 1950 1951
4189 2 2 1 1 1052 1108 1109
4190 2 2 1 1 1202 1123 1819
4191 2 2 1 1 3062 1815 3120
4192 2 2 1 1 459 460 461
4193 2 2 1 1 1482 1483 1872
4194 2 2 1 1 1485 1484 1486
4195 2 2 1 1 1538 1586 1587
4196 2 2 1 1 1555 1725 1726
4197 2 2 1 1 149 150 242
4198 2 2 1 1 1025 1024 1026
4199 2 2 1 1 1027 1026 1028
4200 2 2 1 1 1081 1815 3062
4201 2 2 1 1 1177 1178 1179
4202 2 2 1 1 1270 1269 1271
4203 2 2 1 1 1610 1489 1611
4204 2 2 1 1 2516 1817 3196
4205 2 2 1 1 32 33 243
4206 2 2 1 1 463 462 464
4207 2 2 1 1 1461 1617 1865
4208 2 2 1 1 1417 1418 1419
4209 2 2 1 1 395 394 396
4210 2 2 1 1 487 489 490
4211 2 2 1 1 1232 1555 2900
4212 2 2 1 1 1381 1380 1382
4213 2 2 1 1 1474 1478 1576
4214 2 2 1 1 1864 1612 2033
4215 2 2 1 1 611 609 1465
4216 2 2 1 1 669 677 712
4217 2 2 1 1 1459 1461 1830
4218 2 2 1 1 2718 2750 3027
4219 2 2 1 1 716 451 1455
4220 2 2 1 1 501 1110 2971
4221 2 2 1 1 834 836 1802
4222 2 2 1 1 901 905 1185
4223 2 2 1 1 423 419 425
4224 2 2 1 1 505 503 506
4225 2 2 1 1 828 827 3090
4226 2 2 1 1 364 366 368
4227 2 2 1 1 680 681 682
4228 2 2 1 1 1081 1079 1815
4229 2 2 1 1 1737 1736 1738
4230 2 2 1 1 1201 1435 1594
4231 2 2 1 1 2266 2634 2635
4232 2 2 1 1 695 694 696
4233 2 2 1 1 1575 1332 1578
4234 2 2 1 1 1768 1805 2292
4235 2 2 1 1 909 908 910
4236 2 2 1 1 1103 1100 2994
4237 2 2 1 1 1423 1424 3212
4238 2 2 1 1 707 708 709
4239 2 2 1 1 711 710 746
4240 2 2 1 1 819 1120 1449
4241 2 2 1 1 1093 816 3069
4242 2 2 1 1 1765 1578 1772
4243 2 2 1 1 2691 1769 2692
4244 2 2 1 1 413 414 415
4245 2 2 1 1 758 759 767
4246 2 2 1 1 142 143 241
4247 2 2 1 1 1071 1070 1087
4248 2 2 1 1 1261 1260 1581
4249 2 2 1 1 2590 437 3187
4250 2 2 1 1 779 746 884
4251 2 2 1 1 1988 2399 2400
4252 2 2 1 1 395 397 3055
4253 2 2 1 1 1455 451 2911
4254 2 2 1 1 846 845 848
4255 2 2 1 1 1427 1426 1428
4256 2 2 1 1 1720 1948 1949
4257 2 2 1 1 2232 1878 2959
4258 2 2 1 1 490 489 491
4259 2 2 1 1 891 2703 3022
4260 2 2 1 1 1098 1100 1102
4261 2 2 1 1 428 1806 3019
4262 2 2 1 1 2156 2155 2160
4263 2 2 1 1 788 786 859
4264 2 2 1 1 1424 1426 1427
4265 2 2 1 1 1483 1484 1485
4266 2 2 1 1 11 12 2612
4267 2 2 1 1 349 350 351
4268 2 2 1 1 523 524 525
4269 2 2 1 1 723 724 725
4270 2 2 1 1 2026 2023 2512
4271 2 2 1 1 1454 565 2906
4272 2 2 1 1 1104 1103 1260
4273 2 2 1 1 1625 1624 1884
4274 2 2 1 1 591 592 593
4275 2 2 1 1 865 768 3043
4276 2 2 1 1 659 660 661
4277 2 2 1 1 1767 1766 2222
4278 2 2 1 1 479 481 482
4279 2 2 1 1 723 722 724
4280 2 2 1 1 2987 1804 2988
4281 2 2 1 1 503 501 2971
4282 2 2 1 1 2251 1772 2252
4283 2 2 1 1 2579 2000 2580
4284 2 2 1 1 456 2943 3067
4285 2 2 1 1 564 2898 2899
4286 2 2 1 1 1693 1694 1695
4287 2 2 1 1 447 1073 2835
4288 2 2 1 1 1330 1145 1332
4289 2 2 1 1 2488 2490 2491
4290 2 2 1 1 377 379 3014
4291 2 2 1 1 679 638 680
4292 2 2 1 1 648 720 3061
4293 2 2 1 1 2013 2657 3156
4294 2 2 1 1 378 377 1119
4295 2 2 1 1 1482 1258 1483
4296 2 2 1 1 1815 2842 3120
4297 2 2 1 1 605 604 606
4298 2 2 1 1 1324 1106 1325
4299 2 2 1 1 1550 1939 3109
4300 2 2 1 1 411 410 412
4301 2 2 1 1 564 2899 3234
4302 2 2 1 1 1789 1115 2863
4303 2 2 1 1 1269 1267 1609
4304 2 2 1 1 1661 1861 1862
4305 2 2 1 1 1977 2458 2513
4306 2 2 1 1 1806 426 2977
4307 2 2 1 1 507 506 508
4308 2 2 1 1 564 560 2898
4309 2 2 1 1 591 590 592
4310 2 2 1 1 670 668 671
4311 2 2 1 1 1336 2020 3012
4312 2 2 1 1 97 98 263
4313 2 2 1 1 378 1119 1280
4314 2 2 1 1 841 839 855
4315 2 2 1 1 1181 1182 1183
4316 2 2 1 1 2648 1856 2649
4317 2 2 1 1 1659 1660 1661
4318 2 2 1 1 830 831 832
4319 2 2 1 1 943 884 944
4320 2 2 1 1 1464 1467 1468
4321 2 2 1 1 2645 1776 2688
4322 2 2 1 1 1479 651 1480
4323 2 2 1 1 884 746 3127
4324 2 2 1 1 1153 1278 3054
4325 2 2 1 1 1419 1420 1421
4326 2 2 1 1 1498 1571 3130
4327 2 2 1 1 1685 2931 3048
4328 2 2 1 1 2580 2000 2581
4329 2 2 1 1 2569 2568 2570
4330 2 2 1 1 271 3046 3115
4331 2 2 1 1 483 485 486
4332 2 2 1 1 589 588 590
4333 2 2 1 1 755 1098 3035
4334 2 2 1 1 2079 2073 2080
4335 2 2 1 1 531 515 2980
4336 2 2 1 1 1385 1386 1387
4337 2 2 1 1 1835 1834 1837
4338 2 2 1 1 86 87 295
4339 2 2 1 1 1102 1103 1104
4340 2 2 1 1 1415 1416 1417
4341 2 2 1 1 1343 1341 1463
4342 2 2 1 1 1459 1460 1461
4343 2 2 1 1 1790 1592 2012
4344 2 2 1 1 521 522 523
4345 2 2 1 1 730 652 2965
4346 2 2 1 1 693 692 694
4347 2 2 1 1 91 321 2982
4348 2 2 1 1 1773 1916 2358
4349 2 2 1 1 2506 2505 2507
4350 2 2 1 1 705 706 707
4351 2 2 1 1 1104 1336 3012
4352 2 2 1 1 1149 1150 3054
4353 2 2 1 1 1201 1594 3000
4354 2 2 1 1 465 464 466
4355 2 2 1 1 1730 1729 1731
4356 2 2 1 1 2867 2868 3105
4357 2 2 1 1 415 418 419
4358 2 2 1 1 736 734 3129
4359 2 2 1 1 1457 1459 2990
4360 2 2 1 1 2561 2560 2563
4361 2 2 1 1 262 216 2334
4362 2 2 1 1 2855 2853 2856
4363 2 2 1 1 1787 1785 1800
4364 2 2 1 1 2409 2026 3264
4365 2 2 1 1 2564 2563 2565
4366 2 2 1 1 3046 2594 3115
4367 2 2 1 1 721 684 722
4368 2 2 1 1 1943 1944 2295
4369 2 2 1 1 2244 1969 2517
4370 2 2 1 1 1144 1143 1145
4371 2 2 1 1 2566 2565 2568
4372 2 2 1 1 703 704 705
4373 2 2 1 1 1524 1523 1525
4374 2 2 1 1 1706 1704 2528
4375 2 2 1 1 984 1054 2760
4376 2 2 1 1 2571 2570 2572
4377 2 2 1 1 1263 1810 3007
4378 2 2 1 1 1544 2673 2974
4379 2 2 1 1 75 76 275
4380 2 2 1 1 243 2464 2467
4381 2 2 1 1 819 817 1120
4382 2 2 1 1 1140 891 3022
4383 2 2 1 1 1195 1127 2070
4384 2 2 1 1 353 352 354
4385 2 2 1 1 1357 1779 2461
4386 2 2 1 1 1689 1688 1690
4387 2 2 1 1 2253 2254 2255
4388 2 2 1 1 482 481 483
4389 2 2 1 1 2161 2160 2162
4390 2 2 1 1 722 1598 3025
4391 2 2 1 1 1097 2983 3032
4392 2 2 1 1 2723 2722 2727
4393 2 2 1 1 682 755 3044
4394 2 2 1 1 850 848 854
4395 2 2 1 1 2637 2638 2639
4396 2 2 1 1 1784 1786 3098
4397 2 2 1 1 2721 2722 2723
4398 2 2 1 1 748 749 807
4399 2 2 1 1 1408 1409 1413
4400 2 2 1 1 2491 2490 2492
4401 2 2 1 1 1709 1712 3135
4402 2 2 1 1 515 516 517
4403 2 2 1 1 992 970 3176
4404 2 2 1 1 1088 1087 1089
4405 2 2 1 1 2721 2719 2722
4406 2 2 1 1 7 8 297
4407 2 2 1 1 1006 1004 1291
4408 2 2 1 1 1786 1961 1962
4409 2 2 1 1 2034 1809 2035
4410 2 2 1 1 1617 1831 1875
4411 2 2 1 1 2445 2448 2449
4412 2 2 1 1 2035 1809 3036
4413 2 2 1 1 2719 2718 3027
4414 2 2 1 1 1276 1277 1408
4415 2 2 1 1 237 238 293
4416 2 2 1 1 456 454 2943
4417 2 2 1 1 91 92 321
4418 2 2 1 1 603 602 604
4419 2 2 1 1 1288 1287 1289
4420 2 2 1 1 1613 1612 1864
4421 2 2 1 1 2420 2493 3324
4422 2 2 1 1 2607 2604 2996
4423 2 2 1 1 928 1585 2879
4424 2 2 1 1 1810 1876 1877
4425 2 2 1 1 1833 1832 1834
4426 2 2 1 1 467 466 468
4427 2 2 1 1 916 917 918
4428 2 2 1 1 1606 1149 1809
4429 2 2 1 1 1443 1540 3070
4430 2 2 1 1 758 767 874
4431 2 2 1 1 824 823 825
4432 2 2 1 1 989 1582 3106
4433 2 2 1 1 1047 1432 3173
4434 2 2 1 1 683 682 684
4435 2 2 1 1 1285 1558 1559
4436 2 2 1 1 835 833 885
4437 2 2 1 1 721 723 894
4438 2 2 1 1 776 782 783
4439 2 2 1 1 1396 1656 2654
4440 2 2 1 1 1569 1580 1967
4441 2 2 1 1 1790 2012 2471
4442 2 2 1 1 619 615 620
4443 2 2 1 1 1090 1089 1091
4444 2 2 1 1 2994 2041 3011
4445 2 2 1 1 1119 377 3014
4446 2 2 1 1 1773 2358 3059
4447 2 2 1 1 2233 1763 2234
4448 2 2 1 1 2896 2905 3266
4449 2 2 1 1 1435 1773 3059
4450 2 2 1 1 1977 1757 2258
4451 2 2 1 1 2992 2991 3079
4452 2 2 1 1 2903 531 2980
4453 2 2 1 1 1596 661 2623
4454 2 2 1 1 2596 2594 3046
4455 2 2 1 1 506 2971 3092
4456 2 2 1 1 691 690 692
4457 2 2 1 1 1467 1463 1816
4458 2 2 1 1 2595 2594 2596
4459 2 2 1 1 445 440 2939
4460 2 2 1 1 1467 1816 1860
4461 2 2 1 1 1470 1471 1472
4462 2 2 1 1 418 414 3051
4463 2 2 1 1 1275 1273 3101
4464 2 2 1 1 1628 1498 3130
4465 2 2 1 1 393 394 395
4466 2 2 1 1 473 474 475
4467 2 2 1 1 1533 1532 1744
4468 2 2 1 1 2913 1813 2961
4469 2 2 1 1 2717 2719 2720
4470 2 2 1 1 341 342 343
4471 2 2 1 1 1272 1271 1273
4472 2 2 1 1 2717 2718 2719
4473 2 2 1 1 415 414 418
4474 2 2 1 1 2875 1105 2876
4475 2 2 1 1 1488 1453 1489
4476 2 2 1 1 2720 2719 2721
4477 2 2 1 1 1821 3025 3170
4478 2 2 1 1 2516 1999 3124
4479 2 2 1 1 1234 1059 1481
4480 2 2 1 1 1229 1140 1230
4481 2 2 1 1 1396 2654 2895
4482 2 2 1 1 1488 1610 1879
4483 2 2 1 1 1522 1521 1523
4484 2 2 1 1 599 598 600
4485 2 2 1 1 1092 1091 1128
4486 2 2 1 1 1434 1755 1775
4487 2 2 1 1 2486 2487 2488
4488 2 2 1 1 645 653 860
4489 2 2 1 1 907 906 908
4490 2 2 1 1 591 593 1293
4491 2 2 1 1 680 682 683
4492 2 2 1 1 1129 1128 1130
4493 2 2 1 1 1421 1422 1569
4494 2 2 1 1 517 518 519
4495 2 2 1 1 1824 1823 1825
4496 2 2 1 1 486 485 487
4497 2 2 1 1 2711 2713 2728
4498 2 2 1 1 1461 1460 1617
4499 2 2 1 1 1576 1770 2257
4500 2 2 1 1 1211 1210 3087
4501 2 2 1 1 1120 817 3078
4502 2 2 1 1 844 843 845
4503 2 2 1 1 1727 1728 1729
4504 2 2 1 1 1010 1008 1250
4505 2 2 1 1 1413 1414 1415
4506 2 2 1 1 387 388 389
4507 2 2 1 1 601 600 602
4508 2 2 1 1 683 684 721
4509 2 2 1 1 1185 1186 1187
4510 2 2 1 1 1474 1472 1478
4511 2 2 1 1 436 434 1146
4512 2 2 1 1 1197 1184 1198
4513 2 2 1 1 724 722 3025
4514 2 2 1 1 822 820 823
4515 2 2 1 1 1016 1014 1249
4516 2 2 1 1 827 825 973
4517 2 2 1 1 1520 1519 1521
4518 2 2 1 1 413 412 414
4519 2 2 1 1 1509 1203 1510
4520 2 2 1 1 1217 1216 1394
4521 2 2 1 1 899 901 2973
4522 2 2 1 1 1161 1163 1295
4523 2 2 1 1 2267 1977 2513
4524 2 2 1 1 2468 2469 2470
4525 2 2 1 1 454 636 2943
4526 2 2 1 1 1157 1159 1294
4527 2 2 1 1 1479 1480 3042
4528 2 2 1 1 2048 1630 3028
4529 2 2 1 1 904 903 906
4530 2 2 1 1 1258 1081 3062
4531 2 2 1 1 1405 1404 1551
4532 2 2 1 1 1571 1855 2051
4533 2 2 1 1 3338 2744 3355
4534 2 2 1 1 856 855 869
4535 2 2 1 1 1642 1638 1928
4536 2 2 1 1 675 671 676
4537 2 2 1 1 902 900 903
4538 2 2 1 1 2708 2711 3081
4539 2 2 1 1 684 682 3044
4540 2 2 1 1 1809 1149 3054
4541 2 2 1 1 1751 1752 1974
4542 2 2 1 1 2971 1811 3092
4543 2 2 1 1 2243 1969 2244
4544 2 2 1 1 351 350 352
4545 2 2 1 1 1920 1994 2481
4546 2 2 1 1 3029 2656 3030
4547 2 2 1 1 815 1093 1094
4548 2 2 1 1 1040 949 3149
4549 2 2 1 1 1352 1351 1353
4550 2 2 1 1 2431 2430 2504
4551 2 2 1 1 31 32 3082
4552 2 2 1 1 1507 1857 3141
4553 2 2 1 1 1055 982 1056
4554 2 2 1 1 1029 1028 1030
4555 2 2 1 1 1153 1155 1278
4556 2 2 1 1 1701 1700 1702
4557 2 2 1 1 519 520 521
4558 2 2 1 1 2252 1772 2305
4559 2 2 1 1 2001 2356 3133
4560 2 2 1 1 2743 2822 3075
4561 2 2 1 1 475 476 477
4562 2 2 1 1 515 514 516
4563 2 2 1 1 838 840 842
4564 2 2 1 1 1131 1130 1143
4565 2 2 1 1 701 702 703
4566 2 2 1 1 3342 2886 3354
4567 2 2 1 1 243 2467 2468
4568 2 2 1 1 1118 446 3166
4569 2 2 1 1 569 571 976
4570 2 2 1 1 1888 1697 2975
4571 2 2 1 1 443 446 1118
4572 2 2 1 1 2991 1372 3079
4573 2 2 1 1 1548 1826 1827
4574 2 2 1 1 2796 2801 2806
4575 2 2 1 1 1222 1345 2927
4576 2 2 1 1 2593 2594 2595
4577 2 2 1 1 663 665 674
4578 2 2 1 1 876 878 945
4579 2 2 1 1 1425 1407 3060
4580 2 2 1 1 1470 1468 1471
4581 2 2 1 1 42 43 245
4582 2 2 1 1 3477 416 3483
4583 2 2 1 1 461 462 463
4584 2 2 1 1 989 1063 1582
4585 2 2 1 1 1507 1848 1857
4586 2 2 1 1 407 405 2957
4587 2 2 1 1 3132 2014 3149
4588 2 2 1 1 385 386 387
4589 2 2 1 1 581 583 1333
4590 2 2 1 1 895 985 995
4591 2 2 1 1 450 447 2835
4592 2 2 1 1 2704 730 3259
4593 2 2 1 1 827 973 1457
4594 2 2 1 1 2873 2872 3456
4595 2 2 1 1 1146 434 3019
4596 2 2 1 1 587 588 589
4597 2 2 1 1 457 459 715
4598 2 2 1 1 1488 1489 1610
4599 2 2 1 1 2593 2595 2597
4600 2 2 1 1 802 804 3280
4601 2 2 1 1 1277 1275 1493
4602 2 2 1 1 1816 1463 3168
4603 2 2 1 1 2073 1563 3087
4604 2 2 1 1 2413 2411 2421
4605 2 2 1 1 499 500 501
4606 2 2 1 1 1617 1460 1831
4607 2 2 1 1 439 441 754
4608 2 2 1 1 1199 1198 1326
4609 2 2 1 1 1967 1969 2243
4610 2 2 1 1 721 722 723
4611 2 2 1 1 779 884 943
4612 2 2 1 1 1516 1515 1517
4613 2 2 1 1 1518 1517 1519
4614 2 2 1 1 2445 1546 2448
4615 2 2 1 1 2711 2728 3081
4616 2 2 1 1 155 156 246
4617 2 2 1 1 1142 634 3061
4618 2 2 1 1 870 869 897
4619 2 2 1 1 1690 1691 1692
4620 2 2 1 1 1055 1056 3085
4621 2 2 1 1 1549 1324 2894
4622 2 2 1 1 1350 1349 1351
4623 2 2 1 1 1365 1367 1667
4624 2 2 1 1 589 590 591
4625 2 2 1 1 1165 1167 1296
4626 2 2 1 1 1147 1149 1606
4627 2 2 1 1 1274 1273 1275
4628 2 2 1 1 2489 2488 2684
4629 2 2 1 1 2938 1423 3204
4630 2 2 1 1 914 915 916
4631 2 2 1 1 2936 2707 3081
4632 2 2 1 1 449 451 716
4633 2 2 1 1 1413 1409 1414
4634 2 2 1 1 2722 2719 3027
4635 2 2 1 1 2713 2715 3066
4636 2 2 1 1 1408 1277 1409
4637 2 2 1 1 1939 2390 3109
4638 2 2 1 1 2877 2878 3102
4639 2 2 1 1 886 2702 3516
4640 2 2 1 1 991 1111 1121
4641 2 2 1 1 1459 1458 1460
4642 2 2 1 1 942 941 1044
4643 2 2 1 1 1484 1258 3062
4644 2 2 1 1 924 923 925
4645 2 2 1 1 1342 1343 1643
4646 2 2 1 1 475 477 1122
4647 2 2 1 1 493 491 494
4648 2 2 1 1 878 934 3632
4649 2 2 1 1 1074 556 2954
4650 2 2 1 1 1089 1087 1588
4651 2 2 1 1 389 390 391
4652 2 2 1 1 457 715 3111
4653 2 2 1 1 1128 1091 1476
4654 2 2 1 1 397 1446 3055
4655 2 2 1 1 1801 1484 3062
4656 2 2 1 1 2468 2467 2469
4657 2 2 1 1 1256 1423 2938
4658 2 2 1 1 1698 1700 1701
4659 2 2 1 1 32 243 3082
4660 2 2 1 1 493 494 495
4661 2 2 1 1 1428 1430 3056
4662 2 2 1 1 585 587 657
4663 2 2 1 1 699 700 701
4664 2 2 1 1 1514 1513 1515
4665 2 2 1 1 1967 1580 1969
4666 2 2 1 1 1412 1410 1742
4667 2 2 1 1 1478 1472 3076
4668 2 2 1 1 243 2468 3082
4669 2 2 1 1 1748 1747 2229
4670 2 2 1 1 615 611 3021
4671 2 2 1 1 1493 1275 3101
4672 2 2 1 1 1421 1420 1422
4673 2 2 1 1 2707 2708 3081
4674 2 2 1 1 635 618 1448
4675 2 2 1 1 1598 684 3044
4676 2 2 1 1 1812 853 3200
4677 2 2 1 1 1273 1271 1600
4678 2 2 1 1 1276 1275 1277
4679 2 2 1 1 925 923 2879
4680 2 2 1 1 1417 1416 1418
4681 2 2 1 1 1419 1418 1420
4682 2 2 1 1 1173 1175 1299
4683 2 2 1 1 495 498 2979
4684 2 2 1 1 689 688 690
4685 2 2 1 1 1111 1147 3091
4686 2 2 1 1 1600 3415 3435
4687 2 2 1 1 391 392 393
4688 2 2 1 1 1457 973 1458
4689 2 2 1 1 420 412 3050
4690 2 2 1 1 766 873 875
4691 2 2 1 1 1070 1067 1335
4692 2 2 1 1 1606 2034 2036
4693 2 2 1 1 755 3035 3044
4694 2 2 1 1 1681 3049 3256
4695 2 2 1 1 314 2380 2381
4696 2 2 1 1 761 764 765
4697 2 2 1 1 1642 1929 3058
4698 2 2 1 1 1169 1171 1297
4699 2 2 1 1 499 497 500
4700 2 2 1 1 506 503 2971
4701 2 2 1 1 659 1596 3064
4702 2 2 1 1 1846 1478 3076
4703 2 2 1 1 687 649 688
4704 2 2 1 1 1801 3062 3120
4705 2 2 1 1 575 577 656
4706 2 2 1 1 1339 1807 3033
4707 2 2 1 1 434 430 3019
4708 2 2 1 1 1022 1020 1251
4709 2 2 1 1 713 714 748
4710 2 2 1 1 1049 1050 3209
4711 2 2 1 1 794 792 795
4712 2 2 1 1 972 959 3034
4713 2 2 1 1 1205 1339 3033
4714 2 2 1 1 1383 1384 1385
4715 2 2 1 1 1630 1531 2043
4716 2 2 1 1 383 384 385
4717 2 2 1 1 1608 1418 3063
4718 2 2 1 1 2051 1855 2052
4719 2 2 1 1 2557 1297 3513
4720 2 2 1 1 1379 1378 1380
4721 2 2 1 1 1571 2051 3130
4722 2 2 1 1 1999 2579 3124
4723 2 2 1 1 1192 1190 1193
4724 2 2 1 1 1253 1579 1590
4725 2 2 1 1 836 837 838
4726 2 2 1 1 1676 1799 2112
4727 2 2 1 1 2486 2488 2489
4728 2 2 1 1 2870 2867 3105
4729 2 2 1 1 1538 1313 1586
4730 2 2 1 1 2163 2162 2166
4731 2 2 1 1 10 11 281
4732 2 2 1 1 2548 862 2575
4733 2 2 1 1 1606 1809 2034
4734 2 2 1 1 967 969 977
4735 2 2 1 1 1472 1471 3076
4736 2 2 1 1 2117 1663 2119
4737 2 2 1 1 2752 2751 3280
4738 2 2 1 1 349 347 350
4739 2 2 1 1 659 658 660
4740 2 2 1 1 2013 1768 2657
4741 2 2 1 1 1977 2258 2458
4742 2 2 1 1 176 177 3164
4743 2 2 1 1 618 614 3086
4744 2 2 1 1 981 938 982
4745 2 2 1 1 2066 1395 3068
4746 2 2 1 1 473 472 474
4747 2 2 1 1 1594 1435 3059
4748 2 2 1 1 798 796 800
4749 2 2 1 1 1339 1634 1807
4750 2 2 1 1 675 676 713
4751 2 2 1 1 697 698 699
4752 2 2 1 1 1583 1980 1988
4753 2 2 1 1 832 833 834
4754 2 2 1 1 1365 1667 2942
4755 2 2 1 1 517 516 518
4756 2 2 1 1 1569 1422 1580
4757 2 2 1 1 1457 1458 1459
4758 2 2 1 1 715 459 3134
4759 2 2 1 1 1578 1332 1589
4760 2 2 1 1 1076 373 2913
4761 2 2 1 1 1451 1450 1452
4762 2 2 1 1 1770 1478 1846
4763 2 2 1 1 495 496 497
4764 2 2 1 1 1763 1479 3042
4765 2 2 1 1 2699 1801 3120
4766 2 2 1 1 1952 1880 2095
4767 2 2 1 1 1509 1510 1626
4768 2 2 1 1 911 913 914
4769 2 2 1 1 1512 1511 1513
4770 2 2 1 1 1303 1302 1618
4771 2 2 1 1 923 928 2879
4772 2 2 1 1 1304 1498 1628
4773 2 2 1 1 1031 1030 1032
4774 2 2 1 1 2382 2379 3154
4775 2 2 1 1 501 500 1110
4776 2 2 1 1 1342 1341 1343
4777 2 2 1 1 1621 1619 1750
4778 2 2 1 1 1731 1734 1735
4779 2 2 1 1 1141 1405 2940
4780 2 2 1 1 1056 1058 1060
4781 2 2 1 1 1362 1363 1649
4782 2 2 1 1 2052 1855 2247
4783 2 2 1 1 469 468 470
4784 2 2 1 1 609 607 2984
4785 2 2 1 1 842 840 843
4786 2 2 1 1 523 522 524
4787 2 2 1 1 773 770 3040
4788 2 2 1 1 461 1125 3134
4789 2 2 1 1 1879 1610 2039
4790 2 2 1 1 1650 2098 2099
4791 2 2 1 1 1115 1116 1117
4792 2 2 1 1 1726 1725 1727
4793 2 2 1 1 475 474 476
4794 2 2 1 1 1067 972 3034
4795 2 2 1 1 1420 1418 1608
4796 2 2 1 1 1441 1550 3109
4797 2 2 1 1 3012 2020 3128
4798 2 2 1 1 220 221 252
4799 2 2 1 1 1283 3053 3199
4800 2 2 1 1 772 770 773
4801 2 2 1 1 716 1455 1971
4802 2 2 1 1 1033 1032 1034
4803 2 2 1 1 1145 1143 1591
4804 2 2 1 1 1452 1453 1488
4805 2 2 1 1 1540 1920 3070
4806 2 2 1 1 2381 2380 2383
4807 2 2 1 1 2381 2383 2384
4808 2 2 1 1 1781 1905 2389
4809 2 2 1 1 2733 2896 3285
4810 2 2 1 1 919 3315 3330
4811 2 2 1 1 832 831 833
4812 2 2 1 1 2432 1051 3479
4813 2 2 1 1 1427 1428 1757
4814 2 2 1 1 1760 2267 2268
4815 2 2 1 1 437 439 3187
4816 2 2 1 1 783 782 784
4817 2 2 1 1 512 510 622
4818 2 2 1 1 1498 1331 1570
4819 2 2 1 1 339 340 341
4820 2 2 1 1 387 386 388
4821 2 2 1 1 1382 1544 2974
4822 2 2 1 1 1935 1825 1945
4823 2 2 1 1 1659 1658 1660
4824 2 2 1 1 1028 1026 1252
4825 2 2 1 1 1117 1238 1239
4826 2 2 1 1 1110 1133 1134
4827 2 2 1 1 673 732 1138
4828 2 2 1 1 465 467 650
4829 2 2 1 1 778 777 941
4830 2 2 1 1 1363 1365 2942
4831 2 2 1 1 1559 1558 1676
4832 2 2 1 1 1778 1777 1832
4833 2 2 1 1 1735 1734 1736
4834 2 2 1 1 1273 1600 3101
4835 2 2 1 1 1415 1414 1416
4836 2 2 1 1 1750 1619 3045
4837 2 2 1 1 2995 1425 3060
4838 2 2 1 1 1576 1478 1770
4839 2 2 1 1 1556 1557 1956
4840 2 2 1 1 491 489 3001
4841 2 2 1 1 463 464 465
4842 2 2 1 1 102 103 253
4843 2 2 1 1 602 600 978
4844 2 2 1 1 88 89 2642
4845 2 2 1 1 1596 2623 2624
4846 2 2 1 1 1988 2400 3113
4847 2 2 1 1 962 1205 3033
4848 2 2 1 1 1147 1606 3091
4849 2 2 1 1 1983 1280 3073
4850 2 2 1 1 1248 1246 3172
4851 2 2 1 1 2449 2448 2450
4852 2 2 1 1 2245 1975 2246
4853 2 2 1 1 54 55 3262
4854 2 2 1 1 713 748 805
4855 2 2 1 1 1587 1586 1777
4856 2 2 1 1 811 812 2793
4857 2 2 1 1 1740 1741 1889
4858 2 2 1 1 14 15 268
4859 2 2 1 1 926 925 927
4860 2 2 1 1 1620 1621 2038
4861 2 2 1 1 389 388 390
4862 2 2 1 1 521 520 522
4863 2 2 1 1 1529 1527 1761
4864 2 2 1 1 1630 2043 3028
4865 2 2 1 1 2305 1772 3089
4866 2 2 1 1 3128 2020 3170
4867 2 2 1 1 471 472 473
4868 2 2 1 1 2728 2713 3066
4869 2 2 1 1 524 522 1085
4870 2 2 1 1 1452 1450 1453
4871 2 2 1 1 1711 1708 3097
4872 2 2 1 1 2611 1784 3098
4873 2 2 1 1 519 518 520
4874 2 2 1 1 1035 1034 1036
4875 2 2 1 1 1094 1095 1096
4876 2 2 1 1 1820 1302 3151
4877 2 2 1 1 1693 1692 1694
4878 2 2 1 1 1449 1120 1450
4879 2 2 1 1 1290 1289 1584
4880 2 2 1 1 998 999 3243
4881 2 2 1 1 1532 1248 3172
4882 2 2 1 1 1939 1941 2390
4883 2 2 1 1 1183 1184 1197
4884 2 2 1 1 1571 1570 1854
4885 2 2 1 1 443 1118 3088
4886 2 2 1 1 1571 1854 1855
4887 2 2 1 1 385 384 386
4888 2 2 1 1 1304 1062 1331
4889 2 2 1 1 838 837 839
4890 2 2 1 1 1772 1578 3089
4891 2 2 1 1 1951 2077 2078
4892 2 2 1 1 361 359 1206
4893 2 2 1 1 1310 1248 1532
4894 2 2 1 1 2455 1819 3220
4895 2 2 1 1 19 20 260
4896 2 2 1 1 28 271 3115
4897 2 2 1 1 93 94 272
4898 2 2 1 1 1107 488 1302
4899 2 2 1 1 1690 1688 1691
4900 2 2 1 1 1760 1977 2267
4901 2 2 1 1 477 478 479
4902 2 2 1 1 1381 1382 1383
4903 2 2 1 1 2491 2492 2493
4904 2 2 1 1 1177 1179 1301
4905 2 2 1 1 3001 1107 3181
4906 2 2 1 1 2091 1722 3145
4907 2 2 1 1 2657 2292 3039
4908 2 2 1 1 834 833 835
4909 2 2 1 1 1305 1624 1625
4910 2 2 1 1 617 614 618
4911 2 2 1 1 1121 1111 3091
4912 2 2 1 1 1590 1579 1768
4913 2 2 1 1 1599 2516 3186
4914 2 2 1 1 695 696 697
4915 2 2 1 1 475 1122 2967
4916 2 2 1 1 1058 1059 1233
4917 2 2 1 1 1971 2236 2309
4918 2 2 1 1 2842 736 3129
4919 2 2 1 1 949 922 3132
4920 2 2 1 1 2872 2870 3470
4921 2 2 1 1 489 1107 3001
4922 2 2 1 1 487 488 489
4923 2 2 1 1 467 468 469
4924 2 2 1 1 836 835 837
4925 2 2 1 1 1507 1237 1508
4926 2 2 1 1 1580 1422 1607
4927 2 2 1 1 1348 1347 1349
4928 2 2 1 1 1723 2102 2103
4929 2 2 1 1 909 910 911
4930 2 2 1 1 1230 1140 3022
4931 2 2 1 1 1303 1619 1620
4932 2 2 1 1 1280 1119 3073
4933 2 2 1 1 1885 1750 1984
4934 2 2 1 1 973 825 3104
4935 2 2 1 1 834 835 836
4936 2 2 1 1 1110 500 1133
4937 2 2 1 1 1310 1532 1533
4938 2 2 1 1 1340 1341 1342
4939 2 2 1 1 1190 1188 1191
4940 2 2 1 1 461 463 1125
4941 2 2 1 1 750 728 756
4942 2 2 1 1 2234 1763 3042
4943 2 2 1 1 879 756 880
4944 2 2 1 1 1189 1188 1190
4945 2 2 1 1 2749 2731 3185
4946 2 2 1 1 607 606 613
4947 2 2 1 1 393 392 394
4948 2 2 1 1 634 648 3061
4949 2 2 1 1 793 2949 3118
4950 2 2 1 1 784 785 786
4951 2 2 1 1 1032 1030 1329
4952 2 2 1 1 669 668 670
4953 2 2 1 1 3086 614 3099
4954 2 2 1 1 634 635 648
4955 2 2 1 1 1430 1751 1759
4956 2 2 1 1 430 428 3019
4957 2 2 1 1 1282 1564 1565
4958 2 2 1 1 1448 618 3086
4959 2 2 1 1 1036 1034 1062
4960 2 2 1 1 943 944 1049
4961 2 2 1 1 1335 1067 3034
4962 2 2 1 1 1525 1523 1902
4963 2 2 1 1 1760 1757 1977
4964 2 2 1 1 3419 545 3428
4965 2 2 1 1 1056 1060 3085
4966 2 2 1 1 1181 1183 1306
4967 2 2 1 1 1106 963 3153
4968 2 2 1 1 1002 1216 1217
4969 2 2 1 1 1056 1057 1058
4970 2 2 1 1 479 480 481
4971 2 2 1 1 1100 1101 2994
4972 2 2 1 1 465 466 467
4973 2 2 1 1 841 855 856
4974 2 2 1 1 462 3018 3108
4975 2 2 1 1 1056 982 1057
4976 2 2 1 1 1239 1238 3233
4977 2 2 1 1 1416 1414 1605
4978 2 2 1 1 1427 1757 1760
4979 2 2 1 1 487 485 488
4980 2 2 1 1 1937 1549 2894
4981 2 2 1 1 1542 1637 1670
4982 2 2 1 1 384 382 979
4983 2 2 1 1 1987 2062 2063
4984 2 2 1 1 617 618 634
4985 2 2 1 1 1976 1560 2621
4986 2 2 1 1 1943 2295 2348
4987 2 2 1 1 1770 1846 2016
4988 2 2 1 1 1851 1677 2110
4989 2 2 1 1 412 410 3050
4990 2 2 1 1 1695 1694 1696
4991 2 2 1 1 1418 1416 3063
4992 2 2 1 1 3097 2528 3244
4993 2 2 1 1 479 482 3103
4994 2 2 1 1 1101 2041 2994
4995 2 2 1 1 2699 861 3196
4996 2 2 1 1 182 183 2360
4997 2 2 1 1 757 740 777
4998 2 2 1 1 607 613 2984
4999 2 2 1 1 1704 1720 2528
5000 2 2 1 1 1828 3245 3326
5001 2 2 1 1 1920 2481 3070
5002 2 2 1 1 372 370 719
5003 2 2 1 1 1618 1906 3045
5004 2 2 1 1 2627 1812 3112
5005 2 2 1 1 686 687 745
5006 2 2 1 1 1186 1475 3192
5007 2 2 1 1 929 927 930
5008 2 2 1 1 1814 2814 3188
5009 2 2 1 1 661 660 662
5010 2 2 1 1 1559 1677 1850
5011 2 2 1 1 391 390 392
5012 2 2 1 1 2099 2098 2100
5013 2 2 1 1 441 443 3088
5014 2 2 1 1 1279 3007 3136
5015 2 2 1 1 693 694 695
5016 2 2 1 1 670 671 675
5017 2 2 1 1 1036 1062 1304
5018 2 2 1 1 1490 1452 3140
5019 2 2 1 1 1974 1975 2245
5020 2 2 1 1 379 376 380
5021 2 2 1 1 379 380 381
5022 2 2 1 1 772 774 775
5023 2 2 1 1 769 1139 3040
5024 2 2 1 1 752 769 770
5025 2 2 1 1 381 382 383
5026 2 2 1 1 1704 1703 1720
5027 2 2 1 1 611 1465 3021
5028 2 2 1 1 613 614 617
5029 2 2 1 1 648 649 686
5030 2 2 1 1 1197 1198 1199
5031 2 2 1 1 1367 1368 1369
5032 2 2 1 1 1313 1040 3149
5033 2 2 1 1 2746 3027 3139
5034 2 2 1 1 887 889 3153
5035 2 2 1 1 1371 1373 1651
5036 2 2 1 1 3066 2715 3142
5037 2 2 1 1 1521 1519 1908
5038 2 2 1 1 1922 1923 1930
5039 2 2 1 1 712 677 728
5040 2 2 1 1 1870 1869 1871
5041 2 2 1 1 716 1971 2321
5042 2 2 1 1 1606 2036 3091
5043 2 2 1 1 907 908 909
5044 2 2 1 1 1411 1234 2514
5045 2 2 1 1 1185 905 1186
5046 2 2 1 1 1731 1729 1733
5047 2 2 1 1 477 476 478
5048 2 2 1 1 691 693 742
5049 2 2 1 1 1304 1331 1498
5050 2 2 1 1 1837 1834 1996
5051 2 2 1 1 2258 1757 3056
5052 2 2 1 1 496 494 2021
5053 2 2 1 1 1586 1313 3149
5054 2 2 1 1 963 887 3153
5055 2 2 1 1 1899 1895 2583
5056 2 2 1 1 634 618 635
5057 2 2 1 1 1283 3052 3053
5058 2 2 1 1 483 484 485
5059 2 2 1 1 663 662 664
5060 2 2 1 1 1107 1302 1303
5061 2 2 1 1 1134 1203 1204
5062 2 2 1 1 383 382 384
5063 2 2 1 1 795 3475 3486
5064 2 2 1 1 1326 1566 3161
5065 2 2 1 1 775 774 776
5066 2 2 1 1 1757 1428 3056
5067 2 2 1 1 1076 2913 2961
5068 2 2 1 1 345 344 346
5069 2 2 1 1 1744 1532 1746
5070 2 2 1 1 1590 1768 2013
5071 2 2 1 1 1197 1199 1627
5072 2 2 1 1 841 856 1462
5073 2 2 1 1 1187 1186 1188
5074 2 2 1 1 1949 2081 2082
5075 2 2 1 1 518 516 546
5076 2 2 1 1 2899 2898 3205
5077 2 2 1 1 1369 1368 1370
5078 2 2 1 1 1578 1589 3089
5079 2 2 1 1 2562 3506 3507
5080 2 2 1 1 365 363 421
5081 2 2 1 1 471 470 472
5082 2 2 1 1 630 620 631
5083 2 2 1 1 1340 1230 1341
5084 2 2 1 1 1866 1867 1868
5085 2 2 1 1 1625 1884 2405
5086 2 2 1 1 691 692 693
5087 2 2 1 1 784 782 785
5088 2 2 1 1 1715 3097 3244
5089 2 2 1 1 1233 1410 1412
5090 2 2 1 1 860 653 3107
5091 2 2 1 1 483 481 484
5092 2 2 1 1 1857 2224 3305
5093 2 2 1 1 1734 1733 1957
5094 2 2 1 1 498 2841 3220
5095 2 2 1 1 1188 1186 3192
5096 2 2 1 1 2088 2374 2375
5097 2 2 1 1 469 470 471
5098 2 2 1 1 1686 1687 1688
5099 2 2 1 1 3078 3096 3138
5100 2 2 1 1 1620 1619 1621
5101 2 2 1 1 596 473 2967
5102 2 2 1 1 1303 1618 1619
5103 2 2 1 1 1084 780 2774
5104 2 2 1 1 1120 3078 3138
5105 2 2 1 1 3035 3012 3128
5106 2 2 1 1 641 631 642
5107 2 2 1 1 710 647 3064
5108 2 2 1 1 1204 1509 1511
5109 2 2 1 1 613 606 614
5110 2 2 1 1 772 773 774
5111 2 2 1 1 1583 1988 3057
5112 2 2 1 1 776 781 782
5113 2 2 1 1 1416 1605 3063
5114 2 2 1 1 1199 1326 1327
5115 2 2 1 1 1953 1647 2096
5116 2 2 1 1 921 923 924
5117 2 2 1 1 1498 1570 1571
5118 2 2 1 1 687 688 689
5119 2 2 1 1 1032 1329 3123
5120 2 2 1 1 1134 1133 1203
5121 2 2 1 1 1125 463 3143
5122 2 2 1 1 1515 1513 1753
5123 2 2 1 1 1598 3128 3170
5124 2 2 1 1 3027 2750 3139
5125 2 2 1 1 1738 1739 1740
5126 2 2 1 1 2715 2717 3142
5127 2 2 1 1 840 839 841
5128 2 2 1 1 689 690 691
5129 2 2 1 1 381 380 382
5130 2 2 1 1 390 388 417
5131 2 2 1 1 488 485 3151
5132 2 2 1 1 776 774 781
5133 2 2 1 1 3090 2990 3095
5134 2 2 1 1 2896 3266 3285
5135 2 2 1 1 1748 2229 2250
5136 2 2 1 1 957 737 3071
5137 2 2 1 1 1377 1376 1378
5138 2 2 1 1 2491 2493 3117
5139 2 2 1 1 496 2021 2029
5140 2 2 1 1 654 642 655
5141 2 2 1 1 729 685 740
5142 2 2 1 1 648 635 649
5143 2 2 1 1 678 655 685
5144 2 2 1 1 1236 1235 3141
5145 2 2 1 1 2624 2623 3016
5146 2 2 1 1 904 906 907
5147 2 2 1 1 281 11 2612
5148 2 2 1 1 2422 2002 3133
5149 2 2 1 1 1096 1209 1231
5150 2 2 1 1 1598 3044 3128
5151 2 2 1 1 1359 1361 1362
5152 2 2 1 1 2890 2893 3401
5153 2 2 1 1 1371 1370 1372
5154 2 2 1 1 489 488 1107
5155 2 2 1 1 856 869 870
5156 2 2 1 1 2625 2624 3053
5157 2 2 1 1 1053 1214 3316
5158 2 2 1 1 902 903 904
5159 2 2 1 1 980 1114 1115
5160 2 2 1 1 1621 1750 1885
5161 2 2 1 1 1488 1879 3140
5162 2 2 1 1 2717 2720 3142
5163 2 2 1 1 1325 1822 1823
5164 2 2 1 1 907 909 912
5165 2 2 1 1 752 770 771
5166 2 2 1 1 1186 905 1475
5167 2 2 1 1 973 3104 3184
5168 2 2 1 1 473 475 2967
5169 2 2 1 1 703 705 1135
5170 2 2 1 1 343 342 344
5171 2 2 1 1 1682 1684 1685
5172 2 2 1 1 1566 1747 1748
5173 2 2 1 1 1800 3085 3271
5174 2 2 1 1 2772 3000 3121
5175 2 2 1 1 707 709 744
5176 2 2 1 1 1547 1244 1548
5177 2 2 1 1 686 649 687
5178 2 2 1 1 1738 1736 1739
5179 2 2 1 1 653 673 3107
5180 2 2 1 1 849 845 3083
5181 2 2 1 1 843 840 3077
5182 2 2 1 1 1702 1700 1703
5183 2 2 1 1 1819 2979 3220
5184 2 2 1 1 1927 1829 1931
5185 2 2 1 1 1727 1725 1728
5186 2 2 1 1 2823 3332 3341
5187 2 2 1 1 870 898 899
5188 2 2 1 1 495 494 496
5189 2 2 1 1 2425 2424 2426
5190 2 2 1 1 870 897 898
5191 2 2 1 1 497 496 3065
5192 2 2 1 1 660 658 1847
5193 2 2 1 1 2501 2503 3405
5194 2 2 1 1 667 666 668
5195 2 2 1 1 848 845 849
5196 2 2 1 1 1232 2900 3237
5197 2 2 1 1 1555 1724 1725
5198 2 2 1 1 919 2602 3369
5199 2 2 1 1 1685 1684 1686
5200 2 2 1 1 2063 2064 3158
5201 2 2 1 1 1204 1203 1509
5202 2 2 1 1 1697 1696 1698
5203 2 2 1 1 1948 1722 2090
5204 2 2 1 1 663 664 665
5205 2 2 1 1 1807 1808 1986
5206 2 2 1 1 2760 1590 3206
5207 2 2 1 1 477 479 3103
5208 2 2 1 1 1243 1241 1545
5209 2 2 1 1 3092 3009 3207
5210 2 2 1 1 1289 1287 1597
5211 2 2 1 1 664 662 940
5212 2 2 1 1 899 898 900
5213 2 2 1 1 664 940 3179
5214 2 2 1 1 1379 1380 1381
5215 2 2 1 1 1649 1363 2942
5216 2 2 1 1 1743 1742 2220
5217 2 2 1 1 494 491 3001
5218 2 2 1 1 1139 2940 3040
5219 2 2 1 1 936 1042 1126
5220 2 2 1 1 97 263 3072
5221 2 2 1 1 2703 2704 3215
5222 2 2 1 1 2948 3221 3245
5223 2 2 1 1 1507 1508 1848
5224 2 2 1 1 970 1208 3176
5225 2 2 1 1 688 649 3137
5226 2 2 1 1 1964 1746 2253
5227 2 2 1 1 3034 1814 3188
5228 2 2 1 1 2363 2361 2365
5229 2 2 1 1 3044 3035 3128
5230 2 2 1 1 356 354 448
5231 2 2 1 1 1736 1734 3238
5232 2 2 1 1 1566 1748 3161
5233 2 2 1 1 2483 2486 3157
5234 2 2 1 1 1741 1739 1960
5235 2 2 1 1 2019 2422 3242
5236 2 2 1 1 2933 951 3246
5237 2 2 1 1 1694 1692 1721
5238 2 2 1 1 901 900 902
5239 2 2 1 1 1697 1698 2975
5240 2 2 1 1 1653 2104 2105
5241 2 2 1 1 1490 3140 3171
5242 2 2 1 1 1777 1586 2014
5243 2 2 1 1 635 1448 3137
5244 2 2 1 1 1373 1372 1374
5245 2 2 1 1 1821 3170 3186
5246 2 2 1 1 485 484 3151
5247 2 2 1 1 2014 2423 3279
5248 2 2 1 1 1724 1732 2083
5249 2 2 1 1 2903 2888 3270
5250 2 2 1 1 1620 2038 3228
5251 2 2 1 1 771 770 772
5252 2 2 1 1 352 350 2028
5253 2 2 1 1 620 615 3021
5254 2 2 1 1 1325 1106 1822
5255 2 2 1 1 1957 2101 2125
5256 2 2 1 1 914 916 919
5257 2 2 1 1 843 3077 3083
5258 2 2 1 1 1452 1488 3140
5259 2 2 1 1 2301 255 2302
5260 2 2 1 1 1337 1261 3084
5261 2 2 1 1 2856 2780 3392
5262 2 2 1 1 363 361 3126
5263 2 2 1 1 1814 957 3071
5264 2 2 1 1 1661 1660 1861
5265 2 2 1 1 838 839 840
5266 2 2 1 1 1465 609 2984
5267 2 2 1 1 1041 1064 3447
5268 2 2 1 1 2437 3263 3295
5269 2 2 1 1 1387 1389 1655
5270 2 2 1 1 697 699 743
5271 2 2 1 1 1848 1508 1904
5272 2 2 1 1 479 478 480
5273 2 2 1 1 1862 1861 2249
5274 2 2 1 1 1698 1696 1699
5275 2 2 1 1 496 2029 3065
5276 2 2 1 1 1552 1551 1679
5277 2 2 1 1 2694 3419 3428
5278 2 2 1 1 899 900 901
5279 2 2 1 1 1028 1252 3131
5280 2 2 1 1 1369 1370 1371
5281 2 2 1 1 980 1789 3217
5282 2 2 1 1 673 1138 3107
5283 2 2 1 1 2065 1395 2066
5284 2 2 1 1 1302 488 3151
5285 2 2 1 1 1822 1106 3153
5286 2 2 1 1 633 3393 3399
5287 2 2 1 1 1986 1987 3116
5288 2 2 1 1 3472 2868 3480
5289 2 2 1 1 1044 1222 2946
5290 2 2 1 1 642 631 950
5291 2 2 1 1 37 259 3154
5292 2 2 1 1 874 3441 3612
5293 2 2 1 1 728 677 1466
5294 2 2 1 1 901 902 905
5295 2 2 1 1 436 1146 3080
5296 2 2 1 1 833 831 3095
5297 2 2 1 1 1115 1114 1116
5298 2 2 1 1 1282 1236 1564
5299 2 2 1 1 2898 1074 3205
5300 2 2 1 1 218 303 2388
5301 2 2 1 1 2731 2733 3185
5302 2 2 1 1 3025 1598 3170
5303 2 2 1 1 3105 2868 3472
5304 2 2 1 1 1070 1335 3216
5305 2 2 1 1 1391 1393 1669
5306 2 2 1 1 3475 2976 3486
5307 2 2 1 1 770 769 3040
5308 2 2 1 1 1951 3471 3481
5309 2 2 1 1 1731 1733 1734
5310 2 2 1 1 1122 477 3103
5311 2 2 1 1 665 664 666
5312 2 2 1 1 338 307 2260
5313 2 2 1 1 1874 2044 3438
5314 2 2 1 1 1708 1706 3097
5315 2 2 1 1 1706 2528 3097
5316 2 2 1 1 446 449 3166
5317 2 2 1 1 3215 2704 3259
5318 2 2 1 1 1046 1044 2946
5319 2 2 1 1 439 754 3187
5320 2 2 1 1 1238 1116 1244
5321 2 2 1 1 2020 1599 3186
5322 2 2 1 1 1346 1223 1347
5323 2 2 1 1 388 386 3587
5324 2 2 1 1 942 1047 3173
5325 2 2 1 1 500 497 3065
5326 2 2 1 1 671 668 3255
5327 2 2 1 1 3064 2625 3127
5328 2 2 1 1 924 925 926
5329 2 2 1 1 1827 1829 1927
5330 2 2 1 1 2562 1296 3506
5331 2 2 1 1 1829 1828 3175
5332 2 2 1 1 1816 3168 3215
5333 2 2 1 1 2416 2413 3240
5334 2 2 1 1 2403 2404 3379
5335 2 2 1 1 2437 3295 3319
5336 2 2 1 1 754 441 3088
5337 2 2 1 1 705 707 3160
5338 2 2 1 1 1261 1581 3084
5339 2 2 1 1 303 219 3213
5340 2 2 1 1 1535 3030 3197
5341 2 2 1 1 288 181 3231
5342 2 2 1 1 1945 1946 1947
5343 2 2 1 1 2759 837 3225
5344 2 2 1 1 817 814 3078
5345 2 2 1 1 1230 3022 3168
5346 2 2 1 1 1290 1584 2775
5347 2 2 1 1 125 126 296
5348 2 2 1 1 3042 2919 3182
5349 2 2 1 1 1547 1924 1925
5350 2 2 1 1 1686 1684 1687
5351 2 2 1 1 740 685 741
5352 2 2 1 1 1918 2881 3603
5353 2 2 1 1 745 687 3152
5354 2 2 1 1 1738 1740 3125
5355 2 2 1 1 1941 1943 3144
5356 2 2 1 1 2021 494 3001
5357 2 2 1 1 1377 1378 1379
5358 2 2 1 1 1823 1822 1863
5359 2 2 1 1 1034 1032 3123
5360 2 2 1 1 1467 1860 3248
5361 2 2 1 1 1316 1317 1638
5362 2 2 1 1 1283 944 3052
5363 2 2 1 1 1588 1087 3216
5364 2 2 1 1 350 347 3174
5365 2 2 1 1 2819 1306 3544
5366 2 2 1 1 1987 2063 3116
5367 2 2 1 1 1925 1965 2226
5368 2 2 1 1 2594 327 3115
5369 2 2 1 1 1126 1127 1195
5370 2 2 1 1 1463 1341 3168
5371 2 2 1 1 930 932 954
5372 2 2 1 1 347 346 3174
5373 2 2 1 1 944 884 3052
5374 2 2 1 1 691 742 3150
5375 2 2 1 1 926 927 929
5376 2 2 1 1 1375 1374 1376
5377 2 2 1 1 669 670 677
5378 2 2 1 1 804 888 3258
5379 2 2 1 1 2292 1805 3020
5380 2 2 1 1 2014 1586 3149
5381 2 2 1 1 1371 1372 1373
5382 2 2 1 1 667 668 669
5383 2 2 1 1 2390 1941 3144
5384 2 2 1 1 463 465 3143
5385 2 2 1 1 1137 1061 1477
5386 2 2 1 1 1974 2245 2259
5387 2 2 1 1 3099 604 3189
5388 2 2 1 1 1350 1351 1352
5389 2 2 1 1 3000 1594 3121
5390 2 2 1 1 3098 1962 3177
5391 2 2 1 1 1619 1618 3045
5392 2 2 1 1 1348 1349 1350
5393 2 2 1 1 3079 1535 3197
5394 2 2 1 1 361 1206 3126
5395 2 2 1 1 2124 2218 2223
5396 2 2 1 1 2030 1800 3271
5397 2 2 1 1 10 281 2937
5398 2 2 1 1 1945 1825 1946
5399 2 2 1 1 1660 1658 1818
5400 2 2 1 1 2119 1663 2120
5401 2 2 1 1 1556 1502 1557
5402 2 2 1 1 549 3006 3300
5403 2 2 1 1 95 96 328
5404 2 2 1 1 1886 1738 3125
5405 2 2 1 1 2083 1732 2084
5406 2 2 1 1 926 929 980
5407 2 2 1 1 809 2630 3327
5408 2 2 1 1 3380 425 3411
5409 2 2 1 1 1872 2955 3294
5410 2 2 1 1 1962 2088 3177
5411 2 2 1 1 64 65 3293
5412 2 2 1 1 2834 3118 3377
5413 2 2 1 1 2021 3001 3181
5414 2 2 1 1 689 691 3150
5415 2 2 1 1 837 835 3225
5416 2 2 1 1 918 921 3119
5417 2 2 1 1 2111 2110 2129
5418 2 2 1 1 181 182 3231
5419 2 2 1 1 1117 1116 1238
5420 2 2 1 1 1136 1137 1316
5421 2 2 1 1 1232 1231 1554
5422 2 2 1 1 339 338 340
5423 2 2 1 1 508 3092 3207
5424 2 2 1 1 1194 1281 3057
5425 2 2 1 1 1831 1460 3114
5426 2 2 1 1 2548 1753 3568
5427 2 2 1 1 1044 1045 1222
5428 2 2 1 1 980 929 1114
5429 2 2 1 1 1746 1532 3172
5430 2 2 1 1 3075 2822 3234
5431 2 2 1 1 341 340 342
5432 2 2 1 1 1591 2891 3381
5433 2 2 1 1 1559 1676 1677
5434 2 2 1 1 2396 947 3432
5435 2 2 1 1 1238 1547 3233
5436 2 2 1 1 845 843 3083
5437 2 2 1 1 371 1076 3252
5438 2 2 1 1 2360 2361 2362
5439 2 2 1 1 3006 3005 3284
5440 2 2 1 1 1138 732 3167
5441 2 2 1 1 604 602 3189
5442 2 2 1 1 132 133 269
5443 2 2 1 1 1381 1383 1668
5444 2 2 1 1 1133 500 3065
5445 2 2 1 1 2461 1779 3169
5446 2 2 1 1 1228 1344 1401
5447 2 2 1 1 1954 2097 2169
5448 2 2 1 1 921 924 3119
5449 2 2 1 1 1412 1743 1866
5450 2 2 1 1 827 1457 3090
5451 2 2 1 1 2330 2329 2331
5452 2 2 1 1 2234 3042 3182
5453 2 2 1 1 1052 948 1108
5454 2 2 1 1 1285 1559 3209
5455 2 2 1 1 1303 1620 3181
5456 2 2 1 1 1453 1450 3138
5457 2 2 1 1 1037 1036 3163
5458 2 2 1 1 1030 1028 3131
5459 2 2 1 1 1458 973 3184
5460 2 2 1 1 665 666 667
5461 2 2 1 1 1222 1223 1345
5462 2 2 1 1 1238 1244 1547
5463 2 2 1 1 3078 813 3096
5464 2 2 1 1 1547 1548 1924
5465 2 2 1 1 2028 3174 3268
5466 2 2 1 1 2245 2246 2265
5467 2 2 1 1 3170 2020 3186
5468 2 2 1 1 732 752 3167
5469 2 2 1 1 1510 1203 3222
5470 2 2 1 1 1943 2348 3144
5471 2 2 1 1 885 833 3095
5472 2 2 1 1 2041 2040 3575
5473 2 2 1 1 1817 2699 3196
5474 2 2 1 1 1194 1193 1235
5475 2 2 1 1 1176 1174 3286
5476 2 2 1 1 1327 1326 3161
5477 2 2 1 1 1714 1711 1715
5478 2 2 1 1 1740 1739 1741
5479 2 2 1 1 3194 1927 3195
5480 2 2 1 1 1191 1188 3192
5481 2 2 1 1 2002 2001 3133
5482 2 2 1 1 3022 2703 3215
5483 2 2 1 1 2038 1621 3178
5484 2 2 1 1 2088 2375 3177
5485 2 2 1 1 2268 3020 3204
5486 2 2 1 1 3442 2727 3443
5487 2 2 1 1 649 635 3137
5488 2 2 1 1 814 813 3078
5489 2 2 1 1 1062 1034 3123
5490 2 2 1 1 1913 2431 3608
5491 2 2 1 1 2749 3185 3283
5492 2 2 1 1 94 95 3147
5493 2 2 1 1 1847 658 3080
5494 2 2 1 1 1235 1507 3141
5495 2 2 1 1 359 356 3094
5496 2 2 1 1 510 508 3207
5497 2 2 1 1 622 510 3207
5498 2 2 1 1 905 902 3191
5499 2 2 1 1 1215 1046 2946
5500 2 2 1 1 1641 1844 1922
5501 2 2 1 1 2934 3442 3443
5502 2 2 1 1 1475 905 3191
5503 2 2 1 1 1345 1346 1647
5504 2 2 1 1 1698 1699 1700
5505 2 2 1 1 465 650 3143
5506 2 2 1 1 1107 1303 3181
5507 2 2 1 1 1235 1237 1507
5508 2 2 1 1 262 2335 2337
5509 2 2 1 1 810 809 3287
5510 2 2 1 1 3486 2976 3490
5511 2 2 1 1 666 664 3179
5512 2 2 1 1 757 778 3301
5513 2 2 1 1 382 380 3580
5514 2 2 1 1 662 660 3180
5515 2 2 1 1 3065 2029 3222
5516 2 2 1 1 1959 1800 2030
5517 2 2 1 1 892 984 3200
5518 2 2 1 1 1471 1468 3248
5519 2 2 1 1 687 689 3152
5520 2 2 1 1 328 96 3072
5521 2 2 1 1 1377 1379 1652
5522 2 2 1 1 602 978 3189
5523 2 2 1 1 1348 1350 1666
5524 2 2 1 1 1405 1551 1552
5525 2 2 1 1 1922 1930 3658
5526 2 2 1 1 3006 3284 3300
5527 2 2 1 1 1401 1664 1665
5528 2 2 1 1 2486 2489 3157
5529 2 2 1 1 756 728 3239
5530 2 2 1 1 3329 2394 3344
5531 2 2 1 1 2926 2747 3338
5532 2 2 1 1 1341 1230 3168
5533 2 2 1 1 1557 2032 2658
5534 2 2 1 1 902 904 3191
5535 2 2 1 1 1044 941 1045
5536 2 2 1 1 1232 1554 1555
5537 2 2 1 1 1457 2990 3090
5538 2 2 1 1 1881 1831 3260
5539 2 2 1 1 628 436 3080
5540 2 2 1 1 1394 1653 3068
5541 2 2 1 1 1335 3034 3188
5542 2 2 1 1 1670 1671 2106
5543 2 2 1 1 2462 2463 3211
5544 2 2 1 1 2805 2858 3384
5545 2 2 1 1 835 885 3225
5546 2 2 1 1 1329 1030 3131
5547 2 2 1 1 262 2337 3275
5548 2 2 1 1 1373 1374 1375
5549 2 2 1 1 1925 1924 1965
5550 2 2 1 1 984 2760 3200
5551 2 2 1 1 2528 1949 3244
5552 2 2 1 1 3168 3022 3215
5553 2 2 1 1 2567 3499 3501
5554 2 2 1 1 940 662 3180
5555 2 2 1 1 929 930 3221
5556 2 2 1 1 1135 705 3160
5557 2 2 1 1 346 1061 1136
5558 2 2 1 1 752 771 3167
5559 2 2 1 1 1346 1347 1348
5560 2 2 1 1 1720 1703 1722
5561 2 2 1 1 1450 1120 3138
5562 2 2 1 1 1559 1850 3209
5563 2 2 1 1 1682 1680 1683
5564 2 2 1 1 1827 1927 3194
5565 2 2 1 1 368 366 3267
5566 2 2 1 1 730 2965 3202
5567 2 2 1 1 707 744 3160
5568 2 2 1 1 1555 1554 1724
5569 2 2 1 1 1087 1070 3216
5570 2 2 1 1 728 1466 3239
5571 2 2 1 1 689 3150 3152
5572 2 2 1 1 1557 1502 2032
5573 2 2 1 1 1281 1583 3057
5574 2 2 1 1 654 678 3302
5575 2 2 1 1 999 1002 3243
5576 2 2 1 1 1050 1285 3209
5577 2 2 1 1 555 550 3283
5578 2 2 1 1 3033 1807 3229
5579 2 2 1 1 1720 1722 1948
5580 2 2 1 1 1375 1376 1377
5581 2 2 1 1 1985 2515 3364
5582 2 2 1 1 1400 1227 1402
5583 2 2 1 1 1585 3033 3229
5584 2 2 1 1 1476 1091 3265
5585 2 2 1 1 1949 1948 2081
5586 2 2 1 1 880 756 890
5587 2 2 1 1 2793 1094 3237
5588 2 2 1 1 1779 1781 3169
5589 2 2 1 1 28 29 271
5590 2 2 1 1 346 344 1061
5591 2 2 1 1 2028 350 3174
5592 2 2 1 1 449 716 3166
5593 2 2 1 1 3258 2752 3280
5594 2 2 1 1 1133 3065 3222
5595 2 2 1 1 3242 1146 3253
5596 2 2 1 1 1639 1317 1640
5597 2 2 1 1 3009 1852 3226
5598 2 2 1 1 1075 360 3314
5599 2 2 1 1 915 913 3276
5600 2 2 1 1 1952 2095 2171
5601 2 2 1 1 130 131 329
5602 2 2 1 1 1284 1283 3199
5603 2 2 1 1 1412 1866 3201
5604 2 2 1 1 1490 3171 3260
5605 2 2 1 1 1552 1680 1681
5606 2 2 1 1 853 892 3200
5607 2 2 1 1 242 150 2472
5608 2 2 1 1 2822 2824 3234
5609 2 2 1 1 3019 1806 3253
5610 2 2 1 1 1304 1628 3163
5611 2 2 1 1 2813 2812 3227
5612 2 2 1 1 421 363 3126
5613 2 2 1 1 716 2321 3166
5614 2 2 1 1 1356 1359 3146
5615 2 2 1 1 2663 885 3304
5616 2 2 1 1 658 628 3080
5617 2 2 1 1 182 2360 3231
5618 2 2 1 1 1114 929 3221
5619 2 2 1 1 1597 1287 3199
5620 2 2 1 1 1682 1683 1684
5621 2 2 1 1 1089 1588 3265
5622 2 2 1 1 2688 2689 3320
5623 2 2 1 1 2899 3075 3234
5624 2 2 1 1 2948 1114 3221
5625 2 2 1 1 356 448 3094
5626 2 2 1 1 2920 484 3249
5627 2 2 1 1 1126 1195 2037
5628 2 2 1 1 1308 1084 3232
5629 2 2 1 1 1460 1458 3114
5630 2 2 1 1 2362 2361 2363
5631 2 2 1 1 1868 1867 1869
5632 2 2 1 1 3381 2891 3401
5633 2 2 1 1 1502 1308 3232
5634 2 2 1 1 1638 1317 1639
5635 2 2 1 1 1621 1885 3178
5636 2 2 1 1 57 58 283
5637 2 2 1 1 977 2978 3335
5638 2 2 1 1 776 783 3433
5639 2 2 1 1 1781 2389 3169
5640 2 2 1 1 1287 1284 3199
5641 2 2 1 1 1018 1016 3288
5642 2 2 1 1 1096 1231 1232
5643 2 2 1 1 2330 2331 2333
5644 2 2 1 1 2683 2682 3330
5645 2 2 1 1 1825 1823 3193
5646 2 2 1 1 1823 1863 3193
5647 2 2 1 1 342 340 1858
5648 2 2 1 1 1889 1741 1950
5649 2 2 1 1 1461 1865 3309
5650 2 2 1 1 1217 1394 1395
5651 2 2 1 1 1316 1137 1317
5652 2 2 1 1 932 936 3148
5653 2 2 1 1 1222 1045 1223
5654 2 2 1 1 1681 1680 1682
5655 2 2 1 1 801 798 3515
5656 2 2 1 1 1590 2013 3206
5657 2 2 1 1 670 675 3155
5658 2 2 1 1 3302 2016 3356
5659 2 2 1 1 3119 924 3217
5660 2 2 1 1 1345 1223 1346
5661 2 2 1 1 1206 359 3094
5662 2 2 1 1 2544 1505 3297
5663 2 2 1 1 1670 2106 2107
5664 2 2 1 1 2992 3079 3197
5665 2 2 1 1 1807 1986 3229
5666 2 2 1 1 1466 677 3155
5667 2 2 1 1 1477 1061 3210
5668 2 2 1 1 930 954 3221
5669 2 2 1 1 1146 3019 3253
5670 2 2 1 1 512 622 3273
5671 2 2 1 1 660 1847 3180
5672 2 2 1 1 37 38 259
5673 2 2 1 1 1650 2099 3146
5674 2 2 1 1 1751 1974 3236
5675 2 2 1 1 924 926 3217
5676 2 2 1 1 3172 1246 3254
5677 2 2 1 1 2253 1746 2254
5678 2 2 1 1 2581 3084 3290
5679 2 2 1 1 3328 1121 3366
5680 2 2 1 1 1316 1642 3268
5681 2 2 1 1 3205 1074 3266
5682 2 2 1 1 358 1075 3307
5683 2 2 1 1 2990 1830 3304
5684 2 2 1 1 1816 3215 3259
5685 2 2 1 1 3174 1136 3268
5686 2 2 1 1 2032 1502 3232
5687 2 2 1 1 3309 2017 3390
5688 2 2 1 1 1552 1679 1680
5689 2 2 1 1 175 176 313
5690 2 2 1 1 2748 2752 3335
5691 2 2 1 1 2874 2875 3493
5692 2 2 1 1 1866 1743 1867
5693 2 2 1 1 1060 1058 3201
5694 2 2 1 1 1235 1193 1237
5695 2 2 1 1 1424 1427 3212
5696 2 2 1 1 1641 1640 1843
5697 2 2 1 1 1246 1243 3254
5698 2 2 1 1 2254 1746 3172
5699 2 2 1 1 1857 1848 1963
5700 2 2 1 1 1058 1233 3201
5701 2 2 1 1 272 94 3147
5702 2 2 1 1 1471 3248 3313
5703 2 2 1 1 951 2834 3246
5704 2 2 1 1 2393 2395 3250
5705 2 2 1 1 1136 1061 1137
5706 2 2 1 1 346 1136 3174
5707 2 2 1 1 250 54 3262
5708 2 2 1 1 1857 1963 2224
5709 2 2 1 1 746 710 3127
5710 2 2 1 1 128 129 280
5711 2 2 1 1 2107 2106 2182
5712 2 2 1 1 890 756 3239
5713 2 2 1 1 1227 1109 3110
5714 2 2 1 1 1468 1467 3248
5715 2 2 1 1 2021 3181 3228
5716 2 2 1 1 1929 2069 3362
5717 2 2 1 1 2029 2021 3228
5718 2 2 1 1 1548 1827 3194
5719 2 2 1 1 357 355 3307
5720 2 2 1 1 1922 1844 1923
5721 2 2 1 1 3142 2720 3284
5722 2 2 1 1 3185 555 3283
5723 2 2 1 1 840 841 3077
5724 2 2 1 1 2775 1584 3359
5725 2 2 1 1 484 481 3249
5726 2 2 1 1 1203 1133 3222
5727 2 2 1 1 65 2299 3293
5728 2 2 1 1 1715 1711 3097
5729 2 2 1 1 2960 643 3303
5730 2 2 1 1 2979 498 3220
5731 2 2 1 1 369 371 3252
5732 2 2 1 1 1412 1742 1743
5733 2 2 1 1 1002 1217 3243
5734 2 2 1 1 1946 1825 3193
5735 2 2 1 1 1951 1950 2077
5736 2 2 1 1 936 1126 3148
5737 2 2 1 1 2567 1295 3499
5738 2 2 1 1 943 1049 3278
5739 2 2 1 1 2015 1490 3260
5740 2 2 1 1 2511 1901 3606
5741 2 2 1 1 2453 2393 3250
5742 2 2 1 1 954 932 3148
5743 2 2 1 1 2119 2120 2121
5744 2 2 1 1 841 1462 3077
5745 2 2 1 1 1228 1215 1344
5746 2 2 1 1 1565 1564 1766
5747 2 2 1 1 3016 2395 3329
5748 2 2 1 1 2624 3016 3235
5749 2 2 1 1 1217 1395 1859
5750 2 2 1 1 1362 1649 1650
5751 2 2 1 1 3114 1458 3184
5752 2 2 1 1 1393 1542 3198
5753 2 2 1 1 1547 1925 3233
5754 2 2 1 1 1036 1304 3163
5755 2 2 1 1 2605 2608 3361
5756 2 2 1 1 710 3064 3127
5757 2 2 1 1 3053 2624 3235
5758 2 2 1 1 1974 2259 3236
5759 2 2 1 1 1669 1393 3198
5760 2 2 1 1 643 645 3303
5761 2 2 1 1 211 212 273
5762 2 2 1 1 1996 1834 3281
5763 2 2 1 1 3005 3142 3284
5764 2 2 1 1 2978 2820 3335
5765 2 2 1 1 364 368 3312
5766 2 2 1 1 3171 1881 3260
5767 2 2 1 1 1639 1640 1641
5768 2 2 1 1 2413 2421 3240
5769 2 2 1 1 1094 1096 3237
5770 2 2 1 1 2032 3232 3278
5771 2 2 1 1 1759 1751 3236
5772 2 2 1 1 1760 2268 3212
5773 2 2 1 1 676 671 3357
5774 2 2 1 1 1190 1191 3190
5775 2 2 1 1 1660 1818 3274
5776 2 2 1 1 2622 1045 3263
5777 2 2 1 1 1233 1412 3201
5778 2 2 1 1 3181 1620 3228
5779 2 2 1 1 1096 1232 3237
5780 2 2 1 1 1243 1545 3254
5781 2 2 1 1 1826 2948 3245
5782 2 2 1 1 1212 1108 1887
5783 2 2 1 1 3304 1830 3390
5784 2 2 1 1 1542 1670 3198
5785 2 2 1 1 888 965 3258
5786 2 2 1 1 1427 1760 3212
5787 2 2 1 1 1359 1362 3146
5788 2 2 1 1 2574 3492 3496
5789 2 2 1 1 481 480 3249
5790 2 2 1 1 1126 2037 3148
5791 2 2 1 1 926 980 3217
5792 2 2 1 1 1564 1236 3141
5793 2 2 1 1 1866 1868 3282
5794 2 2 1 1 2792 2790 3313
5795 2 2 1 1 95 328 3147
5796 2 2 1 1 1670 2107 3198
5797 2 2 1 1 3232 2774 3278
5798 2 2 1 1 1653 2105 3068
5799 2 2 1 1 1241 1239 3257
5800 2 2 1 1 215 262 3275
5801 2 2 1 1 870 899 3214
5802 2 2 1 1 1381 1668 3223
5803 2 2 1 1 1395 1394 3068
5804 2 2 1 1 2255 2254 3272
5805 2 2 1 1 1641 1843 1844
5806 2 2 1 1 1860 1816 3259
5807 2 2 1 1 3153 889 3247
5808 2 2 1 1 677 670 3155
5809 2 2 1 1 1545 1241 3257
5810 2 2 1 1 668 666 3255
5811 2 2 1 1 369 3252 3267
5812 2 2 1 1 2357 2004 3350
5813 2 2 1 1 1859 1395 2065
5814 2 2 1 1 3417 3051 3423
5815 2 2 1 1 1650 1649 1954
5816 2 2 1 1 344 342 3210
5817 2 2 1 1 448 3306 3362
5818 2 2 1 1 1887 1108 3162
5819 2 2 1 1 1237 1193 3190
5820 2 2 1 1 3440 2919 3454
5821 2 2 1 1 1193 1190 3190
5822 2 2 1 1 1805 2938 3204
5823 2 2 1 1 2601 2600 3361
5824 2 2 1 1 1084 2774 3232
5825 2 2 1 1 897 1038 3371
5826 2 2 1 1 2747 2740 3338
5827 2 2 1 1 995 985 3333
5828 2 2 1 1 2026 2512 3264
5829 2 2 1 1 1109 1108 1212
5830 2 2 1 1 2392 2396 3347
5831 2 2 1 1 2904 2903 3270
5832 2 2 1 1 1091 1089 3265
5833 2 2 1 1 1863 1822 3247
5834 2 2 1 1 3287 809 3327
5835 2 2 1 1 3233 2227 3257
5836 2 2 1 1 366 369 3267
5837 2 2 1 1 546 516 3296
5838 2 2 1 1 2738 2744 3338
5839 2 2 1 1 941 777 3263
5840 2 2 1 1 514 512 3273
5841 2 2 1 1 1640 1317 3230
5842 2 2 1 1 2933 3246 3398
5843 2 2 1 1 1352 1353 3308
5844 2 2 1 1 1137 1477 3230
5845 2 2 1 1 1462 856 3214
5846 2 2 1 1 2900 2539 3299
5847 2 2 1 1 948 880 3162
5848 2 2 1 1 1128 1476 3321
5849 2 2 1 1 1924 1548 3194
5850 2 2 1 1 880 890 3162
5851 2 2 1 1 655 3346 3360
5852 2 2 1 1 1822 3153 3247
5853 2 2 1 1 3248 2792 3313
5854 2 2 1 1 3211 2463 3343
5855 2 2 1 1 1650 1954 2098
5856 2 2 1 1 1074 2954 3266
5857 2 2 1 1 2949 2925 3355
5858 2 2 1 1 3096 813 3287
5859 2 2 1 1 1348 1666 3241
5860 2 2 1 1 1214 3177 3316
5861 2 2 1 1 1611 1614 3219
5862 2 2 1 1 2926 3338 3355
5863 2 2 1 1 2978 977 3328
5864 2 2 1 1 2790 2696 3340
5865 2 2 1 1 3237 2900 3299
5866 2 2 1 1 2940 1405 3256
5867 2 2 1 1 2819 3544 3557
5868 2 2 1 1 2774 943 3278
5869 2 2 1 1 1605 3480 3487
5870 2 2 1 1 3051 420 3423
5871 2 2 1 1 1136 1316 3268
5872 2 2 1 1 1379 1381 3223
5873 2 2 1 1 2033 3096 3287
5874 2 2 1 1 3020 1805 3204
5875 2 2 1 1 2884 2889 3354
5876 2 2 1 1 1061 344 3210
5877 2 2 1 1 259 2434 3345
5878 2 2 1 1 2574 1294 3492
5879 2 2 1 1 991 1121 3328
5880 2 2 1 1 977 969 3328
5881 2 2 1 1 3096 2033 3251
5882 2 2 1 1 773 3323 3370
5883 2 2 1 1 2770 1864 3351
5884 2 2 1 1 3119 2864 3315
5885 2 2 1 1 342 1858 3210
5886 2 2 1 1 3254 1545 3272
5887 2 2 1 1 1952 2171 2186
5888 2 2 1 1 2281 2282 2283
5889 2 2 1 1 1045 941 3263
5890 2 2 1 1 420 3050 3383
5891 2 2 1 1 2105 2104 2130
5892 2 2 1 1 2793 3237 3299
5893 2 2 1 1 857 852 3379
5894 2 2 1 1 1217 1859 3243
5895 2 2 1 1 1647 1346 3241
5896 2 2 1 1 237 293 3363
5897 2 2 1 1 1844 1843 1966
5898 2 2 1 1 3315 2864 3330
5899 2 2 1 1 740 741 3295
5900 2 2 1 1 2283 2282 2284
5901 2 2 1 1 3228 2038 3292
5902 2 2 1 1 1249 1014 3352
5903 2 2 1 1 919 916 3315
5904 2 2 1 1 1869 1867 2219
5905 2 2 1 1 2360 2362 3231
5906 2 2 1 1 2954 555 3285
5907 2 2 1 1 1239 3233 3257
5908 2 2 1 1 1861 1660 3274
5909 2 2 1 1 166 167 317
5910 2 2 1 1 3182 2919 3440
5911 2 2 1 1 1837 1996 3291
5912 2 2 1 1 448 354 3306
5913 2 2 1 1 3488 2848 3495
5914 2 2 1 1 2019 3242 3253
5915 2 2 1 1 3256 3049 3323
5916 2 2 1 1 3431 2893 3453
5917 2 2 1 1 3646 2446 3649
5918 2 2 1 1 3266 2954 3285
5919 2 2 1 1 2783 2784 3394
5920 2 2 1 1 352 2028 3306
5921 2 2 1 1 967 977 3339
5922 2 2 1 1 3331 1870 3374
5923 2 2 1 1 2919 2917 3454
5924 2 2 1 1 2412 2414 3382
5925 2 2 1 1 2254 3172 3254
5926 2 2 1 1 2028 3058 3306
5927 2 2 1 1 3467 409 3484
5928 2 2 1 1 953 915 3276
5929 2 2 1 1 2120 1663 3208
5930 2 2 1 1 3485 996 3614
5931 2 2 1 1 2426 2424 3203
5932 2 2 1 1 1584 1289 3344
5933 2 2 1 1 3177 2375 3316
5934 2 2 1 1 1834 1832 3281
5935 2 2 1 1 2720 3010 3284
5936 2 2 1 1 1739 1736 3238
5937 2 2 1 1 2124 1871 2218
5938 2 2 1 1 1174 2761 3286
5939 2 2 1 1 1552 1681 3256
5940 2 2 1 1 881 2777 3444
5941 2 2 1 1 550 549 3283
5942 2 2 1 1 1777 2014 3279
5943 2 2 1 1 1664 1344 1880
5944 2 2 1 1 1317 1137 3230
5945 2 2 1 1 804 3258 3280
5946 2 2 1 1 1591 1143 3342
5947 2 2 1 1 1612 1489 3251
5948 2 2 1 1 2692 2693 3410
5949 2 2 1 1 1362 1650 3146
5950 2 2 1 1 2857 2852 3389
5951 2 2 1 1 1652 1379 3223
5952 2 2 1 1 1346 1348 3241
5953 2 2 1 1 3235 3016 3329
5954 2 2 1 1 1016 1249 3288
5955 2 2 1 1 3284 3010 3300
5956 2 2 1 1 3340 2696 3356
5957 2 2 1 1 1960 1739 3238
5958 2 2 1 1 3493 2875 3511
5959 2 2 1 1 1510 3292 3325
5960 2 2 1 1 3434 2727 3442
5961 2 2 1 1 3141 1857 3305
5962 2 2 1 1 2538 2540 3404
5963 2 2 1 1 2224 1963 2228
5964 2 2 1 1 214 215 3275
5965 2 2 1 1 1132 2958 3387
5966 2 2 1 1 666 3179 3255
5967 2 2 1 1 3426 2931 3452
5968 2 2 1 1 1663 1400 3208
5969 2 2 1 1 1991 1872 3294
5970 2 2 1 1 856 870 3214
5971 2 2 1 1 3313 2790 3340
5972 2 2 1 1 3291 952 3502
5973 2 2 1 1 813 810 3287
5974 2 2 1 1 425 419 3411
5975 2 2 1 1 807 808 3349
5976 2 2 1 1 2744 2736 3377
5977 2 2 1 1 2254 3254 3272
5978 2 2 1 1 2696 717 3356
5979 2 2 1 1 1839 1837 3291
5980 2 2 1 1 2056 3333 3619
5981 2 2 1 1 1400 1402 3208
5982 2 2 1 1 3253 1806 3322
5983 2 2 1 1 1405 1552 3256
5984 2 2 1 1 1832 3279 3281
5985 2 2 1 1 217 218 2388
5986 2 2 1 1 1510 3222 3292
5987 2 2 1 1 811 2793 3299
5988 2 2 1 1 1060 3201 3282
5989 2 2 1 1 1108 948 3162
5990 2 2 1 1 270 2424 2425
5991 2 2 1 1 1505 2017 3297
5992 2 2 1 1 2357 3350 3357
5993 2 2 1 1 1356 3146 3308
5994 2 2 1 1 1607 3529 3545
5995 2 2 1 1 1832 1777 3279
5996 2 2 1 1 3460 2910 3463
5997 2 2 1 1 2946 2927 3298
5998 2 2 1 1 3091 2036 3332
5999 2 2 1 1 2404 3391 3466
6000 2 2 1 1 3292 2038 3325
6001 2 2 1 1 1564 3141 3305
6002 2 2 1 1 2607 2997 3519
6003 2 2 1 1 3118 2744 3377
6004 2 2 1 1 863 864 3378
6005 2 2 1 1 1770 2016 3334
6006 2 2 1 1 1983 3073 3422
6007 2 2 1 1 1109 1212 3110
6008 2 2 1 1 516 514 3296
6009 2 2 1 1 979 3583 3586
6010 2 2 1 1 3456 2872 3470
6011 2 2 1 1 777 740 3295
6012 2 2 1 1 2033 1612 3251
6013 2 2 1 1 3084 1581 3290
6014 2 2 1 1 1664 1880 1952
6015 2 2 1 1 1743 2220 3289
6016 2 2 1 1 3222 2029 3292
6017 2 2 1 1 1609 3074 3415
6018 2 2 1 1 918 3119 3315
6019 2 2 1 1 2665 898 3371
6020 2 2 1 1 1871 1869 3218
6021 2 2 1 1 1401 1344 1664
6022 2 2 1 1 3263 777 3295
6023 2 2 1 1 204 205 298
6024 2 2 1 1 2029 3228 3292
6025 2 2 1 1 2933 3398 3434
6026 2 2 1 1 3010 2749 3300
6027 2 2 1 1 1614 2589 3219
6028 2 2 1 1 354 352 3306
6029 2 2 1 1 338 2260 3310
6030 2 2 1 1 3155 3436 3459
6031 2 2 1 1 3322 2977 3365
6032 2 2 1 1 3085 1060 3271
6033 2 2 1 1 717 654 3302
6034 2 2 1 1 2105 2130 2197
6035 2 2 1 1 1215 2946 3298
6036 2 2 1 1 806 757 3301
6037 2 2 1 1 340 338 3310
6038 2 2 1 1 1402 1227 3110
6039 2 2 1 1 1889 1951 3481
6040 2 2 1 1 744 709 3353
6041 2 2 1 1 2018 2663 3390
6042 2 2 1 1 805 3416 3437
6043 2 2 1 1 645 860 3303
6044 2 2 1 1 2916 357 3461
6045 2 2 1 1 3413 2680 3422
6046 2 2 1 1 2861 2797 3418
6047 2 2 1 1 807 3349 3404
6048 2 2 1 1 514 3273 3296
6049 2 2 1 1 655 642 3346
6050 2 2 1 1 1806 2977 3322
6051 2 2 1 1 2832 771 3424
6052 2 2 1 1 2735 2732 3398
6053 2 2 1 1 1353 1356 3308
6054 2 2 1 1 3258 965 3339
6055 2 2 1 1 3299 2539 3349
6056 2 2 1 1 773 3040 3323
6057 2 2 1 1 2424 174 3203
6058 2 2 1 1 598 535 3408
6059 2 2 1 1 904 907 3358
6060 2 2 1 1 1145 1591 3381
6061 2 2 1 1 518 546 3368
6062 2 2 1 1 3415 3074 3435
6063 2 2 1 1 2096 1647 3241
6064 2 2 1 1 1609 1267 3413
6065 2 2 1 1 585 657 3386
6066 2 2 1 1 1883 2618 3419
6067 2 2 1 1 1333 583 3386
6068 2 2 1 1 2956 2680 3413
6069 2 2 1 1 1589 1332 3381
6070 2 2 1 1 355 358 3307
6071 2 2 1 1 202 203 332
6072 2 2 1 1 362 364 3312
6073 2 2 1 1 1597 3235 3329
6074 2 2 1 1 3201 1866 3282
6075 2 2 1 1 3332 2823 3366
6076 2 2 1 1 1869 2219 3218
6077 2 2 1 1 575 656 3396
6078 2 2 1 1 914 919 3369
6079 2 2 1 1 2019 3253 3322
6080 2 2 1 1 569 976 3395
6081 2 2 1 1 3154 259 3345
6082 2 2 1 1 781 774 3370
6083 2 2 1 1 1085 522 3385
6084 2 2 1 1 1867 1743 3289
6085 2 2 1 1 1766 1564 3305
6086 2 2 1 1 788 859 3403
6087 2 2 1 1 741 685 3360
6088 2 2 1 1 1830 1461 3309
6089 2 2 1 1 3095 2990 3304
6090 2 2 1 1 1584 3347 3359
6091 2 2 1 1 976 571 3400
6092 2 2 1 1 3146 2099 3308
6093 2 2 1 1 3575 2235 3607
6094 2 2 1 1 1010 1250 3373
6095 2 2 1 1 581 1333 3397
6096 2 2 1 1 3417 1879 3425
6097 2 2 1 1 2039 3219 3380
6098 2 2 1 1 2544 3297 3455
6099 2 2 1 1 561 563 3407
6100 2 2 1 1 2436 2437 3319
6101 2 2 1 1 912 909 3367
6102 2 2 1 1 2940 3256 3323
6103 2 2 1 1 2978 3328 3366
6104 2 2 1 1 2663 3304 3390
6105 2 2 1 1 213 214 330
6106 2 2 1 1 2803 2800 3430
6107 2 2 1 1 950 631 3376
6108 2 2 1 1 2398 2057 3618
6109 2 2 1 1 226 227 3445
6110 2 2 1 1 1957 2125 3277
6111 2 2 1 1 916 918 3315
6112 2 2 1 1 2039 3380 3411
6113 2 2 1 1 2449 2451 3642
6114 2 2 1 1 3077 1462 3343
6115 2 2 1 1 1462 3211 3343
6116 2 2 1 1 2848 1278 3495
6117 2 2 1 1 1006 1291 3412
6118 2 2 1 1 360 362 3314
6119 2 2 1 1 3238 1957 3277
6120 2 2 1 1 2609 2610 3437
6121 2 2 1 1 1993 1845 3318
6122 2 2 1 1 3404 2540 3416
6123 2 2 1 1 885 3095 3304
6124 2 2 1 1 2446 3353 3649
6125 2 2 1 1 2033 3287 3327
6126 2 2 1 1 526 524 3428
6127 2 2 1 1 3343 2463 3372
6128 2 2 1 1 2934 2932 3442
6129 2 2 1 1 2928 537 3444
6130 2 2 1 1 528 545 3420
6131 2 2 1 1 3015 2873 3435
6132 2 2 1 1 3323 3049 3370
6133 2 2 1 1 174 175 3203
6134 2 2 1 1 657 587 3409
6135 2 2 1 1 3365 425 3380
6136 2 2 1 1 3640 2447 3643
6137 2 2 1 1 2003 3322 3365
6138 2 2 1 1 3387 2958 3388
6139 2 2 1 1 3076 1471 3313
6140 2 2 1 1 2752 3258 3339
6141 2 2 1 1 591 1293 3414
6142 2 2 1 1 713 805 3436
6143 2 2 1 1 1250 1008 3412
6144 2 2 1 1 420 3383 3423
6145 2 2 1 1 2027 2410 3421
6146 2 2 1 1 3306 3058 3362
6147 2 2 1 1 595 679 3427
6148 2 2 1 1 620 3021 3376
6149 2 2 1 1 656 577 3406
6150 2 2 1 1 539 881 3444
6151 2 2 1 1 1894 3439 3508
6152 2 2 1 1 1130 1128 3321
6153 2 2 1 1 2727 2746 3443
6154 2 2 1 1 2658 2032 3317
6155 2 2 1 1 1865 1617 3388
6156 2 2 1 1 811 3299 3349
6157 2 2 1 1 1260 1262 3440
6158 2 2 1 1 2645 2688 3320
6159 2 2 1 1 1626 1510 3325
6160 2 2 1 1 1600 1271 3415
6161 2 2 1 1 2003 2019 3322
6162 2 2 1 1 2577 3563 3567
6163 2 2 1 1 3246 2735 3398
6164 2 2 1 1 2375 3183 3316
6165 2 2 1 1 969 991 3328
6166 2 2 1 1 293 2330 3363
6167 2 2 1 1 2820 2748 3335
6168 2 2 1 1 1265 2956 3413
6169 2 2 1 1 1269 1609 3415
6170 2 2 1 1 362 3312 3314
6171 2 2 1 1 2723 2727 3434
6172 2 2 1 1 2678 2677 3449
6173 2 2 1 1 3040 2940 3323
6174 2 2 1 1 1293 593 3427
6175 2 2 1 1 1481 1059 3391
6176 2 2 1 1 1344 1215 3298
6177 2 2 1 1 2864 2683 3330
6178 2 2 1 1 771 772 3424
6179 2 2 1 1 805 2963 3436
6180 2 2 1 1 805 748 3416
6181 2 2 1 1 1864 2033 3327
6182 2 2 1 1 3271 1060 3282
6183 2 2 1 1 236 237 3363
6184 2 2 1 1 1718 1934 3336
6185 2 2 1 1 965 967 3339
6186 2 2 1 1 1858 340 3310
6187 2 2 1 1 1879 2039 3425
6188 2 2 1 1 725 726 3446
6189 2 2 1 1 2382 3154 3345
6190 2 2 1 1 2977 425 3365
6191 2 2 1 1 2740 2738 3338
6192 2 2 1 1 2394 2392 3347
6193 2 2 1 1 3278 1049 3317
6194 2 2 1 1 2821 2978 3366
6195 2 2 1 1 3494 2606 3504
6196 2 2 1 1 2257 1770 3334
6197 2 2 1 1 1262 3182 3440
6198 2 2 1 1 1001 1000 3450
6199 2 2 1 1 985 1279 3333
6200 2 2 1 1 2608 2606 3494
6201 2 2 1 1 1130 3321 3342
6202 2 2 1 1 2578 1908 3562
6203 2 2 1 1 2004 2770 3350
6204 2 2 1 1 1121 3091 3332
6205 2 2 1 1 2218 1871 3218
6206 2 2 1 1 723 725 3448
6207 2 2 1 1 2824 2823 3341
6208 2 2 1 1 3048 2931 3426
6209 2 2 1 1 3076 3313 3340
6210 2 2 1 1 1143 1130 3342
6211 2 2 1 1 2521 2522 3509
6212 2 2 1 1 3140 1879 3417
6213 2 2 1 1 1951 2078 3471
6214 2 2 1 1 1976 2621 3429
6215 2 2 1 1 2515 2440 3364
6216 2 2 1 1 3050 1132 3387
6217 2 2 1 1 1289 1597 3344
6218 2 2 1 1 2493 2492 3324
6219 2 2 1 1 3438 859 3464
6220 2 2 1 1 2219 1867 3289
6221 2 2 1 1 2589 2003 3365
6222 2 2 1 1 1921 1919 3613
6223 2 2 1 1 3083 3077 3343
6224 2 2 1 1 1444 2928 3453
6225 2 2 1 1 1894 1896 3439
6226 2 2 1 1 3519 2997 3534
6227 2 2 1 1 2617 3556 3558
6228 2 2 1 1 203 204 3269
6229 2 2 1 1 1880 1344 3298
6230 2 2 1 1 1846 3340 3356
6231 2 2 1 1 1846 3076 3340
6232 2 2 1 1 3155 675 3436
6233 2 2 1 1 2042 2543 3484
6234 2 2 1 1 2038 3178 3325
6235 2 2 1 1 1014 1012 3352
6236 2 2 1 1 642 950 3346
6237 2 2 1 1 3305 2224 3337
6238 2 2 1 1 2976 2530 3490
6239 2 2 1 1 2930 2910 3460
6240 2 2 1 1 2036 2034 3393
6241 2 2 1 1 3298 2927 3402
6242 2 2 1 1 63 64 289
6243 2 2 1 1 954 3148 3326
6244 2 2 1 1 2398 3618 3620
6245 2 2 1 1 2032 3278 3317
6246 2 2 1 1 849 2399 3458
6247 2 2 1 1 1818 2775 3359
6248 2 2 1 1 2825 1718 3548
6249 2 2 1 1 2030 3271 3331
6250 2 2 1 1 3125 3462 3474
6251 2 2 1 1 598 3408 3521
6252 2 2 1 1 2039 3411 3425
6253 2 2 1 1 3245 954 3326
6254 2 2 1 1 1456 2665 3512
6255 2 2 1 1 2581 3290 3461
6256 2 2 1 1 3197 3030 3600
6257 2 2 1 1 2886 2884 3354
6258 2 2 1 1 1291 1004 3450
6259 2 2 1 1 709 739 3353
6260 2 2 1 1 2589 3365 3380
6261 2 2 1 1 2925 2926 3355
6262 2 2 1 1 3271 3282 3331
6263 2 2 1 1 1888 2976 3475
6264 2 2 1 1 2024 2025 3457
6265 2 2 1 1 3282 1868 3331
6266 2 2 1 1 3367 911 3369
6267 2 2 1 1 1069 676 3357
6268 2 2 1 1 2606 2607 3504
6269 2 2 1 1 785 782 3452
6270 2 2 1 1 55 56 331
6271 2 2 1 1 3086 3531 3537
6272 2 2 1 1 909 911 3367
6273 2 2 1 1 808 811 3349
6274 2 2 1 1 2370 1966 3599
6275 2 2 1 1 3148 2037 3326
6276 2 2 1 1 3229 1986 3405
6277 2 2 1 1 2031 2030 3374
6278 2 2 1 1 2016 1846 3356
6279 2 2 1 1 2600 2605 3361
6280 2 2 1 1 249 3682 3684
6281 2 2 1 1 1740 1889 3478
6282 2 2 1 1 2630 1069 3351
6283 2 2 1 1 685 655 3360
6284 2 2 1 1 3349 2539 3404
6285 2 2 1 1 2909 2659 3464
6286 2 2 1 1 3352 1012 3373
6287 2 2 1 1 911 914 3369
6288 2 2 1 1 898 897 3371
6289 2 2 1 1 1960 3238 3277
6290 2 2 1 1 520 518 3368
6291 2 2 1 1 313 176 3164
6292 2 2 1 1 3362 2069 3375
6293 2 2 1 1 1037 3439 3505
6294 2 2 1 1 849 3083 3372
6295 2 2 1 1 2617 1902 3556
6296 2 2 1 1 3191 904 3358
6297 2 2 1 1 3347 2396 3359
6298 2 2 1 1 2044 3403 3438
6299 2 2 1 1 2414 2418 3382
6300 2 2 1 1 3058 1929 3362
6301 2 2 1 1 289 64 3293
6302 2 2 1 1 859 786 3463
6303 2 2 1 1 1880 3298 3402
6304 2 2 1 1 774 773 3370
6305 2 2 1 1 2359 1916 3441
6306 2 2 1 1 1059 1057 3391
6307 2 2 1 1 2503 3229 3405
6308 2 2 1 1 3116 2063 3447
6309 2 2 1 1 1012 1010 3373
6310 2 2 1 1 864 867 3378
6311 2 2 1 1 2667 3549 3552
6312 2 2 1 1 2736 2735 3377
6313 2 2 1 1 1597 3329 3344
6314 2 2 1 1 3197 3600 3605
6315 2 2 1 1 2669 2043 3527
6316 2 2 1 1 2046 2048 3524
6317 2 2 1 1 631 620 3376
6318 2 2 1 1 3089 1589 3431
6319 2 2 1 1 1332 1145 3381
6320 2 2 1 1 783 2934 3443
6321 2 2 1 1 3094 448 3375
6322 2 2 1 1 2858 2859 3384
6323 2 2 1 1 2957 409 3467
6324 2 2 1 1 1454 3341 3393
6325 2 2 1 1 2784 2787 3394
6326 2 2 1 1 3290 2916 3461
6327 2 2 1 1 55 331 3262
6328 2 2 1 1 781 3426 3452
6329 2 2 1 1 2404 2402 3522
6330 2 2 1 1 1712 2825 3542
6331 2 2 1 1 583 585 3386
6332 2 2 1 1 2852 2854 3389
6333 2 2 1 1 2780 2781 3392
6334 2 2 1 1 1978 1979 3485
6335 2 2 1 1 1057 982 3466
6336 2 2 1 1 3350 1069 3357
6337 2 2 1 1 938 857 3379
6338 2 2 1 1 3522 1909 3528
6339 2 2 1 1 2095 1880 3402
6340 2 2 1 1 522 520 3385
6341 2 2 1 1 3462 890 3474
6342 2 2 1 1 520 3368 3385
6343 2 2 1 1 2222 1766 3337
6344 2 2 1 1 175 313 3203
6345 2 2 1 1 2053 2261 3551
6346 2 2 1 1 2667 1761 3549
6347 2 2 1 1 1277 1493 3472
6348 2 2 1 1 567 569 3395
6349 2 2 1 1 1493 3105 3472
6350 2 2 1 1 573 575 3396
6351 2 2 1 1 2669 3527 3539
6352 2 2 1 1 579 581 3397
6353 2 2 1 1 848 849 3458
6354 2 2 1 1 330 214 3275
6355 2 2 1 1 803 801 3482
6356 2 2 1 1 2866 2874 3487
6357 2 2 1 1 795 792 3473
6358 2 2 1 1 2732 2725 3398
6359 2 2 1 1 795 3473 3475
6360 2 2 1 1 743 699 3468
6361 2 2 1 1 404 416 3477
6362 2 2 1 1 2030 3331 3374
6363 2 2 1 1 571 573 3400
6364 2 2 1 1 579 3397 3406
6365 2 2 1 1 2544 3455 3467
6366 2 2 1 1 2034 2035 3399
6367 2 2 1 1 2539 2538 3404
6368 2 2 1 1 790 788 3403
6369 2 2 1 1 1875 1881 3383
6370 2 2 1 1 2891 2890 3401
6371 2 2 1 1 3448 725 3591
6372 2 2 1 1 1617 1875 3388
6373 2 2 1 1 2445 2449 3644
6374 2 2 1 1 535 533 3408
6375 2 2 1 1 1064 3116 3447
6376 2 2 1 1 567 3395 3407
6377 2 2 1 1 796 795 3486
6378 2 2 1 1 2042 3477 3483
6379 2 2 1 1 2927 1648 3402
6380 2 2 1 1 3341 2036 3393
6381 2 2 1 1 3401 2893 3431
6382 2 2 1 1 3603 2881 3609
6383 2 2 1 1 563 567 3407
6384 2 2 1 1 577 579 3406
6385 2 2 1 1 748 807 3416
6386 2 2 1 1 3083 3343 3372
6387 2 2 1 1 573 3396 3400
6388 2 2 1 1 2659 1874 3438
6389 2 2 1 1 2571 2573 3488
6390 2 2 1 1 2933 3434 3442
6391 2 2 1 1 1865 3388 3455
6392 2 2 1 1 3049 3048 3426
6393 2 2 1 1 3416 2540 3437
6394 2 2 1 1 1008 1006 3412
6395 2 2 1 1 2234 3011 3607
6396 2 2 1 1 2694 1883 3419
6397 2 2 1 1 2566 2569 3496
6398 2 2 1 1 3171 3417 3423
6399 2 2 1 1 587 589 3409
6400 2 2 1 1 3051 3417 3425
6401 2 2 1 1 2691 2692 3410
6402 2 2 1 1 3471 1212 3481
6403 2 2 1 1 2702 3137 3489
6404 2 2 1 1 1986 3116 3405
6405 2 2 1 1 419 418 3411
6406 2 2 1 1 978 3521 3523
6407 2 2 1 1 807 3404 3416
6408 2 2 1 1 533 528 3420
6409 2 2 1 1 1267 1265 3413
6410 2 2 1 1 3408 533 3420
6411 2 2 1 1 3489 1448 3537
6412 2 2 1 1 2561 2564 3501
6413 2 2 1 1 2680 1983 3422
6414 2 2 1 1 1842 1839 3502
6415 2 2 1 1 589 591 3414
6416 2 2 1 1 3163 3498 3508
6417 2 2 1 1 1875 3387 3388
6418 2 2 1 1 244 3674 3675
6419 2 2 1 1 2408 1842 3502
6420 2 2 1 1 3478 1889 3481
6421 2 2 1 1 2797 2802 3418
6422 2 2 1 1 1157 1294 3495
6423 2 2 1 1 2410 2415 3421
6424 2 2 1 1 1161 1295 3492
6425 2 2 1 1 1891 3476 3536
6426 2 2 1 1 2556 2559 3507
6427 2 2 1 1 3409 589 3414
6428 2 2 1 1 1121 3332 3366
6429 2 2 1 1 3398 2725 3434
6430 2 2 1 1 1294 1159 3492
6431 2 2 1 1 1278 1155 3495
6432 2 2 1 1 1271 1269 3415
6433 2 2 1 1 1904 3555 3560
6434 2 2 1 1 1605 1414 3480
6435 2 2 1 1 3219 2589 3380
6436 2 2 1 1 3171 3140 3417
6437 2 2 1 1 2270 1976 3429
6438 2 2 1 1 772 775 3424
6439 2 2 1 1 1165 1296 3499
6440 2 2 1 1 3542 2825 3548
6441 2 2 1 1 1295 1163 3499
6442 2 2 1 1 2551 2554 3514
6443 2 2 1 1 593 595 3427
6444 2 2 1 1 3383 1881 3423
6445 2 2 1 1 1296 1167 3506
6446 2 2 1 1 2544 3467 3484
6447 2 2 1 1 3439 1037 3508
6448 2 2 1 1 2800 2862 3430
6449 2 2 1 1 3350 2770 3351
6450 2 2 1 1 675 713 3436
6451 2 2 1 1 1900 3534 3554
6452 2 2 1 1 545 526 3428
6453 2 2 1 1 859 3463 3464
6454 2 2 1 1 906 1456 3526
6455 2 2 1 1 2992 3197 3605
6456 2 2 1 1 2803 3430 3576
6457 2 2 1 1 3074 3015 3435
6458 2 2 1 1 2373 3262 3677
6459 2 2 1 1 3504 2607 3519
6460 2 2 1 1 2047 2046 3523
6461 2 2 1 1 1069 3350 3351
6462 2 2 1 1 2053 3551 3559
6463 2 2 1 1 2506 2508 3648
6464 2 2 1 1 204 298 3269
6465 2 2 1 1 2449 3642 3644
6466 2 2 1 1 1881 3171 3423
6467 2 2 1 1 3135 3532 3540
6468 2 2 1 1 332 203 3269
6469 2 2 1 1 2952 2801 3604
6470 2 2 1 1 3480 2868 3487
6471 2 2 1 1 3436 2963 3459
6472 2 2 1 1 1169 1297 3506
6473 2 2 1 1 3135 1712 3532
6474 2 2 1 1 1297 1171 3513
6475 2 2 1 1 2011 2480 3520
6476 2 2 1 1 1893 1886 3465
6477 2 2 1 1 1173 1299 3513
6478 2 2 1 1 2307 2308 3451
6479 2 2 1 1 2725 2723 3434
6480 2 2 1 1 2534 3135 3540
6481 2 2 1 1 3524 2048 3531
6482 2 2 1 1 2521 3509 3510
6483 2 2 1 1 1830 3309 3390
6484 2 2 1 1 2666 2668 3539
6485 2 2 1 1 3045 1906 3517
6486 2 2 1 1 1299 1175 3518
6487 2 2 1 1 2746 3139 3433
6488 2 2 1 1 781 3370 3426
6489 2 2 1 1 3393 2034 3399
6490 2 2 1 1 1037 3163 3508
6491 2 2 1 1 418 3051 3425
6492 2 2 1 1 3403 859 3438
6493 2 2 1 1 952 908 3526
6494 2 2 1 1 3383 3050 3387
6495 2 2 1 1 3411 418 3425
6496 2 2 1 1 1766 3305 3337
6497 2 2 1 1 2322 2323 3588
6498 2 2 1 1 2286 3445 3451
6499 2 2 1 1 2010 2009 3530
6500 2 2 1 1 785 3460 3463
6501 2 2 1 1 1581 1260 3440
6502 2 2 1 1 537 539 3444
6503 2 2 1 1 1039 933 3538
6504 2 2 1 1 2963 1893 3459
6505 2 2 1 1 2881 2359 3441
6506 2 2 1 1 245 2318 3491
6507 2 2 1 1 448 3362 3375
6508 2 2 1 1 227 2307 3445
6509 2 2 1 1 2932 2933 3442
6510 2 2 1 1 1915 2951 3591
6511 2 2 1 1 1581 3440 3454
6512 2 2 1 1 1818 3359 3432
6513 2 2 1 1 978 600 3521
6514 2 2 1 1 3601 894 3602
6515 2 2 1 1 3498 1628 3503
6516 2 2 1 1 726 735 3446
6517 2 2 1 1 2402 1909 3522
6518 2 2 1 1 3445 2307 3451
6519 2 2 1 1 1886 3125 3474
6520 2 2 1 1 785 3452 3460
6521 2 2 1 1 1177 1301 3518
6522 2 2 1 1 3274 1818 3432
6523 2 2 1 1 2063 3158 3447
6524 2 2 1 1 2616 762 3552
6525 2 2 1 1 2540 2609 3437
6526 2 2 1 1 1004 1001 3450
6527 2 2 1 1 1896 2049 3439
6528 2 2 1 1 1181 1306 3525
6529 2 2 1 1 3408 2620 3521
6530 2 2 1 1 894 723 3448
6531 2 2 1 1 2677 2992 3449
6532 2 2 1 1 1301 1179 3525
6533 2 2 1 1 3459 1893 3465
6534 2 2 1 1 1589 3401 3431
6535 2 2 1 1 3611 874 3612
6536 2 2 1 1 2040 2441 3557
6537 2 2 1 1 873 872 3543
6538 2 2 1 1 1225 1035 3505
6539 2 2 1 1 2547 3566 3596
6540 2 2 1 1 3359 2396 3432
6541 2 2 1 1 3162 890 3462
6542 2 2 1 1 2893 1444 3453
6543 2 2 1 1 2043 1531 3527
6544 2 2 1 1 3559 2985 3565
6545 2 2 1 1 3391 2404 3522
6546 2 2 1 1 1608 3102 3529
6547 2 2 1 1 2966 406 3550
6548 2 2 1 1 2591 1072 3558
6549 2 2 1 1 800 3486 3490
6550 2 2 1 1 2536 2535 3515
6551 2 2 1 1 3086 3099 3531
6552 2 2 1 1 1529 1761 3527
6553 2 2 1 1 1420 1608 3529
6554 2 2 1 1 782 781 3452
6555 2 2 1 1 1607 1422 3529
6556 2 2 1 1 3376 3021 3551
6557 2 2 1 1 2051 3497 3500
6558 2 2 1 1 790 3403 3473
6559 2 2 1 1 3388 2958 3455
6560 2 2 1 1 3477 2042 3484
6561 2 2 1 1 1861 3274 3479
6562 2 2 1 1 3101 1600 3456
6563 2 2 1 1 3616 2058 3617
6564 2 2 1 1 3110 1212 3471
6565 2 2 1 1 3370 3049 3426
6566 2 2 1 1 3435 2873 3456
6567 2 2 1 1 3055 1446 3546
6568 2 2 1 1 2615 3590 3592
6569 2 2 1 1 882 2518 3550
6570 2 2 1 1 2575 2576 3567
6571 2 2 1 1 1197 1627 3544
6572 2 2 1 1 3163 1628 3498
6573 2 2 1 1 408 882 3550
6574 2 2 1 1 3532 1712 3542
6575 2 2 1 1 2025 2238 3457
6576 2 2 1 1 1875 3383 3387
6577 2 2 1 1 284 2370 3599
6578 2 2 1 1 3379 2404 3466
6579 2 2 1 1 938 3379 3466
6580 2 2 1 1 854 848 3458
6581 2 2 1 1 2615 2614 3593
6582 2 2 1 1 3523 2046 3524
6583 2 2 1 1 3403 2044 3473
6584 2 2 1 1 1466 3155 3459
6585 2 2 1 1 1525 1902 3549
6586 2 2 1 1 2244 2542 3553
6587 2 2 1 1 3465 1886 3474
6588 2 2 1 1 2060 1910 3579
6589 2 2 1 1 2931 2930 3460
6590 2 2 1 1 1577 1912 3564
6591 2 2 1 1 3433 783 3443
6592 2 2 1 1 2803 3576 3601
6593 2 2 1 1 2243 2244 3553
6594 2 2 1 1 1853 2321 3577
6595 2 2 1 1 1761 1527 3549
6596 2 2 1 1 3130 2051 3500
6597 2 2 1 1 1306 1183 3544
6598 2 2 1 1 3297 1865 3455
6599 2 2 1 1 2678 3449 3598
6600 2 2 1 1 2535 2534 3541
6601 2 2 1 1 2051 2052 3497
6602 2 2 1 1 3290 1581 3454
6603 2 2 1 1 1900 3190 3534
6604 2 2 1 1 1623 2833 3554
6605 2 2 1 1 3274 2432 3479
6606 2 2 1 1 2582 2581 3461
6607 2 2 1 1 1628 3130 3503
6608 2 2 1 1 1909 1882 3528
6609 2 2 1 1 3130 3500 3503
6610 2 2 1 1 2951 3448 3591
6611 2 2 1 1 2407 2406 3512
6612 2 2 1 1 1902 1523 3556
6613 2 2 1 1 3529 3102 3545
6614 2 2 1 1 1466 3459 3465
6615 2 2 1 1 786 785 3463
6616 2 2 1 1 1521 1908 3556
6617 2 2 1 1 2910 2909 3464
6618 2 2 1 1 2671 2672 3622
6619 2 2 1 1 2984 2985 3559
6620 2 2 1 1 2078 3469 3471
6621 2 2 1 1 2451 2452 3636
6622 2 2 1 1 699 701 3468
6623 2 2 1 1 2240 1747 3564
6624 2 2 1 1 2958 2957 3467
6625 2 2 1 1 3101 3456 3470
6626 2 2 1 1 3028 3489 3537
6627 2 2 1 1 2494 1024 3585
6628 2 2 1 1 1904 1508 3555
6629 2 2 1 1 3191 3358 3494
6630 2 2 1 1 2306 3363 3535
6631 2 2 1 1 997 996 3615
6632 2 2 1 1 982 938 3466
6633 2 2 1 1 2385 416 3581
6634 2 2 1 1 792 790 3473
6635 2 2 1 1 1908 1519 3562
6636 2 2 1 1 1409 3472 3480
6637 2 2 1 1 2647 1118 3574
6638 2 2 1 1 2261 3376 3551
6639 2 2 1 1 3358 2608 3494
6640 2 2 1 1 409 404 3477
6641 2 2 1 1 1887 3162 3462
6642 2 2 1 1 3028 2043 3516
6643 2 2 1 1 1515 1753 3563
6644 2 2 1 1 3497 2052 3509
6645 2 2 1 1 3528 1882 3536
6646 2 2 1 1 2386 3582 3589
6647 2 2 1 1 2044 1888 3475
6648 2 2 1 1 1409 1277 3472
6649 2 2 1 1 2477 2475 3583
6650 2 2 1 1 1493 3101 3470
6651 2 2 1 1 2746 3433 3443
6652 2 2 1 1 1509 1626 3566
6653 2 2 1 1 3239 1466 3465
6654 2 2 1 1 2543 2544 3484
6655 2 2 1 1 1753 1513 3568
6656 2 2 1 1 3455 2958 3467
6657 2 2 1 1 1411 2514 3476
6658 2 2 1 1 1414 1409 3480
6659 2 2 1 1 2323 245 3491
6660 2 2 1 1 3473 2044 3475
6661 2 2 1 1 1402 3110 3469
6662 2 2 1 1 889 803 3482
6663 2 2 1 1 3452 2931 3460
6664 2 2 1 1 3633 1135 3634
6665 2 2 1 1 1979 2024 3485
6666 2 2 1 1 945 2263 3637
6667 2 2 1 1 890 3239 3474
6668 2 2 1 1 3125 1740 3478
6669 2 2 1 1 2249 1861 3479
6670 2 2 1 1 3487 2874 3493
6671 2 2 1 1 800 796 3486
6672 2 2 1 1 3239 3465 3474
6673 2 2 1 1 2478 2477 3580
6674 2 2 1 1 1884 2042 3483
6675 2 2 1 1 3463 2910 3464
6676 2 2 1 1 3672 2597 3685
6677 2 2 1 1 2837 3498 3503
6678 2 2 1 1 2868 2866 3487
6679 2 2 1 1 2573 2848 3488
6680 2 2 1 1 1882 2914 3536
6681 2 2 1 1 1475 3494 3504
6682 2 2 1 1 1600 3435 3456
6683 2 2 1 1 1481 3522 3528
6684 2 2 1 1 2613 2758 3589
6685 2 2 1 1 2522 1582 3509
6686 2 2 1 1 1212 1887 3481
6687 2 2 1 1 1887 3478 3481
6688 2 2 1 1 2534 3540 3541
6689 2 2 1 1 2837 1890 3498
6690 2 2 1 1 2530 2531 3490
6691 2 2 1 1 1448 3086 3537
6692 2 2 1 1 3497 1063 3500
6693 2 2 1 1 719 370 3571
6694 2 2 1 1 3621 743 3623
6695 2 2 1 1 2451 3636 3642
6696 2 2 1 1 3531 2048 3537
6697 2 2 1 1 3534 2997 3554
6698 2 2 1 1 2498 2060 3594
6699 2 2 1 1 1159 1161 3492
6700 2 2 1 1 396 621 3582
6701 2 2 1 1 3161 1748 3572
6702 2 2 1 1 1903 2045 3583
6703 2 2 1 1 2881 3441 3609
6704 2 2 1 1 3137 1448 3489
6705 2 2 1 1 1155 1157 3495
6706 2 2 1 1 679 680 3576
6707 2 2 1 1 2569 2574 3496
6708 2 2 1 1 416 402 3581
6709 2 2 1 1 3063 1605 3493
6710 2 2 1 1 3093 2697 3592
6711 2 2 1 1 1582 1063 3497
6712 2 2 1 1 2315 1849 3610
6713 2 2 1 1 1163 1165 3499
6714 2 2 1 1 380 376 3578
6715 2 2 1 1 2836 2837 3503
6716 2 2 1 1 3498 1890 3508
6717 2 2 1 1 2678 3598 3621
6718 2 2 1 1 2508 2509 3661
6719 2 2 1 1 2564 2567 3501
6720 2 2 1 1 1475 3191 3494
6721 2 2 1 1 1063 2836 3500
6722 2 2 1 1 1118 3166 3574
6723 2 2 1 1 1965 1924 3573
6724 2 2 1 1 3192 1475 3504
6725 2 2 1 1 2321 1971 3577
6726 2 2 1 1 1167 1169 3506
6727 2 2 1 1 2559 2562 3507
6728 2 2 1 1 686 745 3584
6729 2 2 1 1 3521 2620 3523
6730 2 2 1 1 1024 1022 3585
6731 2 2 1 1 960 1039 3614
6732 2 2 1 1 3500 2836 3503
6733 2 2 1 1 1890 1894 3508
6734 2 2 1 1 1171 1173 3513
6735 2 2 1 1 394 392 3593
6736 2 2 1 1 3661 2509 3664
6737 2 2 1 1 2554 2557 3514
6738 2 2 1 1 3194 3195 3573
6739 2 2 1 1 386 384 3586
6740 2 2 1 1 3063 3493 3511
6741 2 2 1 1 3482 801 3515
6742 2 2 1 1 2052 2247 3510
6743 2 2 1 1 2535 3482 3515
6744 2 2 1 1 1608 3063 3511
6745 2 2 1 1 2433 2289 3624
6746 2 2 1 1 1906 1978 3517
6747 2 2 1 1 889 3482 3541
6748 2 2 1 1 742 693 3598
6749 2 2 1 1 390 417 3590
6750 2 2 1 1 1839 3291 3502
6751 2 2 1 1 1175 1177 3518
6752 2 2 1 1 721 894 3601
6753 2 2 1 1 3030 2656 3595
6754 2 2 1 1 1582 3497 3509
6755 2 2 1 1 2801 2799 3602
6756 2 2 1 1 2480 2552 3520
6757 2 2 1 1 3565 1142 3569
6758 2 2 1 1 600 598 3521
6759 2 2 1 1 2985 1142 3565
6760 2 2 1 1 1191 3519 3534
6761 2 2 1 1 2620 2047 3523
6762 2 2 1 1 2065 3653 3654
6763 2 2 1 1 2514 1481 3528
6764 2 2 1 1 1887 3462 3478
6765 2 2 1 1 3482 2535 3541
6766 2 2 1 1 945 3637 3638
6767 2 2 1 1 3462 3125 3478
6768 2 2 1 1 908 906 3526
6769 2 2 1 1 1179 1181 3525
6770 2 2 1 1 2672 2676 3623
6771 2 2 1 1 1481 3391 3522
6772 2 2 1 1 2702 3489 3516
6773 2 2 1 1 874 767 3609
6774 2 2 1 1 3189 978 3524
6775 2 2 1 1 3555 2833 3560
6776 2 2 1 1 3545 2878 3546
6777 2 2 1 1 2316 2315 3610
6778 2 2 1 1 1626 3325 3561
6779 2 2 1 1 1191 3192 3519
6780 2 2 1 1 1916 1914 3612
6781 2 2 1 1 1531 1529 3527
6782 2 2 1 1 2009 2269 3530
6783 2 2 1 1 1422 1420 3529
6784 2 2 1 1 3554 2833 3555
6785 2 2 1 1 2060 3579 3584
6786 2 2 1 1 409 3477 3484
6787 2 2 1 1 3192 3504 3519
6788 2 2 1 1 758 874 3611
6789 2 2 1 1 933 877 3538
6790 2 2 1 1 3430 679 3576
6791 2 2 1 1 1142 3061 3569
6792 2 2 1 1 3363 2330 3535
6793 2 2 1 1 2048 3028 3537
6794 2 2 1 1 3193 1863 3532
6795 2 2 1 1 2226 1965 3533
6796 2 2 1 1 3469 3110 3471
6797 2 2 1 1 3099 3189 3531
6798 2 2 1 1 2668 2669 3539
6799 2 2 1 1 3102 2878 3545
6800 2 2 1 1 3532 1863 3540
6801 2 2 1 1 3569 3061 3570
6802 2 2 1 1 745 3152 3595
6803 2 2 1 1 2514 3528 3536
6804 2 2 1 1 3538 877 3543
6805 2 2 1 1 3190 1191 3534
6806 2 2 1 1 2922 3545 3546
6807 2 2 1 1 978 3523 3524
6808 2 2 1 1 2330 2333 3535
6809 2 2 1 1 57 283 3597
6810 2 2 1 1 3189 3524 3531
6811 2 2 1 1 877 873 3543
6812 2 2 1 1 3509 2052 3510
6813 2 2 1 1 3561 2546 3596
6814 2 2 1 1 1279 3136 3619
6815 2 2 1 1 2070 1127 3665
6816 2 2 1 1 3489 3028 3516
6817 2 2 1 1 872 2549 3628
6818 2 2 1 1 895 995 3617
6819 2 2 1 1 1859 2065 3654
6820 2 2 1 1 1863 3247 3540
6821 2 2 1 1 2878 3055 3546
6822 2 2 1 1 2045 2273 3587
6823 2 2 1 1 3061 720 3570
6824 2 2 1 1 1183 1197 3544
6825 2 2 1 1 3439 2049 3505
6826 2 2 1 1 1946 3193 3542
6827 2 2 1 1 2053 3559 3565
6828 2 2 1 1 3517 1978 3614
6829 2 2 1 1 2922 1607 3545
6830 2 2 1 1 1527 1525 3549
6831 2 2 1 1 3546 1446 3547
6832 2 2 1 1 3247 889 3541
6833 2 2 1 1 3193 3532 3542
6834 2 2 1 1 1947 1946 3548
6835 2 2 1 1 406 408 3550
6836 2 2 1 1 1946 3542 3548
6837 2 2 1 1 2442 2067 3637
6838 2 2 1 1 762 2667 3552
6839 2 2 1 1 3175 3660 3669
6840 2 2 1 1 697 743 3621
6841 2 2 1 1 1605 3487 3493
6842 2 2 1 1 3652 1675 3653
6843 2 2 1 1 3021 1465 3551
6844 2 2 1 1 2997 1623 3554
6845 2 2 1 1 3449 742 3598
6846 2 2 1 1 1039 3517 3614
6847 2 2 1 1 3485 2024 3615
6848 2 2 1 1 1508 1900 3555
6849 2 2 1 1 2441 2819 3557
6850 2 2 1 1 2452 2673 3634
6851 2 2 1 1 3551 1465 3559
6852 2 2 1 1 2070 3665 3666
6853 2 2 1 1 934 961 3627
6854 2 2 1 1 1523 1521 3556
6855 2 2 1 1 1072 2617 3558
6856 2 2 1 1 331 56 3597
6857 2 2 1 1 3441 874 3609
6858 2 2 1 1 996 3485 3615
6859 2 2 1 1 3378 867 3617
6860 2 2 1 1 3622 2672 3623
6861 2 2 1 1 3540 3247 3541
6862 2 2 1 1 2549 2546 3626
6863 2 2 1 1 2058 3378 3617
6864 2 2 1 1 719 3606 3631
6865 2 2 1 1 3446 735 3611
6866 2 2 1 1 2496 2476 3631
6867 2 2 1 1 1465 2984 3559
6868 2 2 1 1 3570 720 3579
6869 2 2 1 1 2059 3446 3611
6870 2 2 1 1 3571 2511 3606
6871 2 2 1 1 3658 1930 3660
6872 2 2 1 1 2833 1745 3560
6873 2 2 1 1 1923 2373 3670
6874 2 2 1 1 3195 1927 3625
6875 2 2 1 1 2549 3626 3628
6876 2 2 1 1 1519 1517 3562
6877 2 2 1 1 2057 2056 3619
6878 2 2 1 1 372 719 3629
6879 2 2 1 1 1747 1577 3564
6880 2 2 1 1 1517 1515 3563
6881 2 2 1 1 2545 2547 3596
6882 2 2 1 1 2061 3639 3641
6883 2 2 1 1 2061 2510 3639
6884 2 2 1 1 3562 1517 3563
6885 2 2 1 1 703 1135 3633
6886 2 2 1 1 1911 2053 3565
6887 2 2 1 1 2504 2506 3630
6888 2 2 1 1 2576 2577 3567
6889 2 2 1 1 1911 3565 3569
6890 2 2 1 1 2263 2054 3637
6891 2 2 1 1 1511 1509 3566
6892 2 2 1 1 1513 1511 3568
6893 2 2 1 1 3476 2514 3536
6894 2 2 1 1 2803 3601 3602
6895 2 2 1 1 3325 3178 3561
6896 2 2 1 1 1511 3566 3568
6897 2 2 1 1 875 876 3638
6898 2 2 1 1 2801 3602 3604
6899 2 2 1 1 2064 2062 3645
6900 2 2 1 1 1905 1911 3569
6901 2 2 1 1 2062 2061 3641
6902 2 2 1 1 365 421 3635
6903 2 2 1 1 3590 2615 3593
6904 2 2 1 1 2444 2446 3646
6905 2 2 1 1 311 3588 3608
6906 2 2 1 1 1905 3569 3570
6907 2 2 1 1 765 766 3643
6908 2 2 1 1 1919 1917 3616
6909 2 2 1 1 2040 3557 3575
6910 2 2 1 1 1319 2769 3651
6911 2 2 1 1 1901 2496 3606
6912 2 2 1 1 3375 3647 3650
6913 2 2 1 1 2389 1905 3570
6914 2 2 1 1 370 367 3571
6915 2 2 1 1 2059 3611 3612
6916 2 2 1 1 1675 1674 3653
6917 2 2 1 1 1900 3554 3555
6918 2 2 1 1 2064 3645 3650
6919 2 2 1 1 311 2322 3588
6920 2 2 1 1 1910 2389 3579
6921 2 2 1 1 3670 2373 3677
6922 2 2 1 1 739 761 3649
6923 2 2 1 1 1926 2447 3640
6924 2 2 1 1 2221 1742 3656
6925 2 2 1 1 2766 2768 3651
6926 2 2 1 1 1748 2250 3572
6927 2 2 1 1 2062 3641 3645
6928 2 2 1 1 3557 1627 3575
6929 2 2 1 1 875 3640 3643
6930 2 2 1 1 3166 2321 3574
6931 2 2 1 1 3578 2478 3580
6932 2 2 1 1 680 683 3576
6933 2 2 1 1 3629 719 3631
6934 2 2 1 1 1924 3194 3573
6935 2 2 1 1 2383 3664 3667
6936 2 2 1 1 2289 311 3608
6937 2 2 1 1 1971 2309 3577
6938 2 2 1 1 1410 1411 3656
6939 2 2 1 1 376 374 3578
6940 2 2 1 1 765 3646 3649
6941 2 2 1 1 2389 3570 3579
6942 2 2 1 1 2475 1903 3583
6943 2 2 1 1 3648 2508 3661
6944 2 2 1 1 3635 421 3639
6945 2 2 1 1 402 398 3581
6946 2 2 1 1 3468 701 3633
6947 2 2 1 1 398 396 3582
6948 2 2 1 1 380 3578 3580
6949 2 2 1 1 2922 3546 3547
6950 2 2 1 1 2758 2386 3589
6951 2 2 1 1 720 686 3584
6952 2 2 1 1 1022 1251 3585
6953 2 2 1 1 2697 2615 3592
6954 2 2 1 1 3581 398 3582
6955 2 2 1 1 3030 3595 3600
6956 2 2 1 1 2674 3468 3633
6957 2 2 1 1 1917 2058 3616
6958 2 2 1 1 56 57 3597
6959 2 2 1 1 1641 1922 3657
6960 2 2 1 1 386 3586 3587
6961 2 2 1 1 384 979 3586
6962 2 2 1 1 3576 683 3601
6963 2 2 1 1 2315 284 3599
6964 2 2 1 1 392 390 3590
6965 2 2 1 1 2656 2498 3594
6966 2 2 1 1 725 3446 3591
6967 2 2 1 1 3094 3375 3650
6968 2 2 1 1 3657 2070 3666
6969 2 2 1 1 863 3603 3609
6970 2 2 1 1 3662 2068 3663
6971 2 2 1 1 693 695 3598
6972 2 2 1 1 3082 2468 3659
6973 2 2 1 1 2264 2263 3632
6974 2 2 1 1 3243 1859 3655
6975 2 2 1 1 683 721 3601
6976 2 2 1 1 3152 3150 3600
6977 2 2 1 1 2678 3621 3623
6978 2 2 1 1 2761 1318 3668
6979 2 2 1 1 2799 2803 3602
6980 2 2 1 1 2109 1675 3652
6981 2 2 1 1 863 3378 3603
6982 2 2 1 1 3533 1965 3680
6983 2 2 1 1 3594 745 3595
6984 2 2 1 1 3600 3150 3605
6985 2 2 1 1 3011 2041 3607
6986 2 2 1 1 719 3571 3606
6987 2 2 1 1 3150 742 3605
6988 2 2 1 1 767 863 3609
6989 2 2 1 1 3586 2045 3587
6990 2 2 1 1 3561 3178 3626
6991 2 2 1 1 3159 2316 3610
6992 2 2 1 1 1626 3561 3596
6993 2 2 1 1 2546 3561 3626
6994 2 2 1 1 3598 695 3621
6995 2 2 1 1 735 758 3611
6996 2 2 1 1 3668 1318 3671
6997 2 2 1 1 995 3333 3613
6998 2 2 1 1 1914 2059 3612
6999 2 2 1 1 3579 720 3584
7000 2 2 1 1 1127 1042 3663
7001 2 2 1 1 2674 3633 3634
7002 2 2 1 1 2452 3634 3636
7003 2 2 1 1 2383 2380 3664
7004 2 2 1 1 1978 3485 3614
7005 2 2 1 1 3571 367 3635
7006 2 2 1 1 867 895 3617
7007 2 2 1 1 2024 3457 3615
7008 2 2 1 1 894 3448 3604
7009 2 2 1 1 3136 1877 3618
7010 2 2 1 1 1877 2629 3620
7011 2 2 1 1 3578 374 3629
7012 2 2 1 1 2478 3578 3629
7013 2 2 1 1 2511 3571 3635
7014 2 2 1 1 1638 1639 3666
7015 2 2 1 1 695 697 3621
7016 2 2 1 1 3175 2037 3660
7017 2 2 1 1 3618 1877 3620
7018 2 2 1 1 743 3468 3622
7019 2 2 1 1 3630 2506 3648
7020 2 2 1 1 1318 2698 3671
7021 2 2 1 1 2676 2678 3623
7022 2 2 1 1 2434 2433 3624
7023 2 2 1 1 2069 2068 3662
7024 2 2 1 1 3602 894 3604
7025 2 2 1 1 3686 2298 3688
7026 2 2 1 1 3618 2057 3619
7027 2 2 1 1 1195 2070 3658
7028 2 2 1 1 743 3622 3623
7029 2 2 1 1 1927 1931 3625
7030 2 2 1 1 3375 2069 3647
7031 2 2 1 1 961 998 3627
7032 2 2 1 1 1859 3654 3655
7033 2 2 1 1 3671 2698 3673
7034 2 2 1 1 3286 2761 3667
7035 2 2 1 1 3613 1919 3616
7036 2 2 1 1 1885 1984 3628
7037 2 2 1 1 3178 1885 3626
7038 2 2 1 1 3626 1885 3628
7039 2 2 1 1 3595 3152 3600
7040 2 2 1 1 3660 1930 3669
7041 2 2 1 1 2476 2478 3631
7042 2 2 1 1 934 3627 3632
7043 2 2 1 1 2431 2504 3630
7044 2 2 1 1 392 3590 3593
7045 2 2 1 1 374 372 3629
7046 2 2 1 1 1931 1829 3669
7047 2 2 1 1 701 703 3633
7048 2 2 1 1 2656 3594 3595
7049 2 2 1 1 2673 2674 3634
7050 2 2 1 1 2054 2442 3637
7051 2 2 1 1 2698 1319 3673
7052 2 2 1 1 1323 2843 3672
7053 2 2 1 1 2065 3652 3653
7054 2 2 1 1 1803 1936 3672
7055 2 2 1 1 367 365 3635
7056 2 2 1 1 2067 1926 3640
7057 2 2 1 1 1135 3160 3636
7058 2 2 1 1 2510 2511 3639
7059 2 2 1 1 3639 421 3641
7060 2 2 1 1 876 945 3638
7061 2 2 1 1 2592 2593 3674
7062 2 2 1 1 2596 3046 3679
7063 2 2 1 1 3642 744 3644
7064 2 2 1 1 2478 3629 3631
7065 2 2 1 1 3636 3160 3642
7066 2 2 1 1 3627 998 3655
7067 2 2 1 1 875 3638 3640
7068 2 2 1 1 765 3643 3646
7069 2 2 1 1 3160 744 3642
7070 2 2 1 1 2447 2444 3646
7071 2 2 1 1 421 3126 3641
7072 2 2 1 1 766 875 3643
7073 2 2 1 1 2264 3627 3655
7074 2 2 1 1 3647 2064 3650
7075 2 2 1 1 744 3353 3644
7076 2 2 1 1 3126 1206 3645
7077 2 2 1 1 3641 3126 3645
7078 2 2 1 1 2511 3635 3639
7079 2 2 1 1 3158 2064 3647
7080 2 2 1 1 3645 1206 3650
7081 2 2 1 1 761 765 3649
7082 2 2 1 1 2596 3679 3681
7083 2 2 1 1 1206 3094 3650
7084 2 2 1 1 3627 2264 3632
7085 2 2 1 1 1904 2303 3691
7086 2 2 1 1 2769 2766 3651
7087 2 2 1 1 1127 3663 3665
7088 2 2 1 1 2065 2066 3652
7089 2 2 1 1 995 3613 3616
7090 2 2 1 1 3653 2055 3654
7091 2 2 1 1 3345 2434 3648
7092 2 2 1 1 1936 1932 3675
7093 2 2 1 1 1674 2055 3653
7094 2 2 1 1 2055 2264 3654
7095 2 2 1 1 3136 3618 3619
7096 2 2 1 1 2434 3624 3630
7097 2 2 1 1 998 3243 3655
7098 2 2 1 1 3624 2431 3630
7099 2 2 1 1 3647 2069 3662
7100 2 2 1 1 1742 1410 3656
7101 2 2 1 1 1639 1641 3657
7102 2 2 1 1 1315 3662 3663
7103 2 2 1 1 3634 1135 3636
7104 2 2 1 1 2434 3630 3648
7105 2 2 1 1 3046 271 3678
7106 2 2 1 1 322 3082 3659
7107 2 2 1 1 3700 2500 3701
7108 2 2 1 1 3681 1322 3683
7109 2 2 1 1 3657 1922 3658
7110 2 2 1 1 58 59 3680
7111 2 2 1 1 3667 2761 3668
7112 2 2 1 1 2037 1195 3660
7113 2 2 1 1 3664 2509 3667
7114 2 2 1 1 2764 1322 3681
7115 2 2 1 1 3345 3648 3661
7116 2 2 1 1 2382 3661 3664
7117 2 2 1 1 2382 3345 3661
7118 2 2 1 1 2768 2767 3676
7119 2 2 1 1 1315 3158 3662
7120 2 2 1 1 62 2319 3682
7121 2 2 1 1 249 61 3682
7122 2 2 1 1 3676 2767 3678
7123 2 2 1 1 3654 2264 3655
7124 2 2 1 1 1042 1315 3663
7125 2 2 1 1 2070 3657 3658
7126 2 2 1 1 2380 2382 3664
7127 2 2 1 1 3158 3647 3662
7128 2 2 1 1 2068 1928 3665
7129 2 2 1 1 2319 2320 3682
7130 2 2 1 1 1931 3669 3670
7131 2 2 1 1 1931 3670 3677
7132 2 2 1 1 3665 1928 3666
7133 2 2 1 1 3638 2067 3640
7134 2 2 1 1 3682 2320 3684
7135 2 2 1 1 1928 1638 3666
7136 2 2 1 1 59 3533 3680
7137 2 2 1 1 1938 3687 3697
7138 2 2 1 1 2298 2297 3692
7139 2 2 1 1 24 244 3686
7140 2 2 1 1 3643 2447 3646
7141 2 2 1 1 1933 2071 3687
7142 2 2 1 1 2509 3286 3667
7143 2 2 1 1 22 23 3688
7144 2 2 1 1 1195 3658 3660
7145 2 2 1 1 1322 2756 3683
7146 2 2 1 1 17 318 3689
7147 2 2 1 1 3046 3678 3679
7148 2 2 1 1 322 3659 3676
7149 2 2 1 1 3659 2768 3676
7150 2 2 1 1 1848 1904 3691
7151 2 2 1 1 3683 2756 3685
7152 2 2 1 1 2384 2383 3668
7153 2 2 1 1 2756 1323 3685
7154 2 2 1 1 2384 3668 3671
7155 2 2 1 1 3663 2068 3665
7156 2 2 1 1 1829 3175 3669
7157 2 2 1 1 1930 1923 3670
7158 2 2 1 1 2469 2384 3671
7159 2 2 1 1 2843 1803 3672
7160 2 2 1 1 2469 3671 3673
7161 2 2 1 1 76 77 3696
7162 2 2 1 1 2383 3667 3668
7163 2 2 1 1 2470 2469 3673
7164 2 2 1 1 244 2592 3674
7165 2 2 1 1 3688 2298 3692
7166 2 2 1 1 1932 2298 3675
7167 2 2 1 1 268 15 3699
7168 2 2 1 1 2882 322 3676
7169 2 2 1 1 2882 3676 3678
7170 2 2 1 1 1937 2500 3700
7171 2 2 1 1 271 2882 3678
7172 2 2 1 1 3669 1930 3670
7173 2 2 1 1 2767 2765 3679
7174 2 2 1 1 318 3687 3689
7175 2 2 1 1 3687 318 3697
7176 2 2 1 1 2596 3681 3683
7177 2 2 1 1 3679 2765 3681
7178 2 2 1 1 2296 1944 3693
7179 2 2 1 1 283 58 3680
7180 2 2 1 1 3687 2071 3689
7181 2 2 1 1 3625 1931 3677
7182 2 2 1 1 3693 1944 3694
7183 2 2 1 1 2765 2764 3681
7184 2 2 1 1 244 3675 3686
7185 2 2 1 1 1944 1942 3694
7186 2 2 1 1 61 62 3682
7187 2 2 1 1 3678 2767 3679
7188 2 2 1 1 2595 2596 3683
7189 2 2 1 1 3694 1942 3695
7190 2 2 1 1 1942 1940 3695
7191 2 2 1 1 2595 3683 3685
7192 2 2 1 1 3695 1940 3697
7193 2 2 1 1 2597 2595 3685
7194 2 2 1 1 2320 3348 3684
7195 2 2 1 1 1940 1938 3697
7196 2 2 1 1 23 24 3686
7197 2 2 1 1 1938 1933 3687
7198 2 2 1 1 324 22 3688
7199 2 2 1 1 16 17 3689
7200 2 2 1 1 2228 1963 3690
7201 2 2 1 1 3690 1963 3691
7202 2 2 1 1 1963 1848 3691
7203 2 2 1 1 268 3700 3701
7204 2 2 1 1 2297 2296 3692
7205 2 2 1 1 3675 2298 3686
7206 2 2 1 1 268 3699 3700
7207 2 2 1 1 2808 324 3693
7208 2 2 1 1 2500 1935 3701
7209 2 2 1 1 2808 3693 3694
7210 2 2 1 1 3701 1935 3702
7211 2 2 1 1 260 2808 3694
7212 2 2 1 1 16 3689 3699
7213 2 2 1 1 260 3694 3695
7214 2 2 1 1 1935 1945 3702
7215 2 2 1 1 3689 2071 3699
7216 2 2 1 1 2757 260 3695
7217 2 2 1 1 3702 1945 3703
7218 2 2 1 1 2757 3695 3697
7219 2 2 1 1 275 76 3696
7220 2 2 1 1 1945 1947 3703
7221 2 2 1 1 318 2757 3697
7222 2 2 1 1 324 3688 3692
7223 2 2 1 1 3703 1947 3704
7224 2 2 1 1 275 3696 3698
7225 2 2 1 1 2311 275 3698
7226 2 2 1 1 15 16 3699
7227 2 2 1 1 2071 1937 3700
7228 2 2 1 1 1947 3336 3704
7229 2 2 1 1 324 3692 3693
7230 2 2 1 1 3692 2296 3693
7231 2 2 1 1 2633 268 3701
7232 2 2 1 1 3336 1934 3705
7233 2 2 1 1 3704 3336 3705
7234 2 2 1 1 2633 3701 3702
7235 2 2 1 1 325 2633 3702
7236 2 2 1 1 325 3702 3703
7237 2 2 1 1 2612 325 3703
7238 2 2 1 1 2612 3703 3704
7239 2 2 1 1 281 2612 3704
7240 2 2 1 1 281 3704 3705
7241 2 2 1 1 3699 2071 3700
7242 2 2 1 1 2937 281 3705
7243 2 2 1 1 2369 3717 3719
7244 2 2 1 1 2133 1990 3716
7245 2 2 1 1 3743 1219 3749
7246 2 2 1 1 2083 2085 3734
7247 2 2 1 1 1678 1433 3707
7248 2 2 1 1 2114 2216 3712
7249 2 2 1 1 2216 2115 3712
7250 2 2 1 1 3269 298 3801
7251 2 2 1 1 298 3706 3801
7252 2 2 1 1 2217 2192 3707
7253 2 2 1 1 1213 2217 3707
7254 2 2 1 1 99 2352 3708
7255 2 2 1 1 2210 2093 3710
7256 2 2 1 1 1721 2210 3709
7257 2 2 1 1 263 98 3708
7258 2 2 1 1 3145 1699 3710
7259 2 2 1 1 2093 2091 3710
7260 2 2 1 1 1699 1696 3709
7261 2 2 1 1 1694 1721 3709
7262 2 2 1 1 2988 1804 3711
7263 2 2 1 1 1342 1643 3711
7264 2 2 1 1 1433 1213 3707
7265 2 2 1 1 2352 2353 3708
7266 2 2 1 1 1464 1469 3713
7267 2 2 1 1 1643 1343 3713
7268 2 2 1 1 2366 1375 3715
7269 2 2 1 1 1383 1385 3714
7270 2 2 1 1 1377 1652 3715
7271 2 2 1 1 2499 1218 3716
7272 2 2 1 1 1990 1989 3716
7273 2 2 1 1 2367 2366 3715
7274 2 2 1 1 98 99 3708
7275 2 2 1 1 1696 1694 3709
7276 2 2 1 1 2091 3145 3710
7277 2 2 1 1 1899 2206 3735
7278 2 2 1 1 1804 1342 3711
7279 2 2 1 1 2365 2361 3720
7280 2 2 1 1 2368 2369 3719
7281 2 2 1 1 2472 2158 3789
7282 2 2 1 1 1343 1464 3713
7283 2 2 1 1 2175 2066 3737
7284 2 2 1 1 1668 1383 3714
7285 2 2 1 1 1375 1377 3715
7286 2 2 1 1 1989 2499 3716
7287 2 2 1 1 2350 2076 3769
7288 2 2 1 1 2183 2215 3721
7289 2 2 1 1 2215 270 3721
7290 2 2 1 1 254 2213 3720
7291 2 2 1 1 2213 2170 3720
7292 2 2 1 1 2158 2472 3796
7293 2 2 1 1 2121 2120 3718
7294 2 2 1 1 2192 2193 3722
7295 2 2 1 1 2361 254 3720
7296 2 2 1 1 270 2425 3721
7297 2 2 1 1 2140 2135 3723
7298 2 2 1 1 1011 1013 3724
7299 2 2 1 1 2209 2141 3825
7300 2 2 1 1 1643 3713 3813
7301 2 2 1 1 2085 257 3750
7302 2 2 1 1 1678 3707 3722
7303 2 2 1 1 3707 2192 3722
7304 2 2 1 1 3713 2338 3813
7305 2 2 1 1 1714 1715 3725
7306 2 2 1 1 3725 1715 3752
7307 2 2 1 1 2101 1733 3727
7308 2 2 1 1 1729 1728 3727
7309 2 2 1 1 1661 1862 3728
7310 2 2 1 1 332 2196 3726
7311 2 2 1 1 2166 1225 3800
7312 2 2 1 1 302 2126 3759
7313 2 2 1 1 2333 2331 3828
7314 2 2 1 1 2188 294 3745
7315 2 2 1 1 206 2195 3795
7316 2 2 1 1 2140 3723 3732
7317 2 2 1 1 1687 1684 3731
7318 2 2 1 1 1009 1011 3732
7319 2 2 1 1 2185 3718 3781
7320 2 2 1 1 1724 2083 3734
7321 2 2 1 1 1728 1725 3734
7322 2 2 1 1 2527 1955 3735
7323 2 2 1 1 1897 1899 3735
7324 2 2 1 1 3716 1218 3723
7325 2 2 1 1 2341 2343 3771
7326 2 2 1 1 2941 2995 3730
7327 2 2 1 1 2066 3068 3737
7328 2 2 1 1 2105 2197 3737
7329 2 2 1 1 2270 1756 3739
7330 2 2 1 1 2135 2133 3723
7331 2 2 1 1 2200 280 3741
7332 2 2 1 1 2204 310 3742
7333 2 2 1 1 280 129 3741
7334 2 2 1 1 130 329 3741
7335 2 2 1 1 310 141 3742
7336 2 2 1 1 142 241 3742
7337 2 2 1 1 2166 3800 3817
7338 2 2 1 1 3208 1402 3729
7339 2 2 1 1 1013 1219 3724
7340 2 2 1 1 2133 3716 3723
7341 2 2 1 1 2137 2140 3743
7342 2 2 1 1 246 2209 3825
7343 2 2 1 1 3725 2333 3828
7344 2 2 1 1 3738 2178 3744
7345 2 2 1 1 294 199 3745
7346 2 2 1 1 2195 278 3779
7347 2 2 1 1 267 2094 3778
7348 2 2 1 1 1017 1019 3746
7349 2 2 1 1 1402 3469 3729
7350 2 2 1 1 1688 1687 3748
7351 2 2 1 1 3723 1218 3732
7352 2 2 1 1 2333 3725 3752
7353 2 2 1 1 2142 2139 3749
7354 2 2 1 1 1719 1714 3725
7355 2 2 1 1 257 108 3750
7356 2 2 1 1 2304 2327 3751
7357 2 2 1 1 2283 2285 3731
7358 2 2 1 1 3244 2082 3752
7359 2 2 1 1 1645 2941 3730
7360 2 2 1 1 2178 319 3744
7361 2 2 1 1 1683 1680 3753
7362 2 2 1 1 273 2271 3780
7363 2 2 1 1 1733 1729 3727
7364 2 2 1 1 2342 297 3794
7365 2 2 1 1 319 2214 3744
7366 2 2 1 1 2343 2342 3770
7367 2 2 1 1 2116 1661 3728
7368 2 2 1 1 2165 2161 3754
7369 2 2 1 1 2387 1959 3755
7370 2 2 1 1 2306 3535 3756
7371 2 2 1 1 2082 2081 3756
7372 2 2 1 1 2460 323 3757
7373 2 2 1 1 2327 2326 3729
7374 2 2 1 1 110 302 3759
7375 2 2 1 1 299 2128 3782
7376 2 2 1 1 1551 1644 3760
7377 2 2 1 1 272 3147 3777
7378 2 2 1 1 1975 2076 3761
7379 2 2 1 1 2353 2351 3730
7380 2 2 1 1 1756 1562 3762
7381 2 2 1 1 2347 3722 3779
7382 2 2 1 1 1691 3748 3826
7383 2 2 1 1 1692 1691 3764
7384 2 2 1 1 2140 3724 3743
7385 2 2 1 1 2272 273 3805
7386 2 2 1 1 333 2185 3809
7387 2 2 1 1 2132 2134 3733
7388 2 2 1 1 2167 2132 3733
7389 2 2 1 1 2084 2128 3783
7390 2 2 1 1 1684 1683 3731
7391 2 2 1 1 1218 1009 3732
7392 2 2 1 1 326 148 3765
7393 2 2 1 1 149 242 3765
7394 2 2 1 1 1023 1025 3767
7395 2 2 1 1 2127 295 3793
7396 2 2 1 1 3708 2353 3747
7397 2 2 1 1 2144 2152 3768
7398 2 2 1 1 1553 1645 3769
7399 2 2 1 1 2076 1752 3769
7400 2 2 1 1 2937 3705 3770
7401 2 2 1 1 2331 2332 3771
7402 2 2 1 1 1961 2387 3772
7403 2 2 1 1 2081 1948 3773
7404 2 2 1 1 2308 3736 3764
7405 2 2 1 1 2179 2178 3738
7406 2 2 1 1 2077 1950 3757
7407 2 2 1 1 1725 1724 3734
7408 2 2 1 1 1955 1897 3735
7409 2 2 1 1 2201 2199 3740
7410 2 2 1 1 2148 2146 3774
7411 2 2 1 1 3730 2995 3812
7412 2 2 1 1 2156 2165 3776
7413 2 2 1 1 2079 2080 3777
7414 2 2 1 1 301 229 3778
7415 2 2 1 1 230 267 3778
7416 2 2 1 1 3713 1469 3791
7417 2 2 1 1 2210 1721 3736
7418 2 2 1 1 2094 2210 3736
7419 2 2 1 1 3068 2105 3737
7420 2 2 1 1 308 210 3780
7421 2 2 1 1 211 273 3780
7422 2 2 1 1 2265 2246 3782
7423 2 2 1 1 2128 2086 3782
7424 2 2 1 1 107 257 3783
7425 2 2 1 1 7 297 3785
7426 2 2 1 1 86 295 3784
7427 2 2 1 1 302 111 3786
7428 2 2 1 1 112 266 3786
7429 2 2 1 1 321 92 3787
7430 2 2 1 1 93 272 3787
7431 2 2 1 1 232 320 3788
7432 2 2 1 1 267 231 3788
7433 2 2 1 1 2158 2151 3789
7434 2 2 1 1 2338 3713 3791
7435 2 2 1 1 3031 2103 3791
7436 2 2 1 1 266 2459 3792
7437 2 2 1 1 2271 2270 3739
7438 2 2 1 1 88 2642 3793
7439 2 2 1 1 295 87 3793
7440 2 2 1 1 9 2937 3794
7441 2 2 1 1 297 8 3794
7442 2 2 1 1 2163 3817 3824
7443 2 2 1 1 2274 2159 3811
7444 2 2 1 1 298 205 3795
7445 2 2 1 1 2982 321 3772
7446 2 2 1 1 320 2377 3773
7447 2 2 1 1 3817 2524 3824
7448 2 2 1 1 129 130 3741
7449 2 2 1 1 141 142 3742
7450 2 2 1 1 2159 2274 3816
7451 2 2 1 1 152 285 3796
7452 2 2 1 1 2472 151 3796
7453 2 2 1 1 303 3213 3797
7454 2 2 1 1 2150 2157 3798
7455 2 2 1 1 3208 3729 3815
7456 2 2 1 1 2388 303 3799
7457 2 2 1 1 2049 2050 3800
7458 2 2 1 1 1225 3505 3800
7459 2 2 1 1 2149 2158 3804
7460 2 2 1 1 273 212 3805
7461 2 2 1 1 213 330 3805
7462 2 2 1 1 1015 1017 3763
7463 2 2 1 1 2223 335 3808
7464 2 2 1 1 2344 334 3807
7465 2 2 1 1 83 2 3808
7466 2 2 1 1 240 1 3807
7467 2 2 1 1 2 84 3808
7468 2 2 1 1 1 5 3807
7469 2 2 1 1 4 202 3806
7470 2 2 1 1 3 123 3809
7471 2 2 1 1 122 3 3809
7472 2 2 1 1 201 4 3806
7473 2 2 1 1 3724 1219 3743
7474 2 2 1 1 2139 2137 3743
7475 2 2 1 1 2072 2079 3758
7476 2 2 1 1 2159 2145 3811
7477 2 2 1 1 2143 2159 3825
7478 2 2 1 1 2335 2336 3813
7479 2 2 1 1 2274 154 3816
7480 2 2 1 1 155 246 3816
7481 2 2 1 1 2353 3730 3812
7482 2 2 1 1 2214 2173 3744
7483 2 2 1 1 3736 1721 3764
7484 2 2 1 1 199 200 3745
7485 2 2 1 1 3729 2326 3815
7486 2 2 1 1 2074 2072 3758
7487 2 2 1 1 2195 2194 3795
7488 2 2 1 1 330 3275 3766
7489 2 2 1 1 3718 2120 3815
7490 2 2 1 1 1019 1220 3746
7491 2 2 1 1 3729 3469 3818
7492 2 2 1 1 263 3708 3747
7493 2 2 1 1 1691 1688 3748
7494 2 2 1 1 292 120 3781
7495 2 2 1 1 2283 3731 3819
7496 2 2 1 1 2193 2195 3779
7497 2 2 1 1 1219 1015 3763
7498 2 2 1 1 2152 2142 3749
7499 2 2 1 1 108 109 3750
7500 2 2 1 1 2327 3729 3818
7501 2 2 1 1 276 2304 3751
7502 2 2 1 1 1687 3731 3821
7503 2 2 1 1 3718 292 3781
7504 2 2 1 1 3731 1683 3819
7505 2 2 1 1 1715 3244 3752
7506 2 2 1 1 2152 3746 3768
7507 2 2 1 1 1680 1679 3753
7508 2 2 1 1 3275 2337 3766
7509 2 2 1 1 3750 109 3759
7510 2 2 1 1 3756 3535 3823
7511 2 2 1 1 253 2276 3761
7512 2 2 1 1 2161 2163 3754
7513 2 2 1 1 2642 279 3755
7514 2 2 1 1 1959 2031 3755
7515 2 2 1 1 277 2306 3756
7516 2 2 1 1 323 2376 3757
7517 2 2 1 1 200 3726 3745
7518 2 2 1 1 328 3072 3758
7519 2 2 1 1 109 110 3759
7520 2 2 1 1 1679 1551 3760
7521 2 2 1 1 1225 2166 3822
7522 2 2 1 1 2246 1975 3761
7523 2 2 1 1 1562 1678 3762
7524 2 2 1 1 1220 1021 3790
7525 2 2 1 1 1721 1692 3764
7526 2 2 1 1 2189 2196 3801
7527 2 2 1 1 2460 1960 3792
7528 2 2 1 1 121 2185 3781
7529 2 2 1 1 1645 3730 3827
7530 2 2 1 1 3731 2285 3821
7531 2 2 1 1 148 149 3765
7532 2 2 1 1 2103 2102 3766
7533 2 2 1 1 1025 1221 3767
7534 2 2 1 1 2223 85 3784
7535 2 2 1 1 2344 6 3785
7536 2 2 1 1 3730 2351 3827
7537 2 2 1 1 3726 201 3806
7538 2 2 1 1 1021 1023 3790
7539 2 2 1 1 2146 2144 3768
7540 2 2 1 1 2157 3767 3798
7541 2 2 1 1 1752 1553 3769
7542 2 2 1 1 3705 1934 3770
7543 2 2 1 1 2332 2341 3771
7544 2 2 1 1 120 121 3781
7545 2 2 1 1 2087 1961 3772
7546 2 2 1 1 1948 2090 3773
7547 2 2 1 1 2279 2987 3797
7548 2 2 1 1 2988 3711 3799
7549 2 2 1 1 2157 2148 3774
7550 2 2 1 1 3727 1728 3775
7551 2 2 1 1 2987 2988 3797
7552 2 2 1 1 1960 3277 3792
7553 2 2 1 1 2154 2156 3776
7554 2 2 1 1 3711 2336 3799
7555 2 2 1 1 2080 2374 3777
7556 2 2 1 1 3775 2085 3802
7557 2 2 1 1 3722 2193 3779
7558 2 2 1 1 229 230 3778
7559 2 2 1 1 3749 1219 3763
7560 2 2 1 1 278 2347 3779
7561 2 2 1 1 210 211 3780
7562 2 2 1 1 2154 3776 3789
7563 2 2 1 1 2086 2265 3782
7564 2 2 1 1 106 107 3783
7565 2 2 1 1 85 86 3784
7566 2 2 1 1 6 7 3785
7567 2 2 1 1 2124 2223 3784
7568 2 2 1 1 2340 2344 3785
7569 2 2 1 1 111 112 3786
7570 2 2 1 1 92 93 3787
7571 2 2 1 1 231 232 3788
7572 2 2 1 1 2151 2154 3789
7573 2 2 1 1 2082 3756 3823
7574 2 2 1 1 1469 3031 3791
7575 2 2 1 1 2459 2460 3792
7576 2 2 1 1 87 88 3793
7577 2 2 1 1 3746 1220 3768
7578 2 2 1 1 3769 1645 3827
7579 2 2 1 1 8 9 3794
7580 2 2 1 1 3748 1687 3821
7581 2 2 1 1 3798 1221 3803
7582 2 2 1 1 2152 3749 3763
7583 2 2 1 1 205 206 3795
7584 2 2 1 1 2126 3727 3775
7585 2 2 1 1 151 152 3796
7586 2 2 1 1 3213 2279 3797
7587 2 2 1 1 1221 2541 3803
7588 2 2 1 1 2153 2150 3798
7589 2 2 1 1 3535 2333 3823
7590 2 2 1 1 2050 2524 3817
7591 2 2 1 1 3803 2541 3810
7592 2 2 1 1 3750 3759 3802
7593 2 2 1 1 2153 3798 3803
7594 2 2 1 1 2336 2388 3799
7595 2 2 1 1 3505 2049 3800
7596 2 2 1 1 3706 2189 3801
7597 2 2 1 1 2541 1224 3810
7598 2 2 1 1 3751 2327 3818
7599 2 2 1 1 2155 2153 3803
7600 2 2 1 1 1683 3753 3819
7601 2 2 1 1 2147 2149 3804
7602 2 2 1 1 212 213 3805
7603 2 2 1 1 2351 2350 3827
7604 2 2 1 1 3451 2308 3826
7605 2 2 1 1 3810 1224 3814
7606 2 2 1 1 2155 3803 3810
7607 2 2 1 1 2331 3771 3828
7608 2 2 1 1 334 240 3807
7609 2 2 1 1 335 83 3808
7610 2 2 1 1 123 333 3809
7611 2 2 1 1 202 332 3806
7612 2 2 1 1 3774 1220 3790
7613 2 2 1 1 2147 3804 3811
7614 2 2 1 1 1224 2631 3814
7615 2 2 1 1 332 3726 3806
7616 2 2 1 1 2160 2155 3810
7617 2 2 1 1 2145 2147 3811
7618 2 2 1 1 2524 2525 3824
7619 2 2 1 1 3760 1644 3820
7620 2 2 1 1 3814 2631 3822
7621 2 2 1 1 2160 3810 3814
7622 2 2 1 1 2279 2278 3820
7623 2 2 1 1 3764 1691 3826
7624 2 2 1 1 2995 2075 3812
7625 2 2 1 1 2631 1225 3822
7626 2 2 1 1 3752 2082 3823
7627 2 2 1 1 2338 2335 3813
7628 2 2 1 1 2162 2160 3814
7629 2 2 1 1 2120 3208 3815
7630 2 2 1 1 154 155 3816
7631 2 2 1 1 2163 2166 3817
7632 2 2 1 1 3469 2078 3818
7633 2 2 1 1 2162 3814 3822
7634 2 2 1 1 2281 2283 3819
7635 2 2 1 1 2285 2286 3821
7636 2 2 1 1 2166 2162 3822
7637 2 2 1 1 2141 2143 3825
7638 2 2 1 1 3747 2353 3812
7639 2 2 1 1 2286 3748 3821
7640 2 2 1 1 3767 1221 3798
7641 2 2 1 1 2333 3752 3823
7642 2 2 1 1 2085 3750 3802
7643 2 2 1 1 2157 3774 3790
7644 2 2 1 1 1719 3725 3828
7645 2 2 1 1 3754 2163 3824
7646 2 2 1 1 3759 2126 3802
7647 2 2 1 1 2350 3769 3827
7648 2 2 1 1 2078 3751 3818
7649 2 2 1 1 3753 2281 3819
7650 2 2 1 1 2075 3747 3812
7651 2 2 1 1 2308 3764 3826
7652 2 2 1 1 2126 3775 3802
7653 2 2 1 1 2278 3760 3820
7654 2 2 1 1 3771 1719 3828
$EndElements
